Pedido,CodigoProduto,ChaveCliente,Data,Quantidade,PrecoUnitario,ValorLiquido,EhDevolucao
536370,22728,12583,2010-12-01,24,3.75,90.0,0
536370,22727,12583,2010-12-01,24,3.75,90.0,0
536370,22726,12583,2010-12-01,12,3.75,45.0,0
536370,21724,12583,2010-12-01,12,0.85,10.2,0
536370,21883,12583,2010-12-01,24,0.65,15.6,0
536370,10002,12583,2010-12-01,48,0.85,40.8,0
536370,21791,12583,2010-12-01,24,1.25,30.0,0
536370,21035,12583,2010-12-01,18,2.95,53.1,0
536370,22326,12583,2010-12-01,24,2.95,70.8,0
536370,22629,12583,2010-12-01,24,1.95,46.8,0
536370,22659,12583,2010-12-01,24,1.95,46.8,0
536370,22631,12583,2010-12-01,24,1.95,46.8,0
536370,22661,12583,2010-12-01,20,0.85,17.0,0
536370,21731,12583,2010-12-01,24,1.65,39.6,0
536370,22900,12583,2010-12-01,24,2.95,70.8,0
536370,21913,12583,2010-12-01,12,3.75,45.0,0
536370,22540,12583,2010-12-01,24,0.42,10.08,0
536370,22544,12583,2010-12-01,24,0.42,10.08,0
536370,22492,12583,2010-12-01,36,0.65,23.4,0
536370,POST,12583,2010-12-01,3,18.0,54.0,0
536852,22549,12686,2010-12-03,12,1.45,17.4,0
536852,22544,12686,2010-12-03,24,0.42,10.08,0
536852,22539,12686,2010-12-03,24,0.42,10.08,0
536852,22661,12686,2010-12-03,10,0.85,8.5,0
536852,21791,12686,2010-12-03,12,1.25,15.0,0
536852,21786,12686,2010-12-03,24,0.42,10.08,0
536852,POST,12686,2010-12-03,1,18.0,18.0,0
536974,15056BL,12682,2010-12-03,9,5.95,53.55,0
536974,15056P,12682,2010-12-03,3,5.95,17.85,0
536974,20679,12682,2010-12-03,6,5.95,35.7,0
536974,21915,12682,2010-12-03,12,1.25,15.0,0
536974,22659,12682,2010-12-03,12,1.95,23.4,0
536974,22352,12682,2010-12-03,12,2.55,30.6,0
536974,22892,12682,2010-12-03,12,1.25,15.0,0
536974,22027,12682,2010-12-03,12,0.42,5.04,0
536974,20749,12682,2010-12-03,2,7.95,15.9,0
536974,20750,12682,2010-12-03,2,7.95,15.9,0
536974,21700,12682,2010-12-03,12,0.85,10.2,0
536974,22748,12682,2010-12-03,6,2.1,12.6,0
536974,22080,12682,2010-12-03,10,1.65,16.5,0
536974,20725,12682,2010-12-03,10,1.65,16.5,0
536974,20726,12682,2010-12-03,10,1.65,16.5,0
536974,POST,12682,2010-12-03,2,18.0,36.0,0
537065,22837,12567,2010-12-05,8,4.65,37.2,0
537065,22846,12567,2010-12-05,1,16.95,16.95,0
537065,22892,12567,2010-12-05,12,1.25,15.0,0
537065,22968,12567,2010-12-05,8,8.5,68.0,0
537065,84678,12567,2010-12-05,6,2.55,15.3,0
537065,20665,12567,2010-12-05,6,2.95,17.7,0
537065,21786,12567,2010-12-05,24,0.42,10.08,0
537065,21787,12567,2010-12-05,24,0.85,20.4,0
537065,20750,12567,2010-12-05,6,7.95,47.7,0
537065,20749,12567,2010-12-05,2,7.95,15.9,0
537065,21774,12567,2010-12-05,12,1.25,15.0,0
537065,21121,12567,2010-12-05,24,1.25,30.0,0
537065,21439,12567,2010-12-05,12,1.25,15.0,0
537065,47566,12567,2010-12-05,5,4.65,23.25,0
537065,22727,12567,2010-12-05,4,3.75,15.0,0
537065,22726,12567,2010-12-05,4,3.75,15.0,0
537065,22728,12567,2010-12-05,4,3.75,15.0,0
537065,22729,12567,2010-12-05,4,3.75,15.0,0
537065,22243,12567,2010-12-05,12,1.65,19.8,0
537065,22467,12567,2010-12-05,6,2.55,15.3,0
537065,22318,12567,2010-12-05,6,2.95,17.7,0
537065,21195,12567,2010-12-05,6,2.1,12.6,0
537065,20725,12567,2010-12-05,10,1.65,16.5,0
537065,20726,12567,2010-12-05,20,1.65,33.0,0
537065,20728,12567,2010-12-05,10,1.65,16.5,0
537065,21559,12567,2010-12-05,6,2.55,15.3,0
537065,22326,12567,2010-12-05,6,2.95,17.7,0
537065,22352,12567,2010-12-05,6,2.55,15.3,0
537065,21555,12567,2010-12-05,6,2.55,15.3,0
537065,21533,12567,2010-12-05,3,4.95,14.85,0
537065,21539,12567,2010-12-05,3,4.95,14.85,0
537065,22423,12567,2010-12-05,2,12.75,25.5,0
537065,84997A,12567,2010-12-05,6,3.75,22.5,0
537065,84997B,12567,2010-12-05,6,3.75,22.5,0
537065,84997C,12567,2010-12-05,6,3.75,22.5,0
537065,84279P,12567,2010-12-05,4,3.75,15.0,0
537065,22634,12567,2010-12-05,2,9.95,19.9,0
537065,22635,12567,2010-12-05,2,9.95,19.9,0
537065,22636,12567,2010-12-05,2,8.5,17.0,0
537065,22180,12567,2010-12-05,4,9.95,39.8,0
537065,21980,12567,2010-12-05,24,0.29,6.96,0
537065,21981,12567,2010-12-05,24,0.29,6.96,0
537065,21982,12567,2010-12-05,24,0.29,6.96,0
537065,22614,12567,2010-12-05,24,0.29,6.96,0
537065,22615,12567,2010-12-05,24,0.29,6.96,0
537065,84870B,12567,2010-12-05,4,3.75,15.0,0
537065,84870C,12567,2010-12-05,4,3.75,15.0,0
537065,22554,12567,2010-12-05,12,1.65,19.8,0
537065,22551,12567,2010-12-05,12,1.65,19.8,0
537065,16238,12567,2010-12-05,28,0.21,5.88,0
537065,85227,12567,2010-12-05,12,0.85,10.2,0
537065,22632,12567,2010-12-05,12,2.1,25.2,0
537065,21829,12567,2010-12-05,36,0.21,7.56,0
537065,21556,12567,2010-12-05,6,2.55,15.3,0
537065,22644,12567,2010-12-05,12,1.45,17.4,0
537065,22390,12567,2010-12-05,6,2.55,15.3,0
537065,22483,12567,2010-12-05,6,2.95,17.7,0
537065,21054,12567,2010-12-05,6,8.95,53.7,0
537065,21055,12567,2010-12-05,6,8.95,53.7,0
537065,21892,12567,2010-12-05,12,1.25,15.0,0
537065,22619,12567,2010-12-05,4,3.75,15.0,0
537065,84963A,12567,2010-12-05,4,42.95,171.8,0
537065,POST,12567,2010-12-05,9,18.0,162.0,0
537463,22961,12681,2010-12-07,12,1.45,17.4,0
537463,21224,12681,2010-12-07,10,1.25,12.5,0
537463,22326,12681,2010-12-07,18,2.95,53.1,0
537463,21124,12681,2010-12-07,24,1.25,30.0,0
537463,21121,12681,2010-12-07,24,1.25,30.0,0
537463,21137,12681,2010-12-07,4,3.75,15.0,0
537463,22041,12681,2010-12-07,6,2.55,15.3,0
537463,22037,12681,2010-12-07,12,0.42,5.04,0
537463,22027,12681,2010-12-07,12,0.42,5.04,0
537463,21506,12681,2010-12-07,12,0.42,5.04,0
537463,21064,12681,2010-12-07,4,5.95,23.8,0
537463,21238,12681,2010-12-07,16,0.85,13.6,0
537463,22191,12681,2010-12-07,2,8.5,17.0,0
537463,22352,12681,2010-12-07,6,2.55,15.3,0
537463,21559,12681,2010-12-07,6,2.55,15.3,0
537463,22181,12681,2010-12-07,12,0.85,10.2,0
537463,21700,12681,2010-12-07,12,0.85,10.2,0
537463,20719,12681,2010-12-07,10,0.85,8.5,0
537463,21680,12681,2010-12-07,12,0.85,10.2,0
537463,22554,12681,2010-12-07,12,1.65,19.8,0
537463,21212,12681,2010-12-07,24,0.55,13.2,0
537463,22312,12681,2010-12-07,24,2.95,70.8,0
537463,22313,12681,2010-12-07,18,2.95,53.1,0
537463,22301,12681,2010-12-07,18,2.55,45.9,0
537463,22300,12681,2010-12-07,12,2.55,30.6,0
537463,22894,12681,2010-12-07,4,8.5,34.0,0
537463,22365,12681,2010-12-07,2,7.95,15.9,0
537463,20682,12681,2010-12-07,6,3.25,19.5,0
537463,20681,12681,2010-12-07,6,3.25,19.5,0
537463,84692,12681,2010-12-07,25,0.42,10.5,0
537463,22467,12681,2010-12-07,36,2.1,75.6,0
537463,22413,12681,2010-12-07,6,2.95,17.7,0
537463,22892,12681,2010-12-07,12,1.25,15.0,0
537463,22908,12681,2010-12-07,12,0.85,10.2,0
537463,22348,12681,2010-12-07,36,0.85,30.6,0
537463,21719,12681,2010-12-07,12,0.85,10.2,0
537463,21721,12681,2010-12-07,12,0.85,10.2,0
537463,21544,12681,2010-12-07,12,0.85,10.2,0
537463,22895,12681,2010-12-07,6,2.95,17.7,0
537463,21731,12681,2010-12-07,72,1.65,118.8,0
537463,POST,12681,2010-12-07,4,18.0,72.0,0
537468,22114,12567,2010-12-07,4,3.95,15.8,0
537468,21485,12567,2010-12-07,6,4.95,29.7,0
537468,22837,12567,2010-12-07,4,4.65,18.6,0
537468,22113,12567,2010-12-07,4,3.75,15.0,0
537468,22111,12567,2010-12-07,3,4.95,14.85,0
537468,22110,12567,2010-12-07,12,2.55,30.6,0
537468,22558,12567,2010-12-07,12,1.49,17.88,0
537468,22749,12567,2010-12-07,4,3.75,15.0,0
537468,22750,12567,2010-12-07,4,3.75,15.0,0
537468,22272,12567,2010-12-07,6,2.95,17.7,0
537468,20725,12567,2010-12-07,10,1.65,16.5,0
537468,22383,12567,2010-12-07,10,1.65,16.5,0
537468,22382,12567,2010-12-07,10,1.65,16.5,0
537468,22418,12567,2010-12-07,24,0.85,20.4,0
537468,22745,12567,2010-12-07,6,2.1,12.6,0
537468,22748,12567,2010-12-07,6,2.1,12.6,0
537468,22747,12567,2010-12-07,6,2.1,12.6,0
537468,22531,12567,2010-12-07,24,0.42,10.08,0
537468,POST,12567,2010-12-07,3,18.0,54.0,0
537468,22654,12567,2010-12-07,9,5.95,53.55,0
537693,22710,12441,2010-12-08,25,0.42,10.5,0
537693,22052,12441,2010-12-08,25,0.42,10.5,0
537693,22051,12441,2010-12-08,25,0.42,10.5,0
537693,22910,12441,2010-12-08,6,2.95,17.7,0
537693,22086,12441,2010-12-08,6,2.95,17.7,0
537693,22742,12441,2010-12-08,6,2.95,17.7,0
537693,22744,12441,2010-12-08,6,2.95,17.7,0
537693,37495,12441,2010-12-08,4,3.75,15.0,0
537693,47566B,12441,2010-12-08,5,4.65,23.25,0
537693,85049A,12441,2010-12-08,12,1.25,15.0,0
537693,POST,12441,2010-12-08,1,18.0,18.0,0
C537893,22450,12721,2010-12-09,-1,3.35,-3.35,1
C537893,22634,12721,2010-12-09,-2,9.95,-19.9,1
C537893,22630,12721,2010-12-09,-2,1.95,-3.9,1
537897,POST,12683,2010-12-09,1,18.0,18.0,0
537897,22601,12683,2010-12-09,12,0.85,10.2,0
537897,22661,12683,2010-12-09,20,0.85,17.0,0
537897,22255,12683,2010-12-09,12,0.85,10.2,0
537897,21731,12683,2010-12-09,12,1.65,19.8,0
537897,22752,12683,2010-12-09,2,8.5,17.0,0
537897,84029E,12683,2010-12-09,4,3.75,15.0,0
537897,21481,12683,2010-12-09,6,2.95,17.7,0
537897,22454,12683,2010-12-09,6,2.95,17.7,0
537897,22558,12683,2010-12-09,12,1.49,17.88,0
537897,22974,12683,2010-12-09,12,1.65,19.8,0
537897,20685,12683,2010-12-09,2,7.95,15.9,0
537897,22495,12683,2010-12-09,6,2.95,17.7,0
537967,21843,12494,2010-12-09,2,10.95,21.9,0
537967,22667,12494,2010-12-09,6,2.95,17.7,0
537967,POST,12494,2010-12-09,1,18.0,18.0,0
538008,22331,12683,2010-12-09,16,1.65,26.4,0
538008,22907,12683,2010-12-09,24,0.85,20.4,0
538008,22908,12683,2010-12-09,24,0.85,20.4,0
538008,22909,12683,2010-12-09,12,0.85,10.2,0
538008,20972,12683,2010-12-09,12,1.25,15.0,0
538008,22938,12683,2010-12-09,12,1.95,23.4,0
538008,47599A,12683,2010-12-09,12,2.1,25.2,0
538008,47599B,12683,2010-12-09,12,2.1,25.2,0
538008,22704,12683,2010-12-09,25,0.42,10.5,0
538008,22894,12683,2010-12-09,2,8.5,17.0,0
538008,22895,12683,2010-12-09,6,2.95,17.7,0
538008,22897,12683,2010-12-09,10,1.45,14.5,0
538008,22898,12683,2010-12-09,8,1.95,15.6,0
538008,22705,12683,2010-12-09,25,0.42,10.5,0
538008,22636,12683,2010-12-09,4,8.5,34.0,0
538008,22630,12683,2010-12-09,12,1.95,23.4,0
538008,22899,12683,2010-12-09,12,2.1,25.2,0
538008,22333,12683,2010-12-09,16,1.65,26.4,0
538008,84997D,12683,2010-12-09,6,3.75,22.5,0
538008,22352,12683,2010-12-09,6,2.55,15.3,0
538008,21559,12683,2010-12-09,6,2.55,15.3,0
538008,22859,12683,2010-12-09,6,1.65,9.9,0
538008,22951,12683,2010-12-09,24,0.55,13.2,0
538008,84992,12683,2010-12-09,24,0.55,13.2,0
538008,21086,12683,2010-12-09,12,0.65,7.8,0
538008,21094,12683,2010-12-09,12,0.85,10.2,0
538008,21154,12683,2010-12-09,10,1.25,12.5,0
538008,21843,12683,2010-12-09,2,10.95,21.9,0
538008,22435,12683,2010-12-09,12,1.25,15.0,0
538008,22437,12683,2010-12-09,20,0.85,17.0,0
538008,22972,12683,2010-12-09,12,1.65,19.8,0
538008,22973,12683,2010-12-09,12,1.65,19.8,0
538008,22974,12683,2010-12-09,12,1.65,19.8,0
538008,22975,12683,2010-12-09,12,1.25,15.0,0
538008,22976,12683,2010-12-09,12,1.25,15.0,0
538008,22977,12683,2010-12-09,12,1.25,15.0,0
538008,21121,12683,2010-12-09,24,1.25,30.0,0
538008,21123,12683,2010-12-09,24,1.25,30.0,0
538008,21124,12683,2010-12-09,24,1.25,30.0,0
538008,21122,12683,2010-12-09,24,1.25,30.0,0
538008,POST,12683,2010-12-09,5,18.0,90.0,0
538093,22736,12682,2010-12-09,10,1.65,16.5,0
538093,22738,12682,2010-12-09,10,1.65,16.5,0
538093,20679,12682,2010-12-09,12,5.95,71.4,0
538093,15056BL,12682,2010-12-09,12,5.95,71.4,0
538093,22077,12682,2010-12-09,12,1.65,19.8,0
538093,21731,12682,2010-12-09,12,1.65,19.8,0
538093,21791,12682,2010-12-09,12,1.25,15.0,0
538093,22620,12682,2010-12-09,12,1.25,15.0,0
538093,22551,12682,2010-12-09,12,1.65,19.8,0
538093,22556,12682,2010-12-09,12,1.65,19.8,0
538093,22386,12682,2010-12-09,10,1.95,19.5,0
538093,22385,12682,2010-12-09,10,1.95,19.5,0
538093,20725,12682,2010-12-09,10,1.65,16.5,0
538093,20726,12682,2010-12-09,10,1.65,16.5,0
538093,22383,12682,2010-12-09,10,1.65,16.5,0
538093,22382,12682,2010-12-09,10,1.65,16.5,0
538093,21559,12682,2010-12-09,12,2.55,30.6,0
538093,21558,12682,2010-12-09,6,2.55,15.3,0
538093,22961,12682,2010-12-09,12,1.45,17.4,0
538093,21452,12682,2010-12-09,6,2.95,17.7,0
538093,85232D,12682,2010-12-09,3,4.95,14.85,0
538093,20749,12682,2010-12-09,2,7.95,15.9,0
538093,20750,12682,2010-12-09,4,7.95,31.8,0
538093,22554,12682,2010-12-09,12,1.65,19.8,0
538093,21700,12682,2010-12-09,12,0.85,10.2,0
538093,22197,12682,2010-12-09,12,0.85,10.2,0
538093,22319,12682,2010-12-09,12,0.65,7.8,0
538093,22321,12682,2010-12-09,12,0.85,10.2,0
538093,22909,12682,2010-12-09,12,0.85,10.2,0
538093,22948,12682,2010-12-09,24,0.85,20.4,0
538093,10002,12682,2010-12-09,12,0.85,10.2,0
538093,22082,12682,2010-12-09,10,1.65,16.5,0
538093,POST,12682,2010-12-09,5,18.0,90.0,0
538196,POST,12731,2010-12-10,8,18.0,144.0,0
538196,84879,12731,2010-12-10,120,1.69,202.8,0
538196,10002,12731,2010-12-10,36,0.85,30.6,0
538196,20725,12731,2010-12-10,10,1.65,16.5,0
538196,22549,12731,2010-12-10,24,1.45,34.8,0
538196,21889,12731,2010-12-10,24,1.25,30.0,0
538196,22560,12731,2010-12-10,24,1.25,30.0,0
538196,21915,12731,2010-12-10,24,1.25,30.0,0
538196,21914,12731,2010-12-10,24,1.25,30.0,0
538196,22558,12731,2010-12-10,24,1.49,35.76,0
538196,21527,12731,2010-12-10,12,6.95,83.4,0
538196,21533,12731,2010-12-10,12,4.25,51.0,0
538196,21507,12731,2010-12-10,12,0.42,5.04,0
538196,20682,12731,2010-12-10,24,3.25,78.0,0
538196,48138,12731,2010-12-10,20,6.75,135.0,0
538196,20685,12731,2010-12-10,20,6.75,135.0,0
539050,21069,12577,2010-12-15,1,1.25,1.25,0
539050,21328,12577,2010-12-15,1,1.65,1.65,0
539050,22631,12577,2010-12-15,1,1.95,1.95,0
539050,20751,12577,2010-12-15,1,2.1,2.1,0
539050,84826,12577,2010-12-15,2,0.85,1.7,0
539050,21161,12577,2010-12-15,1,1.45,1.45,0
539050,21027,12577,2010-12-15,1,1.25,1.25,0
539050,21026,12577,2010-12-15,1,1.25,1.25,0
539050,22435,12577,2010-12-15,2,1.25,2.5,0
539050,20983,12577,2010-12-15,1,0.85,0.85,0
539050,22696,12577,2010-12-15,1,1.95,1.95,0
539050,22469,12577,2010-12-15,2,1.65,3.3,0
539050,84744,12577,2010-12-15,1,1.25,1.25,0
539050,21030,12577,2010-12-15,1,1.25,1.25,0
539050,85116,12577,2010-12-15,3,2.1,6.3,0
539050,21901,12577,2010-12-15,1,0.65,0.65,0
539050,21900,12577,2010-12-15,1,0.65,0.65,0
539050,21294,12577,2010-12-15,4,1.25,5.0,0
539050,22076,12577,2010-12-15,1,1.65,1.65,0
539050,85049E,12577,2010-12-15,1,1.25,1.25,0
539050,85049H,12577,2010-12-15,1,1.25,1.25,0
539050,22945,12577,2010-12-15,6,0.85,5.1,0
539050,22638,12577,2010-12-15,1,2.55,2.55,0
539050,22604,12577,2010-12-15,1,2.55,2.55,0
539050,21986,12577,2010-12-15,1,0.29,0.29,0
539050,21980,12577,2010-12-15,1,0.29,0.29,0
539050,21985,12577,2010-12-15,1,0.29,0.29,0
539050,21981,12577,2010-12-15,1,0.29,0.29,0
539050,21982,12577,2010-12-15,2,0.29,0.58,0
539050,22759,12577,2010-12-15,2,1.65,3.3,0
539050,22151,12577,2010-12-15,10,0.42,4.2,0
539050,84378,12577,2010-12-15,1,1.25,1.25,0
539050,22739,12577,2010-12-15,1,1.65,1.65,0
539050,22079,12577,2010-12-15,1,1.65,1.65,0
539050,22078,12577,2010-12-15,1,2.1,2.1,0
539050,22082,12577,2010-12-15,1,1.65,1.65,0
539050,20961,12577,2010-12-15,1,1.25,1.25,0
539050,20966,12577,2010-12-15,1,1.25,1.25,0
539050,22909,12577,2010-12-15,1,0.85,0.85,0
539050,22910,12577,2010-12-15,1,2.95,2.95,0
539050,22399,12577,2010-12-15,1,1.25,1.25,0
539050,22413,12577,2010-12-15,1,2.95,2.95,0
539050,22403,12577,2010-12-15,1,1.25,1.25,0
539050,22402,12577,2010-12-15,1,1.25,1.25,0
539050,21012,12577,2010-12-15,2,2.1,4.2,0
539050,22720,12577,2010-12-15,1,4.95,4.95,0
539050,22374,12577,2010-12-15,1,4.25,4.25,0
539050,22375,12577,2010-12-15,1,4.25,4.25,0
539050,21578,12577,2010-12-15,1,2.25,2.25,0
539050,21576,12577,2010-12-15,2,2.25,4.5,0
539050,22094,12577,2010-12-15,1,1.25,1.25,0
539050,47594A,12577,2010-12-15,1,1.95,1.95,0
539050,47594B,12577,2010-12-15,1,1.95,1.95,0
539050,22482,12577,2010-12-15,2,1.25,2.5,0
539050,22480,12577,2010-12-15,2,1.25,2.5,0
539050,22093,12577,2010-12-15,1,1.25,1.25,0
539050,22801,12577,2010-12-15,1,3.75,3.75,0
539050,22174,12577,2010-12-15,6,1.65,9.9,0
539050,84947,12577,2010-12-15,12,1.25,15.0,0
539050,84836,12577,2010-12-15,12,1.25,15.0,0
539050,21326,12577,2010-12-15,12,0.65,7.8,0
539050,20967,12577,2010-12-15,1,3.75,3.75,0
539050,22749,12577,2010-12-15,1,3.75,3.75,0
539050,22940,12577,2010-12-15,1,4.25,4.25,0
539050,20972,12577,2010-12-15,1,1.25,1.25,0
539050,22785,12577,2010-12-15,2,6.75,13.5,0
539050,21034,12577,2010-12-15,1,0.95,0.95,0
C539104,22662,12494,2010-12-16,-3,1.65,-4.95,1
539113,22662,12494,2010-12-16,3,1.65,4.95,0
C539114,22667,12494,2010-12-16,-3,2.95,-8.85,1
539407,22264,12726,2010-12-17,192,0.19,36.48,0
539407,22492,12726,2010-12-17,72,0.65,46.8,0
539407,22255,12726,2010-12-17,48,0.85,40.8,0
539407,21914,12726,2010-12-17,12,1.25,15.0,0
539407,22333,12726,2010-12-17,8,1.65,13.2,0
539407,POST,12726,2010-12-17,1,18.0,18.0,0
539435,21731,12691,2010-12-17,36,1.65,59.4,0
539435,22326,12691,2010-12-17,12,2.95,35.4,0
539435,20750,12691,2010-12-17,4,7.95,31.8,0
539435,21452,12691,2010-12-17,12,2.95,35.4,0
539435,POST,12691,2010-12-17,1,18.0,18.0,0
539551,21731,12721,2010-12-20,12,1.65,19.8,0
539551,22466,12721,2010-12-20,24,1.95,46.8,0
539551,84051,12721,2010-12-20,10,0.85,8.5,0
539551,84050,12721,2010-12-20,12,1.65,19.8,0
539551,21355,12721,2010-12-20,12,1.25,15.0,0
539551,20726,12721,2010-12-20,10,1.65,16.5,0
539551,22331,12721,2010-12-20,8,1.65,13.2,0
539551,22333,12721,2010-12-20,8,1.65,13.2,0
539551,20682,12721,2010-12-20,6,3.25,19.5,0
539551,20681,12721,2010-12-20,6,3.25,19.5,0
539551,15056N,12721,2010-12-20,3,5.95,17.85,0
539551,15056P,12721,2010-12-20,3,5.95,17.85,0
539551,85135C,12721,2010-12-20,2,7.95,15.9,0
539551,22834,12721,2010-12-20,12,2.1,25.2,0
539551,POST,12721,2010-12-20,1,18.0,18.0,0
539607,84997D,12681,2010-12-20,6,3.75,22.5,0
539607,22895,12681,2010-12-20,6,2.95,17.7,0
539607,21731,12681,2010-12-20,24,1.65,39.6,0
539607,22976,12681,2010-12-20,12,1.25,15.0,0
539607,22966,12681,2010-12-20,12,1.25,15.0,0
539607,22970,12681,2010-12-20,18,2.55,45.9,0
539607,22973,12681,2010-12-20,24,1.65,39.6,0
539607,21065,12681,2010-12-20,4,5.95,23.8,0
539607,22504,12681,2010-12-20,3,12.75,38.25,0
539607,21224,12681,2010-12-20,10,1.25,12.5,0
539607,22356,12681,2010-12-20,10,0.85,8.5,0
539607,21137,12681,2010-12-20,4,3.75,15.0,0
539607,22041,12681,2010-12-20,6,2.55,15.3,0
539607,22029,12681,2010-12-20,12,0.42,5.04,0
539607,21506,12681,2010-12-20,12,0.42,5.04,0
539607,22961,12681,2010-12-20,12,1.45,17.4,0
539607,21240,12681,2010-12-20,8,0.85,6.8,0
539607,21086,12681,2010-12-20,12,0.65,7.8,0
539607,21987,12681,2010-12-20,12,0.65,7.8,0
539607,48138,12681,2010-12-20,2,7.95,15.9,0
539607,22555,12681,2010-12-20,12,1.65,19.8,0
539607,22556,12681,2010-12-20,24,1.65,39.6,0
539607,22554,12681,2010-12-20,24,1.65,39.6,0
539607,82600,12681,2010-12-20,12,2.1,25.2,0
539607,22413,12681,2010-12-20,6,2.95,17.7,0
539607,22197,12681,2010-12-20,24,0.85,20.4,0
539607,22198,12681,2010-12-20,12,1.65,19.8,0
539607,20617,12681,2010-12-20,6,2.1,12.6,0
539607,21864,12681,2010-12-20,6,2.1,12.6,0
539607,21865,12681,2010-12-20,6,2.1,12.6,0
539607,22892,12681,2010-12-20,12,1.25,15.0,0
539607,21883,12681,2010-12-20,24,0.19,4.56,0
539607,22652,12681,2010-12-20,30,1.65,49.5,0
539607,21080,12681,2010-12-20,24,0.85,20.4,0
539607,22352,12681,2010-12-20,6,2.55,15.3,0
539607,21559,12681,2010-12-20,6,2.55,15.3,0
539607,21700,12681,2010-12-20,24,0.85,20.4,0
539607,22181,12681,2010-12-20,12,0.85,10.2,0
539607,20750,12681,2010-12-20,4,7.95,31.8,0
539607,21213,12681,2010-12-20,24,0.55,13.2,0
539607,21976,12681,2010-12-20,24,0.55,13.2,0
539607,22314,12681,2010-12-20,6,2.95,17.7,0
539607,22312,12681,2010-12-20,12,2.95,35.4,0
539607,22302,12681,2010-12-20,24,2.55,61.2,0
539607,22303,12681,2010-12-20,24,2.55,61.2,0
539607,22365,12681,2010-12-20,2,7.95,15.9,0
539607,POST,12681,2010-12-20,5,18.0,90.0,0
539688,C2,12678,2010-12-21,1,150.0,150.0,0
539727,22933,12678,2010-12-21,6,2.95,17.7,0
539727,22934,12678,2010-12-21,6,2.95,17.7,0
539727,22558,12678,2010-12-21,12,1.49,17.88,0
539727,POST,12678,2010-12-21,1,18.0,18.0,0
539829,82613D,12734,2010-12-22,20,0.42,8.4,0
539829,82613B,12734,2010-12-22,20,0.42,8.4,0
539829,22223,12734,2010-12-22,24,1.95,46.8,0
539829,22222,12734,2010-12-22,24,1.95,46.8,0
C540151,21843,12494,2011-01-05,-1,10.95,-10.95,1
C540156,21843,12683,2011-01-05,-1,10.95,-10.95,1
540178,22966,12681,2011-01-05,12,1.25,15.0,0
540178,21881,12681,2011-01-05,24,0.19,4.56,0
540178,22504,12681,2011-01-05,3,12.75,38.25,0
540178,20973,12681,2011-01-05,24,0.65,15.6,0
540178,20975,12681,2011-01-05,24,0.65,15.6,0
540178,22895,12681,2011-01-05,6,2.95,17.7,0
540178,22348,12681,2011-01-05,24,0.85,20.4,0
540178,21989,12681,2011-01-05,12,0.85,10.2,0
540178,22892,12681,2011-01-05,12,1.25,15.0,0
540178,22467,12681,2011-01-05,6,2.55,15.3,0
540178,21708,12681,2011-01-05,4,4.95,19.8,0
540178,20682,12681,2011-01-05,6,3.25,19.5,0
540178,20686,12681,2011-01-05,6,3.25,19.5,0
540178,21706,12681,2011-01-05,4,4.95,19.8,0
540178,22554,12681,2011-01-05,12,1.65,19.8,0
540178,22556,12681,2011-01-05,12,1.65,19.8,0
540178,22894,12681,2011-01-05,2,8.5,17.0,0
540178,22365,12681,2011-01-05,2,7.95,15.9,0
540178,22313,12681,2011-01-05,6,2.95,17.7,0
540178,22314,12681,2011-01-05,6,2.95,17.7,0
540178,21212,12681,2011-01-05,24,0.55,13.2,0
540178,22352,12681,2011-01-05,6,2.55,15.3,0
540178,21086,12681,2011-01-05,12,0.65,7.8,0
540178,21238,12681,2011-01-05,8,0.85,6.8,0
540178,21064,12681,2011-01-05,2,5.95,11.9,0
540178,22961,12681,2011-01-05,12,1.45,17.4,0
540178,21786,12681,2011-01-05,24,0.42,10.08,0
540178,22027,12681,2011-01-05,12,0.42,5.04,0
540178,22037,12681,2011-01-05,12,0.42,5.04,0
540178,21224,12681,2011-01-05,10,1.25,12.5,0
540178,22904,12681,2011-01-05,6,2.95,17.7,0
540178,21544,12681,2011-01-05,12,0.85,10.2,0
540178,22620,12681,2011-01-05,12,1.25,15.0,0
540178,POST,12681,2011-01-05,3,18.0,54.0,0
540239,21977,12682,2011-01-05,24,0.55,13.2,0
540239,21976,12682,2011-01-05,24,0.55,13.2,0
540239,15056BL,12682,2011-01-05,9,5.95,53.55,0
540239,22451,12682,2011-01-05,6,3.35,20.1,0
540239,20866,12682,2011-01-05,12,1.25,15.0,0
540239,22331,12682,2011-01-05,8,1.65,13.2,0
540239,22895,12682,2011-01-05,6,2.95,17.7,0
540239,84279P,12682,2011-01-05,4,3.75,15.0,0
540239,22859,12682,2011-01-05,12,1.65,19.8,0
540239,22558,12682,2011-01-05,12,1.49,17.88,0
540239,22904,12682,2011-01-05,6,2.95,17.7,0
540239,22435,12682,2011-01-05,12,1.25,15.0,0
540239,21791,12682,2011-01-05,12,1.25,15.0,0
540239,22302,12682,2011-01-05,6,2.55,15.3,0
540239,10002,12682,2011-01-05,12,0.85,10.2,0
540239,22352,12682,2011-01-05,6,2.55,15.3,0
540239,21559,12682,2011-01-05,6,2.55,15.3,0
540239,22915,12682,2011-01-05,12,0.42,5.04,0
540239,22976,12682,2011-01-05,12,1.25,15.0,0
540239,22966,12682,2011-01-05,12,1.25,15.0,0
540239,22891,12682,2011-01-05,6,4.25,25.5,0
540239,22962,12682,2011-01-05,12,0.85,10.2,0
540239,20749,12682,2011-01-05,6,7.95,47.7,0
540239,20750,12682,2011-01-05,4,7.95,31.8,0
540239,22961,12682,2011-01-05,12,1.45,17.4,0
540239,22064,12682,2011-01-05,12,1.65,19.8,0
540239,22551,12682,2011-01-05,12,1.65,19.8,0
540239,22554,12682,2011-01-05,12,1.65,19.8,0
540239,22556,12682,2011-01-05,12,1.65,19.8,0
540239,22326,12682,2011-01-05,6,2.95,17.7,0
540239,22328,12682,2011-01-05,6,2.95,17.7,0
540239,22423,12682,2011-01-05,3,12.75,38.25,0
540239,15056N,12682,2011-01-05,3,5.95,17.85,0
540239,15056P,12682,2011-01-05,3,5.95,17.85,0
540239,20679,12682,2011-01-05,9,5.95,53.55,0
540239,21915,12682,2011-01-05,12,1.25,15.0,0
540239,22027,12682,2011-01-05,12,0.42,5.04,0
540239,22090,12682,2011-01-05,6,2.95,17.7,0
540239,22333,12682,2011-01-05,8,1.65,13.2,0
540239,POST,12682,2011-01-05,4,18.0,72.0,0
540351,22645,12735,2011-01-06,12,1.45,17.4,0
540351,22644,12735,2011-01-06,12,1.45,17.4,0
540351,22650,12735,2011-01-06,12,1.45,17.4,0
540351,85032A,12735,2011-01-06,6,2.1,12.6,0
540351,22209,12735,2011-01-06,12,1.65,19.8,0
540351,10125,12735,2011-01-06,20,0.42,8.4,0
540351,22557,12735,2011-01-06,12,1.65,19.8,0
540351,22551,12735,2011-01-06,12,1.65,19.8,0
540351,21980,12735,2011-01-06,24,0.29,6.96,0
540351,20725,12735,2011-01-06,10,1.65,16.5,0
540351,21212,12735,2011-01-06,24,0.55,13.2,0
540351,21975,12735,2011-01-06,24,0.55,13.2,0
540351,22951,12735,2011-01-06,24,0.55,13.2,0
540351,22606,12735,2011-01-06,1,15.95,15.95,0
540351,22605,12735,2011-01-06,1,14.95,14.95,0
540351,21918,12735,2011-01-06,24,0.42,10.08,0
540351,21917,12735,2011-01-06,24,0.42,10.08,0
540351,21055,12735,2011-01-06,1,8.95,8.95,0
540351,21054,12735,2011-01-06,1,8.95,8.95,0
540351,21056,12735,2011-01-06,1,8.95,8.95,0
540351,22637,12735,2011-01-06,4,2.55,10.2,0
540351,POST,12735,2011-01-06,2,18.0,36.0,0
540365,22748,12413,2011-01-06,6,2.1,12.6,0
540365,21055,12413,2011-01-06,3,8.95,26.85,0
540365,21328,12413,2011-01-06,12,1.65,19.8,0
540365,22418,12413,2011-01-06,24,0.85,20.4,0
540365,21883,12413,2011-01-06,12,0.65,7.8,0
540365,22138,12413,2011-01-06,6,4.95,29.7,0
540365,22617,12413,2011-01-06,6,4.95,29.7,0
540365,22326,12413,2011-01-06,6,2.95,17.7,0
540365,21094,12413,2011-01-06,12,0.85,10.2,0
540365,21086,12413,2011-01-06,12,0.65,7.8,0
540365,21080,12413,2011-01-06,12,0.85,10.2,0
540365,21936,12413,2011-01-06,5,2.95,14.75,0
540365,22634,12413,2011-01-06,2,9.95,19.9,0
540365,22273,12413,2011-01-06,6,2.95,17.7,0
540365,22750,12413,2011-01-06,4,3.75,15.0,0
540365,20679,12413,2011-01-06,3,5.95,17.85,0
540365,85014A,12413,2011-01-06,3,5.95,17.85,0
540365,20750,12413,2011-01-06,6,7.95,47.7,0
540365,85099B,12413,2011-01-06,10,1.95,19.5,0
540365,21039,12413,2011-01-06,6,2.55,15.3,0
540365,22356,12413,2011-01-06,10,0.85,8.5,0
540365,20724,12413,2011-01-06,10,0.85,8.5,0
540365,22504,12413,2011-01-06,1,29.95,29.95,0
540365,POST,12413,2011-01-06,3,18.0,54.0,0
C540367,POST,12413,2011-01-06,-3,18.0,-54.0,1
540455,21086,12583,2011-01-07,12,0.65,7.8,0
540455,21080,12583,2011-01-07,12,0.85,10.2,0
540455,22726,12583,2011-01-07,16,3.75,60.0,0
540455,22727,12583,2011-01-07,12,3.75,45.0,0
540455,22728,12583,2011-01-07,12,3.75,45.0,0
540455,22729,12583,2011-01-07,12,3.75,45.0,0
540455,21121,12583,2011-01-07,24,1.25,30.0,0
540455,22326,12583,2011-01-07,18,2.95,53.1,0
540455,20750,12583,2011-01-07,4,7.95,31.8,0
540455,22551,12583,2011-01-07,24,1.65,39.6,0
540455,22556,12583,2011-01-07,24,1.65,39.6,0
540455,22555,12583,2011-01-07,24,1.65,39.6,0
540455,21731,12583,2011-01-07,12,1.65,19.8,0
540455,22390,12583,2011-01-07,60,0.85,51.0,0
540455,22333,12583,2011-01-07,16,1.65,26.4,0
540455,22331,12583,2011-01-07,16,1.65,26.4,0
540455,20719,12583,2011-01-07,20,0.85,17.0,0
540455,21883,12583,2011-01-07,144,0.19,27.36,0
540455,21042,12583,2011-01-07,6,5.95,35.7,0
540455,22367,12583,2011-01-07,8,1.95,15.6,0
540455,21094,12583,2011-01-07,12,0.85,10.2,0
540455,POST,12583,2011-01-07,3,18.0,54.0,0
540463,POST,12489,2011-01-07,2,18.0,36.0,0
540463,22556,12489,2011-01-07,12,1.65,19.8,0
540463,84375,12489,2011-01-07,12,2.1,25.2,0
540463,22138,12489,2011-01-07,3,4.95,14.85,0
540463,22467,12489,2011-01-07,12,2.55,30.6,0
540463,22090,12489,2011-01-07,6,2.95,17.7,0
540463,22606,12489,2011-01-07,2,15.95,31.9,0
540463,21578,12489,2011-01-07,6,2.25,13.5,0
540463,22449,12489,2011-01-07,6,3.35,20.1,0
540463,20750,12489,2011-01-07,2,7.95,15.9,0
540463,85206A,12489,2011-01-07,6,1.65,9.9,0
540463,21843,12489,2011-01-07,3,10.95,32.85,0
540463,22139,12489,2011-01-07,6,4.95,29.7,0
540463,21054,12489,2011-01-07,3,8.95,26.85,0
540463,22027,12489,2011-01-07,24,0.42,10.08,0
540521,21881,12651,2011-01-09,12,0.65,7.8,0
540521,21883,12651,2011-01-09,12,0.65,7.8,0
540521,79191B,12651,2011-01-09,12,0.85,10.2,0
540521,22138,12651,2011-01-09,3,4.95,14.85,0
540521,21080,12651,2011-01-09,12,0.85,10.2,0
540521,22892,12651,2011-01-09,12,1.25,15.0,0
540521,21398,12651,2011-01-09,6,2.1,12.6,0
540521,21035,12651,2011-01-09,6,2.95,17.7,0
540521,15056BL,12651,2011-01-09,3,5.95,17.85,0
540642,85169B,12681,2011-01-10,12,1.25,15.0,0
540642,21877,12681,2011-01-10,12,1.25,15.0,0
540642,22423,12681,2011-01-10,1,12.75,12.75,0
540642,21428,12681,2011-01-10,4,4.25,17.0,0
540642,21430,12681,2011-01-10,4,3.75,15.0,0
540642,22555,12681,2011-01-10,12,1.65,19.8,0
540642,22385,12681,2011-01-10,10,1.95,19.5,0
540642,85099B,12681,2011-01-10,10,1.95,19.5,0
540642,22432,12681,2011-01-10,6,1.95,11.7,0
540642,85049C,12681,2011-01-10,12,1.25,15.0,0
540642,85049D,12681,2011-01-10,12,1.25,15.0,0
540642,85049G,12681,2011-01-10,12,1.25,15.0,0
540642,22725,12681,2011-01-10,8,3.75,30.0,0
540642,22726,12681,2011-01-10,8,3.75,30.0,0
540642,22727,12681,2011-01-10,8,3.75,30.0,0
540642,22728,12681,2011-01-10,8,3.75,30.0,0
540642,22729,12681,2011-01-10,8,3.75,30.0,0
540642,22730,12681,2011-01-10,8,3.75,30.0,0
540642,20750,12681,2011-01-10,2,7.95,15.9,0
540642,16236,12681,2011-01-10,28,0.21,5.88,0
540642,16238,12681,2011-01-10,28,0.21,5.88,0
540642,16237,12681,2011-01-10,30,0.21,6.3,0
540642,21675,12681,2011-01-10,12,0.85,10.2,0
540642,21731,12681,2011-01-10,12,1.65,19.8,0
540642,22466,12681,2011-01-10,12,1.95,23.4,0
540642,22139,12681,2011-01-10,3,4.95,14.85,0
540642,21429,12681,2011-01-10,8,1.65,13.2,0
540642,22781,12681,2011-01-10,6,7.65,45.9,0
540642,22467,12681,2011-01-10,12,2.55,30.6,0
540642,22551,12681,2011-01-10,24,1.65,39.6,0
540642,22553,12681,2011-01-10,12,1.65,19.8,0
540642,22554,12681,2011-01-10,24,1.65,39.6,0
540642,22556,12681,2011-01-10,12,1.65,19.8,0
540642,22988,12681,2011-01-10,24,1.25,30.0,0
540642,22972,12681,2011-01-10,24,1.65,39.6,0
540642,22973,12681,2011-01-10,24,1.65,39.6,0
540642,22974,12681,2011-01-10,24,1.65,39.6,0
540642,22977,12681,2011-01-10,24,1.25,30.0,0
540642,22976,12681,2011-01-10,24,1.25,30.0,0
540642,22975,12681,2011-01-10,24,1.25,30.0,0
540642,22661,12681,2011-01-10,10,0.85,8.5,0
540642,47566,12681,2011-01-10,5,4.65,23.25,0
540642,22669,12681,2011-01-10,5,2.95,14.75,0
540642,21559,12681,2011-01-10,6,2.55,15.3,0
540642,21561,12681,2011-01-10,12,2.55,30.6,0
540642,22631,12681,2011-01-10,12,1.95,23.4,0
540642,22629,12681,2011-01-10,24,1.95,46.8,0
540642,22138,12681,2011-01-10,3,4.95,14.85,0
540642,22617,12681,2011-01-10,3,4.95,14.85,0
540642,POST,12681,2011-01-10,7,18.0,126.0,0
540688,POST,12736,2011-01-11,5,18.0,90.0,0
540688,22223,12736,2011-01-11,24,1.95,46.8,0
540688,22222,12736,2011-01-11,24,1.95,46.8,0
540688,21212,12736,2011-01-11,120,0.42,50.4,0
540789,POST,12643,2011-01-11,2,18.0,36.0,0
540789,21381,12643,2011-01-11,576,1.45,835.2,0
540824,21108,12728,2011-01-11,9,2.55,22.95,0
540824,21208,12728,2011-01-11,12,1.65,19.8,0
540824,21355,12728,2011-01-11,12,1.25,15.0,0
540824,21731,12728,2011-01-11,12,1.65,19.8,0
540824,22027,12728,2011-01-11,12,0.42,5.04,0
540824,22311,12728,2011-01-11,6,2.95,17.7,0
540824,22423,12728,2011-01-11,1,12.75,12.75,0
540824,22443,12728,2011-01-11,2,7.95,15.9,0
540824,22556,12728,2011-01-11,24,1.65,39.6,0
540824,22746,12728,2011-01-11,6,2.1,12.6,0
540824,79191B,12728,2011-01-11,12,0.85,10.2,0
540824,84375,12728,2011-01-11,12,2.1,25.2,0
540824,POST,12728,2011-01-11,2,18.0,36.0,0
540835,22355,12724,2011-01-11,10,0.85,8.5,0
540835,22661,12724,2011-01-11,10,0.85,8.5,0
540835,20719,12724,2011-01-11,10,0.85,8.5,0
540835,20723,12724,2011-01-11,10,0.85,8.5,0
540835,20726,12724,2011-01-11,10,1.65,16.5,0
540835,20725,12724,2011-01-11,10,1.65,16.5,0
540835,22662,12724,2011-01-11,10,1.65,16.5,0
540835,22382,12724,2011-01-11,10,1.65,16.5,0
540835,22383,12724,2011-01-11,10,1.65,16.5,0
540835,22418,12724,2011-01-11,24,0.85,20.4,0
540835,POST,12724,2011-01-11,1,18.0,18.0,0
540851,21361,12523,2011-01-12,1,12.75,12.75,0
540851,22222,12523,2011-01-12,3,4.95,14.85,0
540851,21210,12523,2011-01-12,12,1.45,17.4,0
540851,22215,12523,2011-01-12,2,8.5,17.0,0
540851,21843,12523,2011-01-12,1,10.95,10.95,0
540851,21232,12523,2011-01-12,12,1.25,15.0,0
540851,21231,12523,2011-01-12,12,1.25,15.0,0
C540853,22634,12413,2011-01-12,-1,9.95,-9.95,1
540972,22236,12437,2011-01-12,12,10.95,131.4,0
540972,21988,12437,2011-01-12,48,0.85,40.8,0
540972,21987,12437,2011-01-12,36,0.65,23.4,0
540972,21122,12437,2011-01-12,24,1.25,30.0,0
540972,21843,12437,2011-01-12,8,10.95,87.6,0
540972,POST,12437,2011-01-12,3,18.0,54.0,0
540972,22215,12437,2011-01-12,3,8.5,25.5,0
540976,22394,12652,2011-01-12,12,0.85,10.2,0
540976,21890,12652,2011-01-12,6,2.95,17.7,0
540976,22915,12652,2011-01-12,24,0.42,10.08,0
540976,22970,12652,2011-01-12,6,2.55,15.3,0
540976,21111,12652,2011-01-12,6,2.95,17.7,0
540976,84817,12652,2011-01-12,24,0.42,10.08,0
540976,85016,12652,2011-01-12,6,2.55,15.3,0
540976,22659,12652,2011-01-12,12,1.95,23.4,0
540976,21622,12652,2011-01-12,4,4.95,19.8,0
540976,22091,12652,2011-01-12,12,1.25,15.0,0
540976,22951,12652,2011-01-12,24,0.55,13.2,0
540976,22554,12652,2011-01-12,12,1.65,19.8,0
540976,22605,12652,2011-01-12,2,14.95,29.9,0
540976,21955,12652,2011-01-12,2,7.95,15.9,0
540976,22900,12652,2011-01-12,6,2.95,17.7,0
540976,82582,12652,2011-01-12,12,2.1,25.2,0
540976,22412,12652,2011-01-12,12,2.1,25.2,0
540976,22115,12652,2011-01-12,6,2.95,17.7,0
540976,22413,12652,2011-01-12,6,2.95,17.7,0
540976,21164,12652,2011-01-12,6,2.95,17.7,0
540976,48138,12652,2011-01-12,2,7.95,15.9,0
540976,22922,12652,2011-01-12,12,0.85,10.2,0
540976,22399,12652,2011-01-12,12,1.25,15.0,0
540976,22398,12652,2011-01-12,12,1.25,15.0,0
540976,21917,12652,2011-01-12,24,0.42,10.08,0
540976,22662,12652,2011-01-12,10,1.65,16.5,0
540976,20719,12652,2011-01-12,10,0.85,8.5,0
540976,21452,12652,2011-01-12,6,2.95,17.7,0
540976,20724,12652,2011-01-12,10,0.85,8.5,0
540976,20914,12652,2011-01-12,6,2.95,17.7,0
540976,22138,12652,2011-01-12,3,4.95,14.85,0
540976,22139,12652,2011-01-12,3,4.95,14.85,0
540976,22856,12652,2011-01-12,12,1.25,15.0,0
540976,22207,12652,2011-01-12,4,4.25,17.0,0
540976,84029G,12652,2011-01-12,4,3.75,15.0,0
540976,22551,12652,2011-01-12,12,1.65,19.8,0
540976,22358,12652,2011-01-12,6,2.95,17.7,0
540976,22557,12652,2011-01-12,12,1.65,19.8,0
540976,21212,12652,2011-01-12,24,0.55,13.2,0
540976,21731,12652,2011-01-12,12,1.65,19.8,0
540976,21875,12652,2011-01-12,12,1.25,15.0,0
540976,21908,12652,2011-01-12,12,2.1,25.2,0
540976,21877,12652,2011-01-12,12,1.25,15.0,0
540976,22406,12652,2011-01-12,12,1.25,15.0,0
540976,85015,12652,2011-01-12,6,2.55,15.3,0
540976,84821,12652,2011-01-12,24,0.21,5.04,0
540976,21110,12652,2011-01-12,24,1.95,46.8,0
540976,POST,12652,2011-01-12,7,18.0,126.0,0
541120,21195,12490,2011-01-14,48,0.65,31.2,0
541120,21880,12490,2011-01-14,24,0.19,4.56,0
541120,21881,12490,2011-01-14,24,0.19,4.56,0
541120,22377,12490,2011-01-14,20,0.85,17.0,0
541120,84356,12490,2011-01-14,12,1.95,23.4,0
541120,22971,12490,2011-01-14,24,2.55,61.2,0
541120,22898,12490,2011-01-14,8,1.95,15.6,0
541120,22303,12490,2011-01-14,12,2.55,30.6,0
541120,22894,12490,2011-01-14,4,8.5,34.0,0
541120,22895,12490,2011-01-14,6,2.95,17.7,0
541120,22302,12490,2011-01-14,6,2.55,15.3,0
541120,22908,12490,2011-01-14,12,0.85,10.2,0
541120,22352,12490,2011-01-14,6,2.55,15.3,0
541120,21976,12490,2011-01-14,24,0.55,13.2,0
541120,22938,12490,2011-01-14,12,1.95,23.4,0
541120,22970,12490,2011-01-14,6,2.55,15.3,0
541120,22988,12490,2011-01-14,12,1.25,15.0,0
541120,22976,12490,2011-01-14,12,1.25,15.0,0
541120,22659,12490,2011-01-14,12,1.95,23.4,0
541120,22966,12490,2011-01-14,12,1.25,15.0,0
541120,22964,12490,2011-01-14,6,2.1,12.6,0
541120,84378,12490,2011-01-14,12,1.25,15.0,0
541120,20975,12490,2011-01-14,24,0.65,15.6,0
541120,20750,12490,2011-01-14,4,7.95,31.8,0
541120,22090,12490,2011-01-14,12,2.95,35.4,0
541120,20724,12490,2011-01-14,10,0.85,8.5,0
541120,22356,12490,2011-01-14,10,0.85,8.5,0
541120,85099B,12490,2011-01-14,10,1.95,19.5,0
541120,21080,12490,2011-01-14,12,0.85,10.2,0
541120,21238,12490,2011-01-14,8,0.85,6.8,0
541120,20725,12490,2011-01-14,10,1.65,16.5,0
541120,22704,12490,2011-01-14,25,0.42,10.5,0
541120,22585,12490,2011-01-14,12,1.25,15.0,0
541120,22619,12490,2011-01-14,4,3.75,15.0,0
541120,21915,12490,2011-01-14,12,1.25,15.0,0
541120,22631,12490,2011-01-14,12,1.95,23.4,0
541120,22556,12490,2011-01-14,12,1.65,19.8,0
541120,22551,12490,2011-01-14,12,1.65,19.8,0
541120,21156,12490,2011-01-14,8,1.95,15.6,0
541120,21731,12490,2011-01-14,12,1.65,19.8,0
541120,22385,12490,2011-01-14,10,1.95,19.5,0
541120,20711,12490,2011-01-14,10,1.95,19.5,0
541120,POST,12490,2011-01-14,5,18.0,90.0,0
541121,85099B,12672,2011-01-14,10,1.95,19.5,0
541121,21039,12672,2011-01-14,6,2.55,15.3,0
541121,20679,12672,2011-01-14,3,5.95,17.85,0
541121,21700,12672,2011-01-14,12,0.85,10.2,0
541121,22668,12672,2011-01-14,15,2.95,44.25,0
541121,22588,12672,2011-01-14,6,2.55,15.3,0
541121,20750,12672,2011-01-14,6,7.95,47.7,0
541121,20749,12672,2011-01-14,2,7.95,15.9,0
541121,21218,12672,2011-01-14,6,3.75,22.5,0
541121,22645,12672,2011-01-14,12,1.45,17.4,0
541138,20682,12553,2011-01-14,6,3.25,19.5,0
541138,22355,12553,2011-01-14,20,0.85,17.0,0
541138,21931,12553,2011-01-14,10,1.95,19.5,0
541138,85099B,12553,2011-01-14,10,1.95,19.5,0
541138,22385,12553,2011-01-14,10,1.95,19.5,0
541138,20712,12553,2011-01-14,10,1.95,19.5,0
541138,20866,12553,2011-01-14,12,1.25,15.0,0
541138,22742,12553,2011-01-14,6,2.95,17.7,0
541138,20725,12553,2011-01-14,10,1.65,16.5,0
541138,79191C,12553,2011-01-14,12,0.85,10.2,0
541138,79190B,12553,2011-01-14,15,0.42,6.3,0
541138,22554,12553,2011-01-14,12,1.65,19.8,0
541138,22556,12553,2011-01-14,12,1.65,19.8,0
541138,22553,12553,2011-01-14,12,1.65,19.8,0
541138,22029,12553,2011-01-14,12,0.42,5.04,0
541138,20973,12553,2011-01-14,24,0.65,15.6,0
541138,22418,12553,2011-01-14,24,0.85,20.4,0
541138,51014L,12553,2011-01-14,12,0.85,10.2,0
541138,21880,12553,2011-01-14,12,0.65,7.8,0
541138,21429,12553,2011-01-14,8,1.65,13.2,0
541138,22646,12553,2011-01-14,12,1.45,17.4,0
541138,22747,12553,2011-01-14,6,2.1,12.6,0
541138,22748,12553,2011-01-14,6,2.1,12.6,0
541138,22745,12553,2011-01-14,6,2.1,12.6,0
541138,22569,12553,2011-01-14,4,3.75,15.0,0
541138,20972,12553,2011-01-14,12,1.25,15.0,0
541138,22750,12553,2011-01-14,4,3.75,15.0,0
541138,22274,12553,2011-01-14,6,2.95,17.7,0
541138,22492,12553,2011-01-14,36,0.65,23.4,0
541138,22138,12553,2011-01-14,3,4.95,14.85,0
541138,84997D,12553,2011-01-14,6,3.75,22.5,0
541138,84997C,12553,2011-01-14,6,3.75,22.5,0
541138,84077,12553,2011-01-14,48,0.29,13.92,0
541138,21731,12553,2011-01-14,12,1.65,19.8,0
541138,22565,12553,2011-01-14,12,0.85,10.2,0
541138,21365,12553,2011-01-14,6,2.95,17.7,0
541138,21249,12553,2011-01-14,6,2.95,17.7,0
541138,POST,12553,2011-01-14,6,18.0,108.0,0
541405,22636,12683,2011-01-17,8,7.65,61.2,0
541405,84375,12683,2011-01-17,12,2.1,25.2,0
541405,22897,12683,2011-01-17,10,1.45,14.5,0
541405,21035,12683,2011-01-17,6,2.95,17.7,0
541405,22895,12683,2011-01-17,12,2.95,35.4,0
541405,84692,12683,2011-01-17,25,0.42,10.5,0
541405,22629,12683,2011-01-17,12,1.95,23.4,0
541405,22704,12683,2011-01-17,25,0.42,10.5,0
541405,22302,12683,2011-01-17,12,2.55,30.6,0
541405,22303,12683,2011-01-17,12,2.55,30.6,0
541405,20963,12683,2011-01-17,10,1.25,12.5,0
541405,22705,12683,2011-01-17,25,0.42,10.5,0
541405,22631,12683,2011-01-17,12,1.95,23.4,0
541405,20966,12683,2011-01-17,10,1.25,12.5,0
541405,22037,12683,2011-01-17,12,0.42,5.04,0
541405,21058,12683,2011-01-17,12,0.85,10.2,0
541405,21721,12683,2011-01-17,12,0.85,10.2,0
541405,22423,12683,2011-01-17,16,10.95,175.2,0
541405,21843,12683,2011-01-17,8,10.95,87.6,0
541405,POST,12683,2011-01-17,5,18.0,90.0,0
541405,22328,12683,2011-01-17,12,2.95,35.4,0
541567,22435,12681,2011-01-19,12,1.25,15.0,0
541567,22437,12681,2011-01-19,20,0.85,17.0,0
541567,20724,12681,2011-01-19,10,0.85,8.5,0
541567,20719,12681,2011-01-19,10,0.85,8.5,0
541567,22356,12681,2011-01-19,20,0.85,17.0,0
541567,21137,12681,2011-01-19,4,3.75,15.0,0
541567,22904,12681,2011-01-19,18,2.95,53.1,0
541567,22024,12681,2011-01-19,12,0.42,5.04,0
541567,21238,12681,2011-01-19,8,0.85,6.8,0
541567,22191,12681,2011-01-19,2,8.5,17.0,0
541567,22616,12681,2011-01-19,24,0.29,6.96,0
541567,22659,12681,2011-01-19,12,1.95,23.4,0
541567,22314,12681,2011-01-19,6,2.95,17.7,0
541567,22312,12681,2011-01-19,18,2.95,53.1,0
541567,22313,12681,2011-01-19,24,2.95,70.8,0
541567,22300,12681,2011-01-19,6,2.55,15.3,0
541567,22301,12681,2011-01-19,12,2.55,30.6,0
541567,22894,12681,2011-01-19,4,8.5,34.0,0
541567,22555,12681,2011-01-19,24,1.65,39.6,0
541567,21706,12681,2011-01-19,4,4.95,19.8,0
541567,85014B,12681,2011-01-19,3,5.95,17.85,0
541567,21578,12681,2011-01-19,6,2.25,13.5,0
541567,21864,12681,2011-01-19,12,2.1,25.2,0
541567,22908,12681,2011-01-19,24,0.85,20.4,0
541567,22348,12681,2011-01-19,24,0.85,20.4,0
541567,21719,12681,2011-01-19,12,0.85,10.2,0
541567,21544,12681,2011-01-19,12,0.85,10.2,0
541567,22895,12681,2011-01-19,12,2.95,35.4,0
541567,21731,12681,2011-01-19,24,1.65,39.6,0
541567,20750,12681,2011-01-19,4,7.95,31.8,0
541567,POST,12681,2011-01-19,3,18.0,54.0,0
541631,22973,12637,2011-01-20,12,1.65,19.8,0
541631,21068,12637,2011-01-20,12,1.25,15.0,0
541631,22303,12637,2011-01-20,6,2.55,15.3,0
541631,22974,12637,2011-01-20,12,1.65,19.8,0
541631,84592,12637,2011-01-20,6,2.95,17.7,0
541631,22362,12637,2011-01-20,6,2.95,17.7,0
541631,21121,12637,2011-01-20,24,1.25,30.0,0
541631,21524,12637,2011-01-20,2,7.95,15.9,0
541631,48184,12637,2011-01-20,2,7.95,15.9,0
541631,20685,12637,2011-01-20,2,7.95,15.9,0
541631,22749,12637,2011-01-20,4,3.75,15.0,0
541631,22750,12637,2011-01-20,8,3.75,30.0,0
541631,22751,12637,2011-01-20,4,3.75,15.0,0
541631,22725,12637,2011-01-20,4,3.75,15.0,0
541631,22726,12637,2011-01-20,8,3.75,30.0,0
541631,22727,12637,2011-01-20,8,3.75,30.0,0
541631,22728,12637,2011-01-20,8,3.75,30.0,0
541631,22729,12637,2011-01-20,8,3.75,30.0,0
541631,22242,12637,2011-01-20,12,1.65,19.8,0
541631,22244,12637,2011-01-20,12,1.95,23.4,0
541631,84927D,12637,2011-01-20,6,2.1,12.6,0
541631,84927E,12637,2011-01-20,6,2.1,12.6,0
541631,84927F,12637,2011-01-20,6,2.1,12.6,0
541631,21195,12637,2011-01-20,12,2.1,25.2,0
541631,22174,12637,2011-01-20,12,1.65,19.8,0
541631,21756,12637,2011-01-20,3,5.95,17.85,0
541631,22120,12637,2011-01-20,6,9.95,59.7,0
541631,21754,12637,2011-01-20,3,5.95,17.85,0
541631,22116,12637,2011-01-20,6,2.95,17.7,0
541631,21164,12637,2011-01-20,6,2.95,17.7,0
541631,22367,12637,2011-01-20,8,1.95,15.6,0
541631,21559,12637,2011-01-20,6,2.55,15.3,0
541631,21558,12637,2011-01-20,6,2.55,15.3,0
541631,22326,12637,2011-01-20,6,2.95,17.7,0
541631,22327,12637,2011-01-20,6,2.95,17.7,0
541631,22352,12637,2011-01-20,6,2.55,15.3,0
541631,22630,12637,2011-01-20,12,1.95,23.4,0
541631,22629,12637,2011-01-20,12,1.95,23.4,0
541631,22382,12637,2011-01-20,10,1.65,16.5,0
541631,22383,12637,2011-01-20,10,1.65,16.5,0
541631,20726,12637,2011-01-20,10,1.65,16.5,0
541631,21987,12637,2011-01-20,12,0.65,7.8,0
541631,21086,12637,2011-01-20,12,0.65,7.8,0
541631,22613,12637,2011-01-20,12,0.85,10.2,0
541631,21989,12637,2011-01-20,12,0.85,10.2,0
541631,21988,12637,2011-01-20,12,0.85,10.2,0
541631,21094,12637,2011-01-20,12,0.85,10.2,0
541631,84988,12637,2011-01-20,12,1.45,17.4,0
541631,22634,12637,2011-01-20,4,9.95,39.8,0
541631,22636,12637,2011-01-20,4,8.5,34.0,0
541631,22468,12637,2011-01-20,6,6.75,40.5,0
541631,10002,12637,2011-01-20,12,0.85,10.2,0
541631,22551,12637,2011-01-20,12,1.65,19.8,0
541631,22554,12637,2011-01-20,12,1.65,19.8,0
541631,22556,12637,2011-01-20,12,1.65,19.8,0
541631,22555,12637,2011-01-20,12,1.65,19.8,0
541631,21509,12637,2011-01-20,12,0.42,5.04,0
541631,21507,12637,2011-01-20,12,0.42,5.04,0
541631,22029,12637,2011-01-20,12,0.42,5.04,0
541631,22437,12637,2011-01-20,20,0.85,17.0,0
541631,21829,12637,2011-01-20,36,0.21,7.56,0
541631,21791,12637,2011-01-20,24,1.25,30.0,0
541631,21915,12637,2011-01-20,24,1.25,30.0,0
541631,22549,12637,2011-01-20,24,1.45,34.8,0
541631,22550,12637,2011-01-20,4,3.75,15.0,0
541631,22355,12637,2011-01-20,10,0.85,8.5,0
541631,22271,12637,2011-01-20,12,2.95,35.4,0
541631,22272,12637,2011-01-20,12,2.95,35.4,0
541631,22274,12637,2011-01-20,12,2.95,35.4,0
541631,20682,12637,2011-01-20,6,3.25,19.5,0
541631,20684,12637,2011-01-20,6,3.25,19.5,0
541631,POST,12637,2011-01-20,6,18.0,108.0,0
C541688,22423,12683,2011-01-20,-4,10.95,-43.8,1
C541825,21877,12652,2011-01-21,-1,1.25,-1.25,1
C541825,21875,12652,2011-01-21,-1,1.25,-1.25,1
C541825,20914,12652,2011-01-21,-1,2.95,-2.95,1
541857,21195,12727,2011-01-23,12,2.1,25.2,0
541857,21208,12727,2011-01-23,12,1.65,19.8,0
541857,82484,12727,2011-01-23,3,6.45,19.35,0
541857,84988,12727,2011-01-23,12,1.45,17.4,0
541857,72760B,12727,2011-01-23,6,9.95,59.7,0
541857,22851,12727,2011-01-23,24,0.85,20.4,0
541857,72799E,12727,2011-01-23,6,2.95,17.7,0
541857,72800C,12727,2011-01-23,6,2.55,15.3,0
541857,15056N,12727,2011-01-23,3,5.95,17.85,0
541857,22907,12727,2011-01-23,12,0.85,10.2,0
541857,22215,12727,2011-01-23,24,7.65,183.6,0
541857,POST,12727,2011-01-23,6,18.0,108.0,0
541981,21094,12691,2011-01-24,12,0.85,10.2,0
541981,21086,12691,2011-01-24,12,0.65,7.8,0
541981,20750,12691,2011-01-24,12,6.35,76.2,0
541981,22352,12691,2011-01-24,6,2.55,15.3,0
541981,22859,12691,2011-01-24,6,1.65,9.9,0
541981,22333,12691,2011-01-24,16,1.65,26.4,0
541981,21578,12691,2011-01-24,6,2.25,13.5,0
541981,22083,12691,2011-01-24,6,2.95,17.7,0
541981,22331,12691,2011-01-24,8,1.65,13.2,0
C542088,22556,12553,2011-01-25,-12,1.65,-19.8,1
C542089,22301,12681,2011-01-25,-3,2.55,-7.65,1
C542089,22300,12681,2011-01-25,-2,2.55,-5.1,1
542132,POST,12691,2011-01-25,2,18.0,36.0,0
C542271,84927E,12637,2011-01-27,-2,2.1,-4.2,1
C542271,84927D,12637,2011-01-27,-2,2.1,-4.2,1
C542271,21068,12637,2011-01-27,-5,1.25,-6.25,1
542425,84380,12574,2011-01-28,12,1.25,15.0,0
542425,22666,12574,2011-01-28,6,2.95,17.7,0
542425,22721,12574,2011-01-28,3,4.95,14.85,0
542425,22798,12574,2011-01-28,8,2.95,23.6,0
542425,22801,12574,2011-01-28,4,3.75,15.0,0
542425,82482,12574,2011-01-28,6,2.55,15.3,0
542425,22829,12574,2011-01-28,2,9.95,19.9,0
542425,22854,12574,2011-01-28,4,4.95,19.8,0
542425,22831,12574,2011-01-28,6,2.95,17.7,0
542425,22863,12574,2011-01-28,8,2.95,23.6,0
542425,POST,12574,2011-01-28,2,18.0,36.0,0
542433,22613,12726,2011-01-28,24,0.85,20.4,0
542433,22908,12726,2011-01-28,12,0.85,10.2,0
542433,22964,12726,2011-01-28,6,2.1,12.6,0
542433,22965,12726,2011-01-28,6,2.1,12.6,0
542433,84378,12726,2011-01-28,12,1.25,15.0,0
542433,84375,12726,2011-01-28,12,2.1,25.2,0
542433,84380,12726,2011-01-28,12,1.25,15.0,0
542433,22811,12726,2011-01-28,18,2.95,53.1,0
542433,22560,12726,2011-01-28,24,1.25,30.0,0
542433,22440,12726,2011-01-28,20,0.42,8.4,0
542433,22531,12726,2011-01-28,96,0.42,40.32,0
542433,21086,12726,2011-01-28,12,0.65,7.8,0
542433,21094,12726,2011-01-28,24,0.85,20.4,0
542433,21080,12726,2011-01-28,12,0.85,10.2,0
542433,21829,12726,2011-01-28,36,0.21,7.56,0
542433,22550,12726,2011-01-28,4,3.75,15.0,0
542433,21912,12726,2011-01-28,4,3.75,15.0,0
542433,22492,12726,2011-01-28,72,0.65,46.8,0
542433,POST,12726,2011-01-28,2,18.0,36.0,0
542535,21054,12735,2011-01-28,5,8.95,44.75,0
542535,21055,12735,2011-01-28,5,8.95,44.75,0
542535,21056,12735,2011-01-28,5,8.95,44.75,0
542535,22502,12735,2011-01-28,4,5.95,23.8,0
542535,22139,12735,2011-01-28,3,4.95,14.85,0
542535,21888,12735,2011-01-28,4,3.75,15.0,0
542535,22550,12735,2011-01-28,4,3.75,15.0,0
542535,22620,12735,2011-01-28,12,1.25,15.0,0
542535,20681,12735,2011-01-28,6,3.25,19.5,0
542535,20750,12735,2011-01-28,2,7.95,15.9,0
542535,22661,12735,2011-01-28,10,0.85,8.5,0
542535,22355,12735,2011-01-28,10,0.85,8.5,0
542535,22356,12735,2011-01-28,10,0.85,8.5,0
542535,20719,12735,2011-01-28,10,0.85,8.5,0
542535,22605,12735,2011-01-28,2,14.95,29.9,0
542535,22607,12735,2011-01-28,2,9.95,19.9,0
542535,21259,12735,2011-01-28,2,5.95,11.9,0
542535,22635,12735,2011-01-28,2,9.95,19.9,0
542535,22634,12735,2011-01-28,2,9.95,19.9,0
542535,22636,12735,2011-01-28,2,8.5,17.0,0
542535,POST,12735,2011-01-28,3,18.0,54.0,0
542629,22029,12731,2011-01-31,24,0.42,10.08,0
542629,48187,12731,2011-01-31,10,6.75,67.5,0
542629,21524,12731,2011-01-31,10,6.75,67.5,0
542629,22699,12731,2011-01-31,12,2.95,35.4,0
542629,84375,12731,2011-01-31,24,2.1,50.4,0
542629,22402,12731,2011-01-31,48,1.25,60.0,0
542629,22398,12731,2011-01-31,48,1.25,60.0,0
542629,22551,12731,2011-01-31,96,1.45,139.2,0
542629,22557,12731,2011-01-31,48,1.65,79.2,0
542629,22554,12731,2011-01-31,48,1.65,79.2,0
542629,22492,12731,2011-01-31,108,0.65,70.2,0
542629,22540,12731,2011-01-31,60,0.42,25.2,0
542629,22544,12731,2011-01-31,60,0.42,25.2,0
542629,21914,12731,2011-01-31,36,1.25,45.0,0
542629,21915,12731,2011-01-31,36,1.25,45.0,0
542629,22559,12731,2011-01-31,48,1.06,50.88,0
542629,22560,12731,2011-01-31,48,1.06,50.88,0
542629,22629,12731,2011-01-31,24,1.95,46.8,0
542629,20725,12731,2011-01-31,30,1.65,49.5,0
542629,84879,12731,2011-01-31,160,1.45,232.0,0
542629,21563,12731,2011-01-31,12,2.95,35.4,0
542629,22134,12731,2011-01-31,12,0.42,5.04,0
542629,22892,12731,2011-01-31,24,1.25,30.0,0
542629,22352,12731,2011-01-31,12,2.55,30.6,0
542629,21527,12731,2011-01-31,12,6.95,83.4,0
542629,21535,12731,2011-01-31,12,2.55,30.6,0
542629,22558,12731,2011-01-31,48,1.25,60.0,0
542629,20682,12731,2011-01-31,24,3.25,78.0,0
542629,85014B,12731,2011-01-31,96,4.95,475.2,0
542629,85014A,12731,2011-01-31,96,4.95,475.2,0
542629,22745,12731,2011-01-31,12,2.1,25.2,0
542629,22746,12731,2011-01-31,12,2.1,25.2,0
542629,22748,12731,2011-01-31,12,2.1,25.2,0
542629,22620,12731,2011-01-31,24,1.25,30.0,0
542629,22472,12731,2011-01-31,3,4.95,14.85,0
542629,22474,12731,2011-01-31,3,4.95,14.85,0
542629,22475,12731,2011-01-31,3,4.95,14.85,0
542629,22630,12731,2011-01-31,12,1.95,23.4,0
542629,22662,12731,2011-01-31,10,1.65,16.5,0
542629,22139,12731,2011-01-31,12,4.95,59.4,0
542629,10002,12731,2011-01-31,120,0.85,102.0,0
542629,21156,12731,2011-01-31,24,1.95,46.8,0
542629,22899,12731,2011-01-31,12,2.1,25.2,0
542629,22367,12731,2011-01-31,12,1.95,23.4,0
542629,48184,12731,2011-01-31,10,6.75,67.5,0
542629,22414,12731,2011-01-31,10,6.75,67.5,0
C542714,21843,12437,2011-01-31,-5,10.95,-54.75,1
542735,22652,12681,2011-01-31,10,1.65,16.5,0
542735,22620,12681,2011-01-31,12,1.25,15.0,0
542735,21731,12681,2011-01-31,24,1.65,39.6,0
542735,22452,12681,2011-01-31,6,2.95,17.7,0
542735,10002,12681,2011-01-31,12,0.85,10.2,0
542735,21224,12681,2011-01-31,10,1.25,12.5,0
542735,22467,12681,2011-01-31,36,2.1,75.6,0
542735,21121,12681,2011-01-31,24,1.25,30.0,0
542735,20750,12681,2011-01-31,4,7.95,31.8,0
542735,22027,12681,2011-01-31,12,0.42,5.04,0
542735,22976,12681,2011-01-31,12,1.25,15.0,0
542735,21064,12681,2011-01-31,2,5.95,11.9,0
542735,21238,12681,2011-01-31,8,0.85,6.8,0
542735,22631,12681,2011-01-31,12,1.95,23.4,0
542735,22314,12681,2011-01-31,6,2.95,17.7,0
542735,22300,12681,2011-01-31,6,2.55,15.3,0
542735,20681,12681,2011-01-31,6,3.25,19.5,0
542735,POST,12681,2011-01-31,3,18.0,54.0,0
542904,15056BL,12682,2011-02-01,15,5.95,89.25,0
542904,15056N,12682,2011-02-01,3,5.95,17.85,0
542904,20679,12682,2011-02-01,3,5.95,17.85,0
542904,21936,12682,2011-02-01,5,2.95,14.75,0
542904,22384,12682,2011-02-01,10,1.65,16.5,0
542904,22383,12682,2011-02-01,10,1.65,16.5,0
542904,20712,12682,2011-02-01,10,1.95,19.5,0
542904,22859,12682,2011-02-01,6,1.65,9.9,0
542904,22894,12682,2011-02-01,2,8.5,17.0,0
542904,22242,12682,2011-02-01,12,1.65,19.8,0
542904,22352,12682,2011-02-01,6,2.55,15.3,0
542904,22077,12682,2011-02-01,12,1.65,19.8,0
542904,22630,12682,2011-02-01,12,1.95,23.4,0
542904,22423,12682,2011-02-01,1,12.75,12.75,0
542904,22243,12682,2011-02-01,24,1.65,39.6,0
542904,21731,12682,2011-02-01,24,1.65,39.6,0
542904,22961,12682,2011-02-01,36,1.45,52.2,0
542904,22937,12682,2011-02-01,6,2.55,15.3,0
542904,POST,12682,2011-02-01,3,18.0,54.0,0
542922,15056N,12682,2011-02-02,3,5.95,17.85,0
542922,22976,12682,2011-02-02,12,1.25,15.0,0
542922,22551,12682,2011-02-02,12,1.65,19.8,0
542922,22328,12682,2011-02-02,6,2.95,17.7,0
542922,20679,12682,2011-02-02,9,5.95,53.55,0
542922,22915,12682,2011-02-02,12,0.42,5.04,0
542922,22352,12682,2011-02-02,12,2.55,30.6,0
542922,22966,12682,2011-02-02,12,1.25,15.0,0
542922,22554,12682,2011-02-02,12,1.65,19.8,0
542922,22423,12682,2011-02-02,3,12.75,38.25,0
542922,15056BL,12682,2011-02-02,15,5.95,89.25,0
542922,85014B,12682,2011-02-02,3,5.95,17.85,0
542922,22384,12682,2011-02-02,10,1.65,16.5,0
542922,20725,12682,2011-02-02,10,1.65,16.5,0
542922,22556,12682,2011-02-02,12,1.65,19.8,0
542922,21558,12682,2011-02-02,6,2.55,15.3,0
542922,21559,12682,2011-02-02,6,2.55,15.3,0
542922,20750,12682,2011-02-02,4,7.95,31.8,0
542922,POST,12682,2011-02-02,2,18.0,36.0,0
543030,22693,12437,2011-02-02,24,1.25,30.0,0
543030,21086,12437,2011-02-02,24,0.65,15.6,0
543030,21094,12437,2011-02-02,12,0.85,10.2,0
543030,22437,12437,2011-02-02,20,0.85,17.0,0
543030,84077,12437,2011-02-02,48,0.29,13.92,0
543030,22027,12437,2011-02-02,12,0.42,5.04,0
543030,21062,12437,2011-02-02,12,0.85,10.2,0
543030,16012,12437,2011-02-02,24,0.21,5.04,0
543030,22356,12437,2011-02-02,30,0.85,25.5,0
543030,POST,12437,2011-02-02,1,18.0,18.0,0
543188,22727,12567,2011-02-04,8,3.75,30.0,0
543188,22726,12567,2011-02-04,8,3.75,30.0,0
543188,22728,12567,2011-02-04,8,3.75,30.0,0
543188,22729,12567,2011-02-04,8,3.75,30.0,0
543188,22725,12567,2011-02-04,8,3.75,30.0,0
543188,21156,12567,2011-02-04,8,1.95,15.6,0
543188,22367,12567,2011-02-04,8,1.95,15.6,0
543188,22138,12567,2011-02-04,6,4.95,29.7,0
543188,22617,12567,2011-02-04,6,4.95,29.7,0
543188,21218,12567,2011-02-04,6,3.75,22.5,0
543188,22720,12567,2011-02-04,3,4.95,14.85,0
543188,22938,12567,2011-02-04,12,1.95,23.4,0
543188,22417,12567,2011-02-04,24,0.55,13.2,0
543188,22136,12567,2011-02-04,12,1.65,19.8,0
543188,22558,12567,2011-02-04,12,1.49,17.88,0
543188,20725,12567,2011-02-04,10,1.65,16.5,0
543188,20726,12567,2011-02-04,10,1.65,16.5,0
543188,21559,12567,2011-02-04,6,2.55,15.3,0
543188,22382,12567,2011-02-04,10,1.65,16.5,0
543188,22662,12567,2011-02-04,10,1.65,16.5,0
543188,21086,12567,2011-02-04,12,0.65,7.8,0
543188,21080,12567,2011-02-04,12,0.85,10.2,0
543188,22613,12567,2011-02-04,12,0.85,10.2,0
543188,21212,12567,2011-02-04,24,0.55,13.2,0
543188,15036,12567,2011-02-04,12,0.75,9.0,0
543188,20658,12567,2011-02-04,12,1.25,15.0,0
543188,20682,12567,2011-02-04,6,3.25,19.5,0
543188,20684,12567,2011-02-04,6,3.25,19.5,0
543188,85014B,12567,2011-02-04,6,5.95,35.7,0
543188,85014A,12567,2011-02-04,6,5.95,35.7,0
543188,22361,12567,2011-02-04,6,2.95,17.7,0
543188,21696,12567,2011-02-04,6,2.95,17.7,0
543188,21439,12567,2011-02-04,12,1.25,15.0,0
543188,22857,12567,2011-02-04,12,0.85,10.2,0
543188,22858,12567,2011-02-04,6,1.65,9.9,0
543188,22861,12567,2011-02-04,6,1.65,9.9,0
543188,22960,12567,2011-02-04,6,4.25,25.5,0
543188,22961,12567,2011-02-04,12,1.45,17.4,0
543188,22962,12567,2011-02-04,12,0.85,10.2,0
543188,22963,12567,2011-02-04,12,0.85,10.2,0
543188,22077,12567,2011-02-04,12,1.65,19.8,0
543188,85049D,12567,2011-02-04,12,1.25,15.0,0
543188,22492,12567,2011-02-04,36,0.65,23.4,0
543188,22090,12567,2011-02-04,6,2.95,17.7,0
543188,21936,12567,2011-02-04,10,2.95,29.5,0
543188,21094,12567,2011-02-04,12,0.85,10.2,0
543188,79030G,12567,2011-02-04,6,1.65,9.9,0
543188,22302,12567,2011-02-04,6,2.55,15.3,0
543188,22303,12567,2011-02-04,6,2.55,15.3,0
543188,22699,12567,2011-02-04,6,2.95,17.7,0
543188,22907,12567,2011-02-04,12,0.85,10.2,0
543188,84012,12567,2011-02-04,12,2.55,30.6,0
543188,21731,12567,2011-02-04,12,1.65,19.8,0
543188,21914,12567,2011-02-04,12,1.25,15.0,0
543188,21915,12567,2011-02-04,12,1.25,15.0,0
543188,22620,12567,2011-02-04,12,1.25,15.0,0
543188,21716,12567,2011-02-04,8,2.55,20.4,0
543188,21715,12567,2011-02-04,8,2.55,20.4,0
543188,85032C,12567,2011-02-04,6,2.1,12.6,0
543188,21039,12567,2011-02-04,6,2.55,15.3,0
543188,21746,12567,2011-02-04,12,1.25,15.0,0
543188,21749,12567,2011-02-04,6,2.1,12.6,0
543188,POST,12567,2011-02-04,6,18.0,108.0,0
543459,20676,12599,2011-02-08,8,1.25,10.0,0
543459,20677,12599,2011-02-08,8,1.25,10.0,0
543459,20975,12599,2011-02-08,24,0.65,15.6,0
543459,21080,12599,2011-02-08,24,0.85,20.4,0
543459,21212,12599,2011-02-08,24,0.55,13.2,0
543459,21746,12599,2011-02-08,12,1.25,15.0,0
543459,22090,12599,2011-02-08,6,2.95,17.7,0
543459,21086,12599,2011-02-08,24,0.65,15.6,0
543459,21987,12599,2011-02-08,12,0.65,7.8,0
543459,21094,12599,2011-02-08,12,0.85,10.2,0
543459,22540,12599,2011-02-08,24,0.42,10.08,0
543459,22908,12599,2011-02-08,12,0.85,10.2,0
543459,22544,12599,2011-02-08,24,0.42,10.08,0
543459,POST,12599,2011-02-08,2,18.0,36.0,0
543484,20712,12721,2011-02-09,10,1.95,19.5,0
543484,22554,12721,2011-02-09,12,1.65,19.8,0
543484,22466,12721,2011-02-09,12,1.95,23.4,0
543484,20749,12721,2011-02-09,2,7.95,15.9,0
543484,22492,12721,2011-02-09,36,0.65,23.4,0
543484,85099B,12721,2011-02-09,10,1.95,19.5,0
543484,22526,12721,2011-02-09,3,12.75,38.25,0
543484,22521,12721,2011-02-09,12,0.85,10.2,0
543484,22520,12721,2011-02-09,12,0.85,10.2,0
543484,15056N,12721,2011-02-09,3,5.95,17.85,0
543484,22857,12721,2011-02-09,12,0.85,10.2,0
543484,22859,12721,2011-02-09,6,1.65,9.9,0
543484,22254,12721,2011-02-09,12,1.25,15.0,0
543484,23232,12721,2011-02-09,25,0.42,10.5,0
543484,23230,12721,2011-02-09,25,0.42,10.5,0
543484,21936,12721,2011-02-09,5,2.95,14.75,0
543484,21094,12721,2011-02-09,12,0.85,10.2,0
543484,21080,12721,2011-02-09,12,0.85,10.2,0
543484,21086,12721,2011-02-09,12,0.65,7.8,0
543484,21212,12721,2011-02-09,24,0.55,13.2,0
543484,21749,12721,2011-02-09,6,2.1,12.6,0
543484,21746,12721,2011-02-09,12,1.25,15.0,0
543484,20676,12721,2011-02-09,8,1.25,10.0,0
543484,21246,12721,2011-02-09,6,4.95,29.7,0
543484,21242,12721,2011-02-09,8,1.69,13.52,0
543484,21217,12721,2011-02-09,1,9.95,9.95,0
543484,POST,12721,2011-02-09,3,18.0,54.0,0
543625,22540,12583,2011-02-10,72,0.42,30.24,0
543625,22539,12583,2011-02-10,24,0.42,10.08,0
543625,22556,12583,2011-02-10,24,1.65,39.6,0
543625,22554,12583,2011-02-10,24,1.65,39.6,0
543625,22551,12583,2011-02-10,12,1.65,19.8,0
543625,21981,12583,2011-02-10,24,0.29,6.96,0
543625,22615,12583,2011-02-10,24,0.29,6.96,0
543625,22616,12583,2011-02-10,24,0.29,6.96,0
543625,22614,12583,2011-02-10,24,0.29,6.96,0
543625,16218,12583,2011-02-10,80,0.16,12.8,0
543625,22326,12583,2011-02-10,12,2.95,35.4,0
543625,22492,12583,2011-02-10,108,0.65,70.2,0
543625,POST,12583,2011-02-10,2,18.0,36.0,0
C543834,79190B,12553,2011-02-14,-15,0.42,-6.3,1
C543992,POST,12583,2011-02-15,-1,18.0,-18.0,1
544069,22554,12616,2011-02-15,12,1.65,19.8,0
544069,20981,12616,2011-02-15,12,0.85,10.2,0
544069,22326,12616,2011-02-15,6,2.95,17.7,0
544069,20750,12616,2011-02-15,8,7.95,63.6,0
544069,20983,12616,2011-02-15,12,0.85,10.2,0
544069,22628,12616,2011-02-15,4,4.95,19.8,0
544069,22328,12616,2011-02-15,6,2.95,17.7,0
544069,22555,12616,2011-02-15,12,1.65,19.8,0
544069,22549,12616,2011-02-15,12,1.45,17.4,0
544069,22659,12616,2011-02-15,12,1.95,23.4,0
544069,POST,12616,2011-02-15,2,18.0,36.0,0
544115,22436,12727,2011-02-16,20,0.65,13.0,0
544115,22437,12727,2011-02-16,20,0.85,17.0,0
544115,21506,12727,2011-02-16,12,0.42,5.04,0
544115,22029,12727,2011-02-16,12,0.42,5.04,0
544115,22027,12727,2011-02-16,12,0.42,5.04,0
544115,22209,12727,2011-02-16,12,1.65,19.8,0
544115,21059,12727,2011-02-16,24,0.85,20.4,0
544115,21062,12727,2011-02-16,24,0.85,20.4,0
544115,21063,12727,2011-02-16,24,0.85,20.4,0
544115,20974,12727,2011-02-16,24,0.65,15.6,0
544115,20975,12727,2011-02-16,24,0.65,15.6,0
544115,22418,12727,2011-02-16,24,0.85,20.4,0
544115,21558,12727,2011-02-16,6,2.55,15.3,0
544115,21559,12727,2011-02-16,6,2.55,15.3,0
544115,22621,12727,2011-02-16,12,1.45,17.4,0
544115,21094,12727,2011-02-16,12,0.85,10.2,0
544115,21080,12727,2011-02-16,12,0.85,10.2,0
544115,21086,12727,2011-02-16,12,0.65,7.8,0
544115,21988,12727,2011-02-16,12,0.85,10.2,0
544115,21989,12727,2011-02-16,12,0.85,10.2,0
544115,21987,12727,2011-02-16,12,0.65,7.8,0
544115,22332,12727,2011-02-16,24,1.65,39.6,0
544115,22333,12727,2011-02-16,24,1.65,39.6,0
544115,22334,12727,2011-02-16,24,1.65,39.6,0
544115,47599A,12727,2011-02-16,24,2.1,50.4,0
544115,21224,12727,2011-02-16,20,1.25,25.0,0
544115,22544,12727,2011-02-16,24,0.42,10.08,0
544115,22539,12727,2011-02-16,24,0.42,10.08,0
544115,22650,12727,2011-02-16,12,1.45,17.4,0
544115,22551,12727,2011-02-16,12,1.65,19.8,0
544115,22553,12727,2011-02-16,12,1.65,19.8,0
544115,22557,12727,2011-02-16,12,1.65,19.8,0
544115,22748,12727,2011-02-16,12,2.1,25.2,0
544115,22747,12727,2011-02-16,6,2.1,12.6,0
544115,21703,12727,2011-02-16,24,0.42,10.08,0
544115,21890,12727,2011-02-16,6,2.95,17.7,0
544115,21891,12727,2011-02-16,12,1.25,15.0,0
544115,22620,12727,2011-02-16,12,1.25,15.0,0
544115,22523,12727,2011-02-16,12,0.85,10.2,0
544115,22520,12727,2011-02-16,12,0.85,10.2,0
544115,22521,12727,2011-02-16,12,0.85,10.2,0
544115,22522,12727,2011-02-16,12,0.85,10.2,0
544115,22492,12727,2011-02-16,36,0.65,23.4,0
544115,21354,12727,2011-02-16,12,1.25,15.0,0
544115,21544,12727,2011-02-16,24,0.85,20.4,0
544115,22434,12727,2011-02-16,16,1.95,31.2,0
544115,22435,12727,2011-02-16,24,1.25,30.0,0
544115,POST,12727,2011-02-16,5,18.0,90.0,0
C544117,POST,12727,2011-02-16,-1,18.0,-18.0,1
544200,20725,12494,2011-02-17,10,1.65,16.5,0
544200,22383,12494,2011-02-17,10,1.65,16.5,0
544200,21843,12494,2011-02-17,2,10.95,21.9,0
544200,84997C,12494,2011-02-17,4,4.15,16.6,0
544200,84997B,12494,2011-02-17,4,4.15,16.6,0
544200,85169D,12494,2011-02-17,12,1.25,15.0,0
544200,85170D,12494,2011-02-17,6,2.1,12.6,0
544200,85173,12494,2011-02-17,6,2.55,15.3,0
544200,22355,12494,2011-02-17,10,0.85,8.5,0
544200,22356,12494,2011-02-17,10,0.85,8.5,0
544200,22661,12494,2011-02-17,10,0.85,8.5,0
544200,20724,12494,2011-02-17,10,0.85,8.5,0
544200,21931,12494,2011-02-17,10,1.95,19.5,0
544200,21936,12494,2011-02-17,5,2.95,14.75,0
544200,21937,12494,2011-02-17,5,2.95,14.75,0
544200,POST,12494,2011-02-17,2,18.0,36.0,0
544355,22367,12714,2011-02-18,8,1.95,15.6,0
544355,22898,12714,2011-02-18,8,1.95,15.6,0
544355,40016,12714,2011-02-18,24,0.42,10.08,0
544355,22236,12714,2011-02-18,2,12.75,25.5,0
544355,21086,12714,2011-02-18,12,0.65,7.8,0
544355,21987,12714,2011-02-18,12,0.65,7.8,0
544355,21078,12714,2011-02-18,12,0.85,10.2,0
544355,21080,12714,2011-02-18,12,0.85,10.2,0
544355,21989,12714,2011-02-18,12,0.85,10.2,0
544355,21094,12714,2011-02-18,12,0.85,10.2,0
544355,21988,12714,2011-02-18,12,0.85,10.2,0
544355,21154,12714,2011-02-18,10,1.25,12.5,0
544355,22350,12714,2011-02-18,6,2.55,15.3,0
544355,21980,12714,2011-02-18,24,0.29,6.96,0
544355,21981,12714,2011-02-18,24,0.29,6.96,0
544355,21982,12714,2011-02-18,24,0.29,6.96,0
544355,22614,12714,2011-02-18,24,0.29,6.96,0
544355,22615,12714,2011-02-18,24,0.29,6.96,0
544355,21731,12714,2011-02-18,12,1.65,19.8,0
544355,22466,12714,2011-02-18,12,1.95,23.4,0
544355,22637,12714,2011-02-18,8,2.55,20.4,0
544355,21915,12714,2011-02-18,12,1.25,15.0,0
544355,20676,12714,2011-02-18,16,1.25,20.0,0
544355,20677,12714,2011-02-18,8,1.25,10.0,0
544355,21246,12714,2011-02-18,6,4.95,29.7,0
544355,22348,12714,2011-02-18,12,0.85,10.2,0
544355,22072,12714,2011-02-18,8,3.75,30.0,0
544355,84625A,12714,2011-02-18,24,0.85,20.4,0
544355,20685,12714,2011-02-18,4,7.95,31.8,0
544355,22365,12714,2011-02-18,2,7.95,15.9,0
544355,21524,12714,2011-02-18,2,7.95,15.9,0
544355,71101E,12714,2011-02-18,12,0.85,10.2,0
544355,21985,12714,2011-02-18,24,0.29,6.96,0
544355,84821,12714,2011-02-18,12,0.85,10.2,0
544355,22567,12714,2011-02-18,12,1.25,15.0,0
544355,21042,12714,2011-02-18,6,5.95,35.7,0
544355,21126,12714,2011-02-18,12,1.25,15.0,0
544355,85039A,12714,2011-02-18,12,1.65,19.8,0
544355,85040A,12714,2011-02-18,12,1.65,19.8,0
544355,85230G,12714,2011-02-18,24,0.29,6.96,0
544355,85230E,12714,2011-02-18,24,0.29,6.96,0
544355,22029,12714,2011-02-18,12,0.42,5.04,0
544355,22904,12714,2011-02-18,6,2.95,17.7,0
544355,22740,12714,2011-02-18,96,0.85,81.6,0
544355,22741,12714,2011-02-18,48,0.85,40.8,0
544355,21328,12714,2011-02-18,12,1.65,19.8,0
544355,20665,12714,2011-02-18,6,2.95,17.7,0
544355,20686,12714,2011-02-18,6,3.25,19.5,0
544355,20681,12714,2011-02-18,6,3.25,19.5,0
544355,20682,12714,2011-02-18,6,3.25,19.5,0
544355,20684,12714,2011-02-18,6,3.25,19.5,0
544355,22899,12714,2011-02-18,6,2.1,12.6,0
544355,POST,12714,2011-02-18,5,18.0,90.0,0
C544422,79191C,12553,2011-02-18,-12,0.85,-10.2,1
544423,79190B,12553,2011-02-18,15,0.42,6.3,0
544470,22514,12707,2011-02-21,6,2.1,12.6,0
544470,22515,12707,2011-02-21,6,2.1,12.6,0
544470,22516,12707,2011-02-21,6,2.1,12.6,0
544470,22517,12707,2011-02-21,6,2.1,12.6,0
544470,22518,12707,2011-02-21,6,2.1,12.6,0
544470,22519,12707,2011-02-21,6,2.1,12.6,0
544470,22520,12707,2011-02-21,12,0.85,10.2,0
544470,22521,12707,2011-02-21,12,0.85,10.2,0
544470,22522,12707,2011-02-21,12,0.85,10.2,0
544470,22523,12707,2011-02-21,12,0.85,10.2,0
544470,22524,12707,2011-02-21,10,1.25,12.5,0
544470,22525,12707,2011-02-21,10,1.25,12.5,0
544470,22619,12707,2011-02-21,4,3.75,15.0,0
544470,22605,12707,2011-02-21,4,12.75,51.0,0
544470,22606,12707,2011-02-21,4,12.75,51.0,0
544470,22607,12707,2011-02-21,8,8.5,68.0,0
544470,22713,12707,2011-02-21,12,0.42,5.04,0
544470,22900,12707,2011-02-21,6,2.95,17.7,0
544470,22891,12707,2011-02-21,3,4.25,12.75,0
544470,21527,12707,2011-02-21,2,7.95,15.9,0
544470,21528,12707,2011-02-21,6,6.95,41.7,0
544470,22970,12707,2011-02-21,6,2.55,15.3,0
544470,22971,12707,2011-02-21,6,2.55,15.3,0
544470,37370,12707,2011-02-21,12,1.25,15.0,0
544470,22969,12707,2011-02-21,12,1.45,17.4,0
544470,22084,12707,2011-02-21,6,2.95,17.7,0
544470,22139,12707,2011-02-21,6,4.95,29.7,0
544470,22659,12707,2011-02-21,12,1.95,23.4,0
544470,22922,12707,2011-02-21,12,0.85,10.2,0
544470,22109,12707,2011-02-21,4,3.75,15.0,0
544470,22623,12707,2011-02-21,3,4.95,14.85,0
544470,22037,12707,2011-02-21,12,0.42,5.04,0
544470,22024,12707,2011-02-21,12,0.42,5.04,0
544585,23231,12523,2011-02-21,25,0.42,10.5,0
544585,22891,12523,2011-02-21,3,4.25,12.75,0
544585,22354,12523,2011-02-21,5,3.75,18.75,0
544585,22282,12523,2011-02-21,2,12.75,25.5,0
544585,22861,12523,2011-02-21,12,1.65,19.8,0
544585,22857,12523,2011-02-21,24,0.85,20.4,0
544585,22957,12523,2011-02-21,6,2.95,17.7,0
544585,POST,12523,2011-02-21,1,18.0,18.0,0
C544609,85170D,12494,2011-02-22,-3,2.1,-6.3,1
C544679,22628,12616,2011-02-22,-3,4.95,-14.85,1
C544679,20983,12616,2011-02-22,-4,0.85,-3.4,1
544817,22197,12437,2011-02-23,12,0.85,10.2,0
544817,20676,12437,2011-02-23,8,1.25,10.0,0
544817,22215,12437,2011-02-23,4,8.5,34.0,0
544817,22132,12437,2011-02-23,12,0.85,10.2,0
544817,22133,12437,2011-02-23,12,0.85,10.2,0
544817,22435,12437,2011-02-23,36,1.25,45.0,0
544817,21559,12437,2011-02-23,12,2.55,30.6,0
544817,21509,12437,2011-02-23,12,0.42,5.04,0
544817,22551,12437,2011-02-23,12,1.65,19.8,0
544817,22556,12437,2011-02-23,12,1.65,19.8,0
544817,22693,12437,2011-02-23,24,1.25,30.0,0
544817,22492,12437,2011-02-23,36,0.65,23.4,0
544817,21208,12437,2011-02-23,12,1.65,19.8,0
544817,21209,12437,2011-02-23,12,1.65,19.8,0
544817,22716,12437,2011-02-23,24,0.42,10.08,0
544817,22714,12437,2011-02-23,24,0.42,10.08,0
544817,POST,12437,2011-02-23,2,18.0,36.0,0
544818,22893,12437,2011-02-23,48,0.42,20.16,0
544818,84380,12437,2011-02-23,12,1.25,15.0,0
544818,21121,12437,2011-02-23,24,1.25,30.0,0
544818,22352,12437,2011-02-23,12,2.55,30.6,0
545051,21122,12599,2011-02-27,24,1.25,30.0,0
545051,21124,12599,2011-02-27,24,1.25,30.0,0
545051,20676,12599,2011-02-27,16,1.25,20.0,0
545051,22964,12599,2011-02-27,6,2.1,12.6,0
545051,POST,12599,2011-02-27,1,18.0,18.0,0
545086,22893,12678,2011-02-28,24,0.42,10.08,0
545086,21977,12678,2011-02-28,24,0.55,13.2,0
545086,21212,12678,2011-02-28,24,0.55,13.2,0
545086,22138,12678,2011-02-28,9,4.95,44.55,0
545086,21535,12678,2011-02-28,18,2.55,45.9,0
545086,22073,12678,2011-02-28,12,3.75,45.0,0
545086,22964,12678,2011-02-28,12,2.1,25.2,0
545086,84375,12678,2011-02-28,36,2.1,75.6,0
545086,22736,12678,2011-02-28,10,1.65,16.5,0
545086,22737,12678,2011-02-28,10,1.65,16.5,0
545086,22739,12678,2011-02-28,10,1.65,16.5,0
545086,21976,12678,2011-02-28,24,0.55,13.2,0
545086,POST,12678,2011-02-28,1,18.0,18.0,0
545105,22367,12598,2011-02-28,8,1.95,15.6,0
545105,22382,12598,2011-02-28,10,1.65,16.5,0
545105,22629,12598,2011-02-28,24,1.95,46.8,0
545105,22544,12598,2011-02-28,24,0.42,10.08,0
545105,22303,12598,2011-02-28,6,2.55,15.3,0
545105,20665,12598,2011-02-28,12,2.95,35.4,0
545105,20724,12598,2011-02-28,10,0.85,8.5,0
545105,22352,12598,2011-02-28,6,2.55,15.3,0
545105,21559,12598,2011-02-28,6,2.55,15.3,0
545105,22659,12598,2011-02-28,24,1.95,46.8,0
545105,22902,12598,2011-02-28,12,2.1,25.2,0
545105,22970,12598,2011-02-28,12,2.55,30.6,0
545105,21700,12598,2011-02-28,12,0.85,10.2,0
545105,22390,12598,2011-02-28,6,2.55,15.3,0
545105,48138,12598,2011-02-28,8,7.95,63.6,0
545105,22539,12598,2011-02-28,24,0.42,10.08,0
545105,22899,12598,2011-02-28,12,2.1,25.2,0
545105,22630,12598,2011-02-28,12,1.95,23.4,0
545105,22661,12598,2011-02-28,10,0.85,8.5,0
545105,22181,12598,2011-02-28,24,0.85,20.4,0
545105,22551,12598,2011-02-28,12,1.65,19.8,0
545105,22556,12598,2011-02-28,12,1.65,19.8,0
545105,22554,12598,2011-02-28,12,1.65,19.8,0
545105,22660,12598,2011-02-28,6,7.95,47.7,0
545105,22366,12598,2011-02-28,6,7.95,47.7,0
545105,POST,12598,2011-02-28,6,18.0,108.0,0
545180,20750,12728,2011-02-28,2,7.95,15.9,0
545180,22747,12728,2011-02-28,6,2.1,12.6,0
545180,22748,12728,2011-02-28,6,2.1,12.6,0
545180,22467,12728,2011-02-28,6,2.55,15.3,0
545180,22781,12728,2011-02-28,2,7.65,15.3,0
545180,22435,12728,2011-02-28,12,1.25,15.0,0
545180,22961,12728,2011-02-28,12,1.45,17.4,0
545180,22352,12728,2011-02-28,6,2.55,15.3,0
545180,21242,12728,2011-02-28,8,1.69,13.52,0
545180,84997B,12728,2011-02-28,6,4.15,24.9,0
545180,84997C,12728,2011-02-28,6,4.15,24.9,0
545180,POST,12728,2011-02-28,1,18.0,18.0,0
545181,47566,12509,2011-02-28,10,4.95,49.5,0
545181,47566B,12509,2011-02-28,10,4.95,49.5,0
545181,22356,12509,2011-02-28,10,0.85,8.5,0
545181,22355,12509,2011-02-28,10,0.85,8.5,0
545181,20723,12509,2011-02-28,10,0.85,8.5,0
545181,22752,12509,2011-02-28,4,8.5,34.0,0
545181,POST,12509,2011-02-28,1,18.0,18.0,0
545235,21559,12683,2011-03-01,6,2.55,15.3,0
545235,21207,12683,2011-03-01,24,1.65,39.6,0
545235,22129,12683,2011-03-01,24,0.85,20.4,0
545235,22328,12683,2011-03-01,6,2.95,17.7,0
545235,21212,12683,2011-03-01,24,0.55,13.2,0
545235,84988,12683,2011-03-01,12,1.45,17.4,0
545235,84828,12683,2011-03-01,12,1.25,15.0,0
545235,22890,12683,2011-03-01,2,9.95,19.9,0
545235,84375,12683,2011-03-01,12,2.1,25.2,0
545235,84692,12683,2011-03-01,25,0.42,10.5,0
545235,22077,12683,2011-03-01,24,1.65,39.6,0
545235,21544,12683,2011-03-01,24,0.85,20.4,0
545235,22748,12683,2011-03-01,6,2.1,12.6,0
545235,22437,12683,2011-03-01,20,0.85,17.0,0
545235,22620,12683,2011-03-01,12,1.25,15.0,0
545235,22549,12683,2011-03-01,12,1.45,17.4,0
545235,POST,12683,2011-03-01,2,18.0,36.0,0
545301,POST,12679,2011-03-01,4,18.0,72.0,0
545301,22089,12679,2011-03-01,6,2.95,17.7,0
545301,22090,12679,2011-03-01,6,2.95,17.7,0
545301,22432,12679,2011-03-01,8,1.95,15.6,0
545301,22433,12679,2011-03-01,8,1.95,15.6,0
545301,22431,12679,2011-03-01,8,1.95,15.6,0
545301,22444,12679,2011-03-01,24,1.25,30.0,0
545301,22554,12679,2011-03-01,12,1.65,19.8,0
545301,22551,12679,2011-03-01,12,1.65,19.8,0
545301,84997A,12679,2011-03-01,5,4.15,20.75,0
545301,84997D,12679,2011-03-01,5,4.15,20.75,0
545301,84997C,12679,2011-03-01,5,4.15,20.75,0
545301,84997B,12679,2011-03-01,5,4.15,20.75,0
545301,21239,12679,2011-03-01,8,0.85,6.8,0
545301,21240,12679,2011-03-01,8,0.85,6.8,0
545301,21238,12679,2011-03-01,8,0.85,6.8,0
545301,20677,12679,2011-03-01,8,1.25,10.0,0
545301,20675,12679,2011-03-01,8,1.25,10.0,0
545301,20676,12679,2011-03-01,8,1.25,10.0,0
545301,21243,12679,2011-03-01,8,1.69,13.52,0
545301,21242,12679,2011-03-01,8,1.69,13.52,0
545301,22328,12679,2011-03-01,6,2.95,17.7,0
545301,22636,12679,2011-03-01,3,8.5,25.5,0
545301,22634,12679,2011-03-01,3,9.95,29.85,0
545301,22617,12679,2011-03-01,3,4.95,14.85,0
545301,22367,12679,2011-03-01,8,1.95,15.6,0
545301,21156,12679,2011-03-01,8,1.95,15.6,0
545301,22468,12679,2011-03-01,4,6.75,27.0,0
545301,21561,12679,2011-03-01,6,2.55,15.3,0
545301,21559,12679,2011-03-01,6,2.55,15.3,0
545301,22631,12679,2011-03-01,12,1.95,23.4,0
545301,22629,12679,2011-03-01,12,1.95,23.4,0
545301,22559,12679,2011-03-01,12,1.25,15.0,0
545301,21251,12679,2011-03-01,6,2.95,17.7,0
545301,21249,12679,2011-03-01,6,2.95,17.7,0
545301,20977,12679,2011-03-01,16,1.25,20.0,0
545301,20979,12679,2011-03-01,16,1.25,20.0,0
545301,20681,12679,2011-03-01,5,3.25,16.25,0
545301,20682,12679,2011-03-01,6,3.25,19.5,0
545301,21054,12679,2011-03-01,3,8.95,26.85,0
545301,21731,12679,2011-03-01,12,1.65,19.8,0
545301,21244,12679,2011-03-01,8,1.69,13.52,0
545515,22957,12727,2011-03-03,12,2.95,35.4,0
545515,22087,12727,2011-03-03,6,2.95,17.7,0
545515,22090,12727,2011-03-03,12,2.95,35.4,0
545515,47566B,12727,2011-03-03,4,4.95,19.8,0
545515,21200,12727,2011-03-03,12,1.65,19.8,0
545515,21086,12727,2011-03-03,12,0.65,7.8,0
545515,21087,12727,2011-03-03,24,0.65,15.6,0
545515,21084,12727,2011-03-03,12,0.65,7.8,0
545515,21090,12727,2011-03-03,12,0.85,10.2,0
545515,21094,12727,2011-03-03,24,0.85,20.4,0
545515,21080,12727,2011-03-03,12,0.85,10.2,0
545515,84978,12727,2011-03-03,12,1.25,15.0,0
545515,22027,12727,2011-03-03,12,0.42,5.04,0
545515,22715,12727,2011-03-03,12,0.42,5.04,0
545515,22984,12727,2011-03-03,24,0.42,10.08,0
545515,22859,12727,2011-03-03,6,1.65,9.9,0
545515,22860,12727,2011-03-03,6,1.65,9.9,0
545515,47570B,12727,2011-03-03,2,10.65,21.3,0
545515,21977,12727,2011-03-03,24,0.55,13.2,0
545515,72760B,12727,2011-03-03,2,9.95,19.9,0
545515,84988,12727,2011-03-03,12,1.45,17.4,0
545515,22720,12727,2011-03-03,6,4.95,29.7,0
545515,22215,12727,2011-03-03,6,8.5,51.0,0
545515,22197,12727,2011-03-03,12,0.85,10.2,0
545515,21188,12727,2011-03-03,12,2.95,35.4,0
545515,21210,12727,2011-03-03,12,1.45,17.4,0
545515,22907,12727,2011-03-03,12,0.85,10.2,0
545515,POST,12727,2011-03-03,3,18.0,54.0,0
545517,21095,12727,2011-03-03,24,0.85,20.4,0
545517,POST,12727,2011-03-03,1,18.0,18.0,0
545583,85099B,12553,2011-03-04,30,1.95,58.5,0
545583,21931,12553,2011-03-04,10,1.95,19.5,0
545583,22139,12553,2011-03-04,3,4.95,14.85,0
545583,22617,12553,2011-03-04,3,4.95,14.85,0
545583,22138,12553,2011-03-04,3,4.95,14.85,0
545583,21891,12553,2011-03-04,12,1.25,15.0,0
545583,22090,12553,2011-03-04,6,2.95,17.7,0
545583,21731,12553,2011-03-04,12,1.65,19.8,0
545583,21559,12553,2011-03-04,6,2.55,15.3,0
545583,22435,12553,2011-03-04,12,1.25,15.0,0
545583,20749,12553,2011-03-04,2,7.95,15.9,0
545583,20971,12553,2011-03-04,12,1.25,15.0,0
545583,22749,12553,2011-03-04,4,3.75,15.0,0
545583,22570,12553,2011-03-04,4,3.75,15.0,0
545583,22568,12553,2011-03-04,4,3.75,15.0,0
545583,POST,12553,2011-03-04,2,18.0,36.0,0
C545837,22181,12598,2011-03-07,-24,0.85,-20.4,1
C545997,21156,12679,2011-03-08,-6,1.95,-11.7,1
C545997,22367,12679,2011-03-08,-8,1.95,-15.6,1
C545997,22634,12679,2011-03-08,-1,9.95,-9.95,1
546373,23007,12583,2011-03-11,6,14.95,89.7,0
546373,23010,12583,2011-03-11,3,16.95,50.85,0
546373,21559,12583,2011-03-11,12,2.55,30.6,0
546373,21042,12583,2011-03-11,6,5.95,35.7,0
546373,21080,12583,2011-03-11,24,0.85,20.4,0
546373,21086,12583,2011-03-11,24,0.65,15.6,0
546373,21094,12583,2011-03-11,24,0.85,20.4,0
546373,21240,12583,2011-03-11,8,0.85,6.8,0
546373,21731,12583,2011-03-11,24,1.65,39.6,0
546373,22333,12583,2011-03-11,24,1.65,39.6,0
546373,22331,12583,2011-03-11,8,1.65,13.2,0
546373,22556,12583,2011-03-11,24,1.65,39.6,0
546373,22554,12583,2011-03-11,24,1.65,39.6,0
546373,22729,12583,2011-03-11,4,3.75,15.0,0
546373,22197,12583,2011-03-11,36,0.85,30.6,0
546373,22090,12583,2011-03-11,18,2.95,53.1,0
546373,22492,12583,2011-03-11,36,0.65,23.4,0
546373,POST,12583,2011-03-11,2,18.0,36.0,0
546373,22991,12583,2011-03-11,12,1.95,23.4,0
546373,23009,12583,2011-03-11,6,14.95,89.7,0
546428,21206,12681,2011-03-13,12,1.65,19.8,0
546428,21731,12681,2011-03-13,24,1.65,39.6,0
546428,85227,12681,2011-03-13,12,0.85,10.2,0
546428,22746,12681,2011-03-13,6,2.1,12.6,0
546428,22747,12681,2011-03-13,6,2.1,12.6,0
546428,21439,12681,2011-03-13,12,1.25,15.0,0
546428,21452,12681,2011-03-13,6,2.95,17.7,0
546428,84012,12681,2011-03-13,12,2.55,30.6,0
546428,22967,12681,2011-03-13,6,2.95,17.7,0
546428,22957,12681,2011-03-13,6,2.95,17.7,0
546428,22320,12681,2011-03-13,3,5.95,17.85,0
546428,20702,12681,2011-03-13,6,4.25,25.5,0
546428,22620,12681,2011-03-13,12,1.25,15.0,0
546428,22560,12681,2011-03-13,24,1.25,30.0,0
546428,22586,12681,2011-03-13,12,0.85,10.2,0
546428,22565,12681,2011-03-13,12,0.85,10.2,0
546428,84228,12681,2011-03-13,12,0.42,5.04,0
546428,POST,12681,2011-03-13,2,18.0,36.0,0
546479,22620,12682,2011-03-14,12,1.25,15.0,0
546479,22966,12682,2011-03-14,12,1.25,15.0,0
546479,47566,12682,2011-03-14,12,4.95,59.4,0
546479,22993,12682,2011-03-14,12,1.25,15.0,0
546479,15056P,12682,2011-03-14,12,5.95,71.4,0
546479,22567,12682,2011-03-14,12,1.25,15.0,0
546479,22197,12682,2011-03-14,36,0.85,30.6,0
546479,20750,12682,2011-03-14,2,7.95,15.9,0
546479,21094,12682,2011-03-14,12,0.85,10.2,0
546479,20726,12682,2011-03-14,10,1.65,16.5,0
546479,22957,12682,2011-03-14,6,2.95,17.7,0
546479,22432,12682,2011-03-14,6,1.95,11.7,0
546479,21746,12682,2011-03-14,12,1.25,15.0,0
546479,23176,12682,2011-03-14,8,2.25,18.0,0
546479,23049,12682,2011-03-14,2,8.25,16.5,0
546479,23052,12682,2011-03-14,2,8.25,16.5,0
546479,23050,12682,2011-03-14,2,8.25,16.5,0
546479,23053,12682,2011-03-14,2,8.25,16.5,0
546479,21039,12682,2011-03-14,6,2.55,15.3,0
546479,22895,12682,2011-03-14,6,2.95,17.7,0
546479,POST,12682,2011-03-14,3,18.0,54.0,0
C546559,84978,12727,2011-03-15,-12,1.25,-15.0,1
546678,22436,12681,2011-03-15,20,0.65,13.0,0
546678,22326,12681,2011-03-15,6,2.95,17.7,0
546678,21137,12681,2011-03-15,8,3.75,30.0,0
546678,22041,12681,2011-03-15,12,2.55,30.6,0
546678,22904,12681,2011-03-15,6,2.95,17.7,0
546678,22716,12681,2011-03-15,12,0.42,5.04,0
546678,21239,12681,2011-03-15,8,0.85,6.8,0
546678,21086,12681,2011-03-15,12,0.65,7.8,0
546678,21094,12681,2011-03-15,12,0.85,10.2,0
546678,21988,12681,2011-03-15,12,0.85,10.2,0
546678,21058,12681,2011-03-15,12,0.85,10.2,0
546678,22352,12681,2011-03-15,6,2.55,15.3,0
546678,22452,12681,2011-03-15,6,2.95,17.7,0
546678,21700,12681,2011-03-15,12,0.85,10.2,0
546678,20719,12681,2011-03-15,10,0.85,8.5,0
546678,20724,12681,2011-03-15,10,0.85,8.5,0
546678,22312,12681,2011-03-15,6,2.95,17.7,0
546678,22894,12681,2011-03-15,4,9.95,39.8,0
546678,22556,12681,2011-03-15,12,1.65,19.8,0
546678,21706,12681,2011-03-15,4,4.95,19.8,0
546678,22197,12681,2011-03-15,12,0.85,10.2,0
546678,22892,12681,2011-03-15,12,1.25,15.0,0
546678,21080,12681,2011-03-15,12,0.85,10.2,0
546678,21989,12681,2011-03-15,12,0.85,10.2,0
546678,22652,12681,2011-03-15,10,1.65,16.5,0
546678,22895,12681,2011-03-15,6,2.95,17.7,0
546678,21731,12681,2011-03-15,24,1.65,39.6,0
546678,POST,12681,2011-03-15,3,18.0,54.0,0
546678,22467,12681,2011-03-15,36,2.1,75.6,0
546765,21219,12437,2011-03-16,10,1.25,12.5,0
546765,21086,12437,2011-03-16,36,0.65,23.4,0
546765,21094,12437,2011-03-16,12,0.85,10.2,0
546765,21080,12437,2011-03-16,12,0.85,10.2,0
546765,21244,12437,2011-03-16,8,1.69,13.52,0
546765,21843,12437,2011-03-16,3,10.95,32.85,0
546765,21243,12437,2011-03-16,16,1.69,27.04,0
546765,POST,12437,2011-03-16,1,18.0,18.0,0
546770,22423,12523,2011-03-16,1,12.75,12.75,0
546770,22269,12523,2011-03-16,8,1.25,10.0,0
546770,23178,12523,2011-03-16,6,2.89,17.34,0
546770,21671,12523,2011-03-16,12,1.25,15.0,0
546770,22797,12523,2011-03-16,1,16.95,16.95,0
546770,22967,12523,2011-03-16,6,2.95,17.7,0
546770,23233,12523,2011-03-16,25,0.42,10.5,0
546770,22720,12523,2011-03-16,3,4.95,14.85,0
547087,21086,12726,2011-03-20,24,0.65,15.6,0
547087,21094,12726,2011-03-20,24,0.85,20.4,0
547087,21080,12726,2011-03-20,12,0.85,10.2,0
547087,22492,12726,2011-03-20,36,0.65,23.4,0
547087,22333,12726,2011-03-20,8,1.65,13.2,0
547087,21544,12726,2011-03-20,24,0.85,20.4,0
547087,21121,12726,2011-03-20,24,1.25,30.0,0
547087,22544,12726,2011-03-20,24,0.42,10.08,0
547087,22539,12726,2011-03-20,72,0.42,30.24,0
547087,85173,12726,2011-03-20,18,2.55,45.9,0
547087,22620,12726,2011-03-20,12,1.25,15.0,0
547087,22531,12726,2011-03-20,72,0.42,30.24,0
547087,21212,12726,2011-03-20,24,0.55,13.2,0
547087,22540,12726,2011-03-20,48,0.42,20.16,0
547087,POST,12726,2011-03-20,1,18.0,18.0,0
547194,22628,12637,2011-03-21,3,4.95,14.85,0
547194,22992,12637,2011-03-21,1,1.95,1.95,0
547194,21154,12637,2011-03-21,2,1.25,2.5,0
547194,22895,12637,2011-03-21,1,2.95,2.95,0
547194,22649,12637,2011-03-21,2,4.95,9.9,0
547194,21218,12637,2011-03-21,6,3.75,22.5,0
547194,22720,12637,2011-03-21,2,4.95,9.9,0
547194,84596B,12637,2011-03-21,1,0.42,0.42,0
547194,84596J,12637,2011-03-21,1,0.42,0.42,0
547194,84596F,12637,2011-03-21,1,0.42,0.42,0
547194,22554,12637,2011-03-21,1,1.65,1.65,0
547194,22555,12637,2011-03-21,2,1.65,3.3,0
547194,22556,12637,2011-03-21,2,1.65,3.3,0
547194,22551,12637,2011-03-21,2,1.65,3.3,0
547194,22553,12637,2011-03-21,2,1.65,3.3,0
547194,22554,12637,2011-03-21,1,1.65,1.65,0
547194,22326,12637,2011-03-21,4,2.95,11.8,0
547194,22328,12637,2011-03-21,6,2.95,17.7,0
547194,22629,12637,2011-03-21,2,1.95,3.9,0
547194,22631,12637,2011-03-21,2,1.95,3.9,0
547194,21930,12637,2011-03-21,1,1.95,1.95,0
547194,20713,12637,2011-03-21,2,1.95,3.9,0
547194,22663,12637,2011-03-21,1,1.95,1.95,0
547194,85099B,12637,2011-03-21,1,1.95,1.95,0
547194,22385,12637,2011-03-21,3,1.95,5.85,0
547194,20727,12637,2011-03-21,2,1.65,3.3,0
547194,22382,12637,2011-03-21,2,1.65,3.3,0
547194,20726,12637,2011-03-21,1,1.65,1.65,0
547194,20725,12637,2011-03-21,3,1.65,4.95,0
547194,20728,12637,2011-03-21,1,1.65,1.65,0
547194,22383,12637,2011-03-21,2,1.65,3.3,0
547194,22662,12637,2011-03-21,1,1.65,1.65,0
547194,22558,12637,2011-03-21,2,1.49,2.98,0
547194,20914,12637,2011-03-21,3,2.95,8.85,0
547194,22892,12637,2011-03-21,6,1.25,7.5,0
547194,21232,12637,2011-03-21,4,1.25,5.0,0
547194,21216,12637,2011-03-21,3,4.95,14.85,0
547194,21035,12637,2011-03-21,1,3.25,3.25,0
547194,22895,12637,2011-03-21,1,2.95,2.95,0
547194,22908,12637,2011-03-21,1,0.85,0.85,0
547196,23004,12637,2011-03-21,1,0.42,0.42,0
547196,22999,12637,2011-03-21,1,0.42,0.42,0
547196,23000,12637,2011-03-21,2,0.42,0.84,0
547196,20665,12637,2011-03-21,1,2.95,2.95,0
547327,22975,12681,2011-03-22,12,1.25,15.0,0
547327,22976,12681,2011-03-22,12,1.25,15.0,0
547327,22990,12681,2011-03-22,2,4.95,9.9,0
547327,21559,12681,2011-03-22,6,2.55,15.3,0
547327,22352,12681,2011-03-22,6,2.55,15.3,0
547327,22139,12681,2011-03-22,3,4.95,14.85,0
547327,22745,12681,2011-03-22,6,2.1,12.6,0
547327,22748,12681,2011-03-22,6,2.1,12.6,0
547327,21889,12681,2011-03-22,12,1.25,15.0,0
547327,22502,12681,2011-03-22,4,5.95,23.8,0
547327,22138,12681,2011-03-22,3,4.95,14.85,0
547327,22326,12681,2011-03-22,12,2.95,35.4,0
547327,84997A,12681,2011-03-22,4,4.15,16.6,0
547327,84997B,12681,2011-03-22,4,4.15,16.6,0
547327,20725,12681,2011-03-22,10,1.65,16.5,0
547327,22328,12681,2011-03-22,6,2.95,17.7,0
547327,22329,12681,2011-03-22,12,1.65,19.8,0
547327,22431,12681,2011-03-22,6,1.95,11.7,0
547327,22467,12681,2011-03-22,6,2.55,15.3,0
547327,21731,12681,2011-03-22,12,1.65,19.8,0
547327,22398,12681,2011-03-22,12,1.25,15.0,0
547327,20749,12681,2011-03-22,2,7.95,15.9,0
547327,20750,12681,2011-03-22,2,7.95,15.9,0
547327,22035,12681,2011-03-22,12,0.42,5.04,0
547327,22815,12681,2011-03-22,12,0.42,5.04,0
547327,23054,12681,2011-03-22,2,8.25,16.5,0
547327,23052,12681,2011-03-22,2,8.25,16.5,0
547327,23049,12681,2011-03-22,2,8.25,16.5,0
547327,22727,12681,2011-03-22,4,3.75,15.0,0
547327,22729,12681,2011-03-22,4,3.75,15.0,0
547327,POST,12681,2011-03-22,3,18.0,54.0,0
547492,22138,12604,2011-03-23,6,4.95,29.7,0
547492,21213,12604,2011-03-23,24,0.55,13.2,0
547492,21212,12604,2011-03-23,24,0.55,13.2,0
547492,84991,12604,2011-03-23,24,0.55,13.2,0
547492,21210,12604,2011-03-23,12,1.45,17.4,0
547492,21122,12604,2011-03-23,24,1.25,30.0,0
547492,47591D,12604,2011-03-23,8,1.95,15.6,0
547492,22367,12604,2011-03-23,8,1.95,15.6,0
547492,22964,12604,2011-03-23,6,2.1,12.6,0
547492,POST,12604,2011-03-23,1,18.0,18.0,0
547504,21212,12683,2011-03-23,24,0.55,13.2,0
547504,21977,12683,2011-03-23,24,0.55,13.2,0
547504,84991,12683,2011-03-23,24,0.55,13.2,0
547504,84992,12683,2011-03-23,24,0.55,13.2,0
547504,22960,12683,2011-03-23,6,4.25,25.5,0
547504,22961,12683,2011-03-23,12,1.45,17.4,0
547504,84997D,12683,2011-03-23,6,4.15,24.9,0
547504,84997B,12683,2011-03-23,6,4.15,24.9,0
547504,21238,12683,2011-03-23,16,0.85,13.6,0
547504,22437,12683,2011-03-23,20,0.85,17.0,0
547504,22436,12683,2011-03-23,20,0.65,13.0,0
547504,20971,12683,2011-03-23,12,1.25,15.0,0
547504,22435,12683,2011-03-23,100,1.06,106.0,0
547504,22704,12683,2011-03-23,25,0.42,10.5,0
547504,22908,12683,2011-03-23,60,0.85,51.0,0
547504,21946,12683,2011-03-23,12,0.85,10.2,0
547504,21943,12683,2011-03-23,12,0.85,10.2,0
547504,22303,12683,2011-03-23,36,2.1,75.6,0
547504,22898,12683,2011-03-23,8,1.95,15.6,0
547504,22302,12683,2011-03-23,36,2.1,75.6,0
547504,22705,12683,2011-03-23,25,0.42,10.5,0
547504,21087,12683,2011-03-23,24,0.65,15.6,0
547504,21086,12683,2011-03-23,24,0.65,15.6,0
547504,21987,12683,2011-03-23,12,0.65,7.8,0
547504,21080,12683,2011-03-23,12,0.85,10.2,0
547504,21989,12683,2011-03-23,12,0.85,10.2,0
547504,21094,12683,2011-03-23,24,0.85,20.4,0
547504,21988,12683,2011-03-23,24,0.85,20.4,0
547504,21239,12683,2011-03-23,8,0.85,6.8,0
547504,21242,12683,2011-03-23,8,1.69,13.52,0
547504,21243,12683,2011-03-23,8,1.69,13.52,0
547504,22993,12683,2011-03-23,12,1.25,15.0,0
547504,23231,12683,2011-03-23,25,0.42,10.5,0
547504,22027,12683,2011-03-23,12,0.42,5.04,0
547504,POST,12683,2011-03-23,8,18.0,144.0,0
547508,22629,12683,2011-03-23,64,1.65,105.6,0
547508,22659,12683,2011-03-23,64,1.65,105.6,0
547508,22630,12683,2011-03-23,24,1.95,46.8,0
547508,21210,12683,2011-03-23,12,1.45,17.4,0
547508,21121,12683,2011-03-23,24,1.25,30.0,0
547508,21122,12683,2011-03-23,24,1.25,30.0,0
547508,21124,12683,2011-03-23,24,1.25,30.0,0
547508,21195,12683,2011-03-23,6,2.1,12.6,0
547520,22631,12564,2011-03-23,12,1.95,23.4,0
547520,22629,12564,2011-03-23,12,1.95,23.4,0
547520,22659,12564,2011-03-23,12,1.95,23.4,0
547520,22630,12564,2011-03-23,12,1.95,23.4,0
547520,22628,12564,2011-03-23,4,4.95,19.8,0
547520,22326,12564,2011-03-23,6,2.95,17.7,0
547520,22328,12564,2011-03-23,6,2.95,17.7,0
547520,22329,12564,2011-03-23,12,1.65,19.8,0
547520,22383,12564,2011-03-23,10,1.65,16.5,0
547520,23009,12564,2011-03-23,1,16.95,16.95,0
547520,23007,12564,2011-03-23,2,16.95,33.9,0
547520,22384,12564,2011-03-23,10,1.65,16.5,0
547520,20750,12564,2011-03-23,2,7.95,15.9,0
547520,21708,12564,2011-03-23,4,4.95,19.8,0
547520,21711,12564,2011-03-23,4,4.95,19.8,0
547520,21707,12564,2011-03-23,4,4.95,19.8,0
547520,21709,12564,2011-03-23,4,4.95,19.8,0
547520,21710,12564,2011-03-23,4,4.95,19.8,0
547520,84429A,12564,2011-03-23,6,2.95,17.7,0
547520,85014A,12564,2011-03-23,3,5.95,17.85,0
547520,POST,12564,2011-03-23,3,18.0,54.0,0
547722,20973,12553,2011-03-25,24,0.65,15.6,0
547722,20725,12553,2011-03-25,10,1.65,16.5,0
547722,15056BL,12553,2011-03-25,3,5.95,17.85,0
547722,51014L,12553,2011-03-25,12,0.85,10.2,0
547722,22621,12553,2011-03-25,12,1.45,17.4,0
547722,21056,12553,2011-03-25,2,8.95,17.9,0
547722,22331,12553,2011-03-25,8,1.65,13.2,0
547722,22333,12553,2011-03-25,8,1.65,13.2,0
547722,21094,12553,2011-03-25,12,0.85,10.2,0
547722,21080,12553,2011-03-25,24,0.85,20.4,0
547722,21086,12553,2011-03-25,12,0.65,7.8,0
547722,21084,12553,2011-03-25,12,0.65,7.8,0
547722,21090,12553,2011-03-25,12,0.85,10.2,0
547722,20712,12553,2011-03-25,10,1.95,19.5,0
547722,84077,12553,2011-03-25,48,0.29,13.92,0
547722,22352,12553,2011-03-25,6,2.55,15.3,0
547722,84997B,12553,2011-03-25,4,4.15,16.6,0
547722,22957,12553,2011-03-25,6,2.95,17.7,0
547722,21219,12553,2011-03-25,10,1.25,12.5,0
547722,20724,12553,2011-03-25,10,0.85,8.5,0
547722,84997D,12553,2011-03-25,4,4.15,16.6,0
547722,22029,12553,2011-03-25,12,0.42,5.04,0
547722,POST,12553,2011-03-25,3,18.0,54.0,0
547863,22957,12728,2011-03-27,6,2.95,17.7,0
547863,21731,12728,2011-03-27,12,1.65,19.8,0
547863,22423,12728,2011-03-27,2,12.75,25.5,0
547863,21843,12728,2011-03-27,2,10.95,21.9,0
547863,21746,12728,2011-03-27,12,1.25,15.0,0
547863,22605,12728,2011-03-27,1,14.95,14.95,0
547863,21212,12728,2011-03-27,24,0.55,13.2,0
547863,POST,12728,2011-03-27,2,18.0,36.0,0
547892,22191,12669,2011-03-28,2,8.5,17.0,0
547892,22192,12669,2011-03-28,2,8.5,17.0,0
547892,22193,12669,2011-03-28,2,8.5,17.0,0
547892,22630,12669,2011-03-28,12,1.95,23.4,0
547892,22662,12669,2011-03-28,10,1.65,16.5,0
547892,22661,12669,2011-03-28,10,0.85,8.5,0
547892,22949,12669,2011-03-28,12,1.45,17.4,0
547892,22951,12669,2011-03-28,24,0.55,13.2,0
547892,22417,12669,2011-03-28,24,0.55,13.2,0
547892,22629,12669,2011-03-28,12,1.95,23.4,0
547892,22382,12669,2011-03-28,10,1.65,16.5,0
547892,22659,12669,2011-03-28,12,1.95,23.4,0
547892,22971,12669,2011-03-28,6,2.55,15.3,0
547892,22713,12669,2011-03-28,12,0.42,5.04,0
547892,22616,12669,2011-03-28,24,0.29,6.96,0
547892,22970,12669,2011-03-28,6,2.55,15.3,0
547892,22551,12669,2011-03-28,12,1.65,19.8,0
547892,22555,12669,2011-03-28,12,1.65,19.8,0
547892,22556,12669,2011-03-28,12,1.65,19.8,0
547892,22557,12669,2011-03-28,12,1.65,19.8,0
547892,22554,12669,2011-03-28,12,1.65,19.8,0
547892,22553,12669,2011-03-28,12,1.65,19.8,0
547892,21981,12669,2011-03-28,24,0.29,6.96,0
547892,22614,12669,2011-03-28,24,0.29,6.96,0
547892,21983,12669,2011-03-28,24,0.29,6.96,0
547892,21980,12669,2011-03-28,24,0.29,6.96,0
547892,20723,12669,2011-03-28,10,0.85,8.5,0
547892,20719,12669,2011-03-28,10,0.85,8.5,0
547892,20726,12669,2011-03-28,10,1.65,16.5,0
547892,85099F,12669,2011-03-28,10,1.95,19.5,0
547892,22992,12669,2011-03-28,12,1.95,23.4,0
547892,22197,12669,2011-03-28,12,0.85,10.2,0
547892,22973,12669,2011-03-28,12,1.65,19.8,0
547892,22631,12669,2011-03-28,12,1.95,23.4,0
547892,22997,12669,2011-03-28,24,0.42,10.08,0
547892,23006,12669,2011-03-28,24,0.42,10.08,0
547892,23004,12669,2011-03-28,24,0.42,10.08,0
547892,23000,12669,2011-03-28,24,0.42,10.08,0
547892,22900,12669,2011-03-28,6,2.95,17.7,0
547892,22399,12669,2011-03-28,12,1.25,15.0,0
547892,22396,12669,2011-03-28,12,1.25,15.0,0
547892,22922,12669,2011-03-28,12,0.85,10.2,0
547892,23178,12669,2011-03-28,6,2.89,17.34,0
547892,22400,12669,2011-03-28,12,1.25,15.0,0
547892,22781,12669,2011-03-28,2,7.65,15.3,0
547892,22626,12669,2011-03-28,2,8.5,17.0,0
547892,22727,12669,2011-03-28,4,3.75,15.0,0
547892,22726,12669,2011-03-28,4,3.75,15.0,0
547892,22729,12669,2011-03-28,4,3.75,15.0,0
547892,22907,12669,2011-03-28,12,0.85,10.2,0
547892,22960,12669,2011-03-28,6,4.25,25.5,0
547892,22328,12669,2011-03-28,6,2.95,17.7,0
547892,22908,12669,2011-03-28,12,0.85,10.2,0
547892,22895,12669,2011-03-28,6,2.95,17.7,0
547892,22892,12669,2011-03-28,12,1.25,15.0,0
547892,22303,12669,2011-03-28,6,2.55,15.3,0
547892,22302,12669,2011-03-28,6,2.55,15.3,0
547892,22859,12669,2011-03-28,12,1.65,19.8,0
547892,22856,12669,2011-03-28,12,1.25,15.0,0
547892,22585,12669,2011-03-28,12,1.25,15.0,0
547892,22931,12669,2011-03-28,6,2.55,15.3,0
547892,22930,12669,2011-03-28,6,2.55,15.3,0
547892,21210,12669,2011-03-28,12,1.45,17.4,0
547892,84987,12669,2011-03-28,12,1.45,17.4,0
547892,21976,12669,2011-03-28,24,0.55,13.2,0
547892,21212,12669,2011-03-28,24,0.55,13.2,0
547892,84991,12669,2011-03-28,24,0.55,13.2,0
547892,21977,12669,2011-03-28,24,0.55,13.2,0
547892,POST,12669,2011-03-28,6,18.0,108.0,0
548409,21843,12731,2011-03-31,6,10.95,65.7,0
548409,22072,12731,2011-03-31,24,3.39,81.36,0
548409,22697,12731,2011-03-31,12,2.95,35.4,0
548409,22699,12731,2011-03-31,12,2.95,35.4,0
548409,21844,12731,2011-03-31,36,2.55,91.8,0
548409,20682,12731,2011-03-31,24,3.25,78.0,0
548409,10125,12731,2011-03-31,40,0.85,34.0,0
548409,22423,12731,2011-03-31,16,10.95,175.2,0
548409,22745,12731,2011-03-31,24,2.1,50.4,0
548409,22747,12731,2011-03-31,12,2.1,25.2,0
548409,22746,12731,2011-03-31,24,2.1,50.4,0
548409,22748,12731,2011-03-31,24,2.1,50.4,0
548409,22139,12731,2011-03-31,12,4.95,59.4,0
548409,21889,12731,2011-03-31,24,1.25,30.0,0
548409,21915,12731,2011-03-31,36,1.25,45.0,0
548409,21914,12731,2011-03-31,36,1.25,45.0,0
548409,22549,12731,2011-03-31,36,1.45,52.2,0
548409,22620,12731,2011-03-31,48,1.25,60.0,0
548409,22553,12731,2011-03-31,48,1.65,79.2,0
548409,22492,12731,2011-03-31,144,0.65,93.6,0
548409,20685,12731,2011-03-31,10,6.75,67.5,0
548409,21524,12731,2011-03-31,10,6.75,67.5,0
548409,48138,12731,2011-03-31,10,6.75,67.5,0
548409,22367,12731,2011-03-31,16,1.95,31.2,0
548409,20725,12731,2011-03-31,20,1.65,33.0,0
548409,20727,12731,2011-03-31,10,1.65,16.5,0
548409,22629,12731,2011-03-31,12,1.95,23.4,0
548409,22630,12731,2011-03-31,12,1.95,23.4,0
548409,22352,12731,2011-03-31,24,2.55,61.2,0
548409,22662,12731,2011-03-31,10,1.65,16.5,0
548409,84879,12731,2011-03-31,160,1.45,232.0,0
548409,22203,12731,2011-03-31,8,3.75,30.0,0
548409,21539,12731,2011-03-31,6,4.95,29.7,0
548410,23007,12731,2011-03-31,6,14.95,89.7,0
548410,23010,12731,2011-03-31,6,14.95,89.7,0
548410,22992,12731,2011-03-31,60,1.95,117.0,0
548410,22991,12731,2011-03-31,60,1.95,117.0,0
548496,23157,12678,2011-03-31,1,2.08,2.08,0
548496,22941,12678,2011-03-31,1,8.5,8.5,0
548496,22433,12678,2011-03-31,1,1.95,1.95,0
548496,22431,12678,2011-03-31,1,1.95,1.95,0
548496,22616,12678,2011-03-31,120,0.29,34.8,0
548496,22555,12678,2011-03-31,96,1.45,139.2,0
548496,22551,12678,2011-03-31,96,1.45,139.2,0
548496,22556,12678,2011-03-31,96,1.45,139.2,0
548496,22554,12678,2011-03-31,96,1.45,139.2,0
548496,22434,12678,2011-03-31,72,1.95,140.4,0
548496,22492,12678,2011-03-31,72,0.65,46.8,0
548496,21725,12678,2011-03-31,24,0.85,20.4,0
548496,21724,12678,2011-03-31,24,0.85,20.4,0
548496,21723,12678,2011-03-31,24,0.85,20.4,0
548496,22563,12678,2011-03-31,60,1.25,75.0,0
548496,22562,12678,2011-03-31,60,1.25,75.0,0
548496,85099F,12678,2011-03-31,200,1.79,358.0,0
548496,22386,12678,2011-03-31,200,1.79,358.0,0
548496,21094,12678,2011-03-31,96,0.64,61.44,0
548496,21086,12678,2011-03-31,108,0.65,70.2,0
548496,21080,12678,2011-03-31,96,0.72,69.12,0
548496,22963,12678,2011-03-31,96,0.72,69.12,0
548496,22962,12678,2011-03-31,96,0.72,69.12,0
548496,22961,12678,2011-03-31,48,1.45,69.6,0
548496,22978,12678,2011-03-31,18,3.75,67.5,0
548496,84375,12678,2011-03-31,96,2.1,201.6,0
548496,22989,12678,2011-03-31,100,2.75,275.0,0
548496,22900,12678,2011-03-31,72,3.25,234.0,0
548496,22937,12678,2011-03-31,36,2.55,91.8,0
548496,22133,12678,2011-03-31,72,0.85,61.2,0
548496,22132,12678,2011-03-31,72,0.85,61.2,0
548496,22726,12678,2011-03-31,8,3.75,30.0,0
548496,22728,12678,2011-03-31,8,3.75,30.0,0
548496,22846,12678,2011-03-31,4,14.95,59.8,0
548496,22432,12678,2011-03-31,1,1.95,1.95,0
548553,21472,12523,2011-04-01,6,3.75,22.5,0
548553,22262,12523,2011-04-01,12,0.85,10.2,0
548553,23231,12523,2011-04-01,25,0.42,10.5,0
548553,21844,12523,2011-04-01,6,2.95,17.7,0
548553,22957,12523,2011-04-01,6,2.95,17.7,0
548553,21533,12523,2011-04-01,3,4.95,14.85,0
548553,21535,12523,2011-04-01,6,2.55,15.3,0
548553,22285,12523,2011-04-01,12,1.65,19.8,0
548553,35911A,12523,2011-04-01,12,0.85,10.2,0
C548564,20750,12616,2011-04-01,-1,7.95,-7.95,1
548606,10002,12731,2011-04-01,120,0.85,102.0,0
548606,22398,12731,2011-04-01,60,1.25,75.0,0
548606,22402,12731,2011-04-01,60,1.25,75.0,0
548725,POST,12678,2011-04-04,1,134.0,134.0,0
548737,23076,12682,2011-04-04,48,1.25,60.0,0
548737,23159,12682,2011-04-04,12,2.08,24.96,0
548737,20725,12682,2011-04-04,20,1.65,33.0,0
548737,22383,12682,2011-04-04,10,1.65,16.5,0
548737,22382,12682,2011-04-04,10,1.65,16.5,0
548737,20726,12682,2011-04-04,10,1.65,16.5,0
548737,22352,12682,2011-04-04,6,2.55,15.3,0
548737,21559,12682,2011-04-04,6,2.55,15.3,0
548737,22321,12682,2011-04-04,12,0.85,10.2,0
548737,22432,12682,2011-04-04,12,1.95,23.4,0
548737,20749,12682,2011-04-04,4,7.95,31.8,0
548737,21212,12682,2011-04-04,24,0.55,13.2,0
548737,84279B,12682,2011-04-04,8,3.75,30.0,0
548737,21936,12682,2011-04-04,5,2.95,14.75,0
548737,23050,12682,2011-04-04,2,8.25,16.5,0
548737,15056P,12682,2011-04-04,3,5.95,17.85,0
548737,22077,12682,2011-04-04,12,1.65,19.8,0
548737,21121,12682,2011-04-04,24,1.25,30.0,0
548737,22859,12682,2011-04-04,6,1.65,9.9,0
548737,22435,12682,2011-04-04,12,1.25,15.0,0
548737,22892,12682,2011-04-04,12,1.25,15.0,0
548737,22669,12682,2011-04-04,5,2.95,14.75,0
548737,22467,12682,2011-04-04,6,2.55,15.3,0
548737,21039,12682,2011-04-04,6,2.55,15.3,0
548737,22087,12682,2011-04-04,6,2.95,17.7,0
548737,22027,12682,2011-04-04,12,0.42,5.04,0
548737,POST,12682,2011-04-04,4,18.0,72.0,0
548913,M,12669,2011-04-05,1,1136.3,1136.3,0
C548914,M,12669,2011-04-05,-1,1136.3,-1136.3,1
549274,22514,12721,2011-04-07,6,2.1,12.6,0
549274,22515,12721,2011-04-07,6,2.1,12.6,0
549274,22518,12721,2011-04-07,6,2.1,12.6,0
549274,22519,12721,2011-04-07,6,2.1,12.6,0
549274,22524,12721,2011-04-07,10,1.25,12.5,0
549274,22517,12721,2011-04-07,6,2.1,12.6,0
549274,22516,12721,2011-04-07,6,2.1,12.6,0
549274,23007,12721,2011-04-07,1,16.95,16.95,0
549274,23008,12721,2011-04-07,1,16.95,16.95,0
549274,16156L,12721,2011-04-07,25,0.42,10.5,0
549274,21498,12721,2011-04-07,25,0.42,10.5,0
549274,21507,12721,2011-04-07,12,0.42,5.04,0
549274,21509,12721,2011-04-07,12,0.42,5.04,0
549274,22025,12721,2011-04-07,12,0.42,5.04,0
549274,22027,12721,2011-04-07,24,0.42,10.08,0
549274,22630,12721,2011-04-07,12,1.95,23.4,0
549274,20726,12721,2011-04-07,10,1.65,16.5,0
549274,20979,12721,2011-04-07,16,1.25,20.0,0
549274,20977,12721,2011-04-07,16,1.25,20.0,0
549274,22431,12721,2011-04-07,6,1.95,11.7,0
549274,22432,12721,2011-04-07,6,1.95,11.7,0
549274,22385,12721,2011-04-07,10,2.08,20.8,0
549274,22634,12721,2011-04-07,2,9.95,19.9,0
549274,POST,12721,2011-04-07,3,18.0,54.0,0
C549582,22423,12656,2011-04-11,-3,12.75,-38.25,1
550145,22992,12637,2011-04-14,12,1.95,23.4,0
550145,22991,12637,2011-04-14,12,1.95,23.4,0
550145,23052,12637,2011-04-14,4,8.25,33.0,0
550145,23049,12637,2011-04-14,2,8.25,16.5,0
550145,23053,12637,2011-04-14,4,8.25,33.0,0
550145,23054,12637,2011-04-14,2,8.25,16.5,0
550145,22556,12637,2011-04-14,12,1.65,19.8,0
550145,22663,12637,2011-04-14,10,2.08,20.8,0
550145,22662,12637,2011-04-14,10,1.65,16.5,0
550145,22859,12637,2011-04-14,6,1.65,9.9,0
550145,85059,12637,2011-04-14,4,3.75,15.0,0
550145,22492,12637,2011-04-14,36,0.65,23.4,0
550145,22962,12637,2011-04-14,12,0.85,10.2,0
550145,22692,12637,2011-04-14,2,7.95,15.9,0
550145,22963,12637,2011-04-14,12,0.85,10.2,0
550145,85014A,12637,2011-04-14,3,5.95,17.85,0
550145,22728,12637,2011-04-14,12,3.75,45.0,0
550145,22725,12637,2011-04-14,8,3.75,30.0,0
550145,22729,12637,2011-04-14,4,3.75,15.0,0
550145,22727,12637,2011-04-14,8,3.75,30.0,0
550145,21746,12637,2011-04-14,12,1.25,15.0,0
550145,21880,12637,2011-04-14,12,0.65,7.8,0
550145,22551,12637,2011-04-14,24,1.65,39.6,0
550145,22629,12637,2011-04-14,12,1.95,23.4,0
550145,22382,12637,2011-04-14,10,1.65,16.5,0
550145,22385,12637,2011-04-14,10,2.08,20.8,0
550145,22423,12637,2011-04-14,1,12.75,12.75,0
550145,22554,12637,2011-04-14,12,1.65,19.8,0
550145,22326,12637,2011-04-14,6,2.95,17.7,0
550145,20726,12637,2011-04-14,10,1.65,16.5,0
550145,POST,12637,2011-04-14,3,18.0,54.0,0
C550147,POST,12637,2011-04-14,-3,18.0,-54.0,1
550313,22992,12681,2011-04-17,12,1.95,23.4,0
550313,23076,12681,2011-04-17,48,1.25,60.0,0
550313,23155,12681,2011-04-17,24,0.83,19.92,0
550313,23158,12681,2011-04-17,24,2.08,49.92,0
550313,23159,12681,2011-04-17,12,2.08,24.96,0
550313,22326,12681,2011-04-17,12,2.95,35.4,0
550313,84077,12681,2011-04-17,48,0.29,13.92,0
550313,22427,12681,2011-04-17,3,5.95,17.85,0
550313,22024,12681,2011-04-17,12,0.42,5.04,0
550313,22037,12681,2011-04-17,12,0.42,5.04,0
550313,22027,12681,2011-04-17,12,0.42,5.04,0
550313,21786,12681,2011-04-17,24,0.42,10.08,0
550313,22976,12681,2011-04-17,12,1.25,15.0,0
550313,21238,12681,2011-04-17,8,0.85,6.8,0
550313,21240,12681,2011-04-17,8,0.85,6.8,0
550313,20719,12681,2011-04-17,10,0.85,8.5,0
550313,21578,12681,2011-04-17,6,2.25,13.5,0
550313,22312,12681,2011-04-17,6,2.95,17.7,0
550313,22365,12681,2011-04-17,4,7.95,31.8,0
550313,22556,12681,2011-04-17,12,1.65,19.8,0
550313,22652,12681,2011-04-17,10,1.65,16.5,0
550313,22895,12681,2011-04-17,6,3.25,19.5,0
550313,22620,12681,2011-04-17,12,1.45,17.4,0
550313,21731,12681,2011-04-17,24,1.65,39.6,0
550313,48138,12681,2011-04-17,2,7.95,15.9,0
550313,21719,12681,2011-04-17,12,0.85,10.2,0
550313,POST,12681,2011-04-17,2,18.0,36.0,0
550338,23051,12413,2011-04-17,2,8.25,16.5,0
550338,21936,12413,2011-04-17,10,2.95,29.5,0
550338,85099B,12413,2011-04-17,10,2.08,20.8,0
550338,85014A,12413,2011-04-17,3,5.95,17.85,0
C550365,22398,12731,2011-04-18,-60,1.25,-75.0,1
C550365,POST,12731,2011-04-18,-1,11.0,-11.0,1
550661,22989,12656,2011-04-20,6,3.25,19.5,0
550661,23052,12656,2011-04-20,2,8.25,16.5,0
550661,23053,12656,2011-04-20,2,8.25,16.5,0
550661,22376,12656,2011-04-20,4,4.25,17.0,0
550661,22374,12656,2011-04-20,4,4.25,17.0,0
550661,22371,12656,2011-04-20,4,4.25,17.0,0
550661,21936,12656,2011-04-20,30,2.95,88.5,0
550661,22629,12656,2011-04-20,12,1.95,23.4,0
550661,22382,12656,2011-04-20,20,1.65,33.0,0
550661,22662,12656,2011-04-20,20,1.65,33.0,0
550661,20725,12656,2011-04-20,20,1.65,33.0,0
550661,22384,12656,2011-04-20,20,1.65,33.0,0
550661,22326,12656,2011-04-20,12,2.95,35.4,0
550661,84279P,12656,2011-04-20,4,3.75,15.0,0
550661,84279B,12656,2011-04-20,4,3.75,15.0,0
550661,20726,12656,2011-04-20,20,1.65,33.0,0
550661,22630,12656,2011-04-20,12,1.95,23.4,0
550661,POST,12656,2011-04-20,4,18.0,72.0,0
550821,22841,12506,2011-04-21,1,7.95,7.95,0
550821,22840,12506,2011-04-21,1,7.95,7.95,0
550821,22934,12506,2011-04-21,1,2.95,2.95,0
550821,22933,12506,2011-04-21,1,2.95,2.95,0
550821,22090,12506,2011-04-21,1,2.95,2.95,0
550821,22432,12506,2011-04-21,1,1.95,1.95,0
550821,22963,12506,2011-04-21,1,0.85,0.85,0
550821,22962,12506,2011-04-21,1,0.85,0.85,0
550821,22960,12506,2011-04-21,1,4.25,4.25,0
550821,22989,12506,2011-04-21,1,3.25,3.25,0
550821,22907,12506,2011-04-21,1,0.85,0.85,0
550821,22722,12506,2011-04-21,1,3.95,3.95,0
550821,22978,12506,2011-04-21,1,3.75,3.75,0
550821,84378,12506,2011-04-21,1,1.25,1.25,0
550821,84375,12506,2011-04-21,1,2.1,2.1,0
550821,21658,12506,2011-04-21,1,3.95,3.95,0
550821,84988,12506,2011-04-21,1,1.45,1.45,0
550821,84987,12506,2011-04-21,1,1.45,1.45,0
550821,21974,12506,2011-04-21,1,1.45,1.45,0
550821,22328,12506,2011-04-21,1,2.95,2.95,0
550821,22604,12506,2011-04-21,1,2.55,2.55,0
550821,22927,12506,2011-04-21,1,5.95,5.95,0
550821,22926,12506,2011-04-21,1,5.95,5.95,0
550827,20725,12670,2011-04-21,20,1.65,33.0,0
550827,22254,12670,2011-04-21,12,1.25,15.0,0
550827,22255,12670,2011-04-21,24,0.85,20.4,0
550827,20750,12670,2011-04-21,8,7.95,63.6,0
550827,85014B,12670,2011-04-21,6,5.95,35.7,0
550827,20682,12670,2011-04-21,6,3.25,19.5,0
550827,22740,12670,2011-04-21,48,0.85,40.8,0
550827,23206,12670,2011-04-21,10,1.65,16.5,0
550827,22352,12670,2011-04-21,12,2.55,30.6,0
550827,22629,12670,2011-04-21,12,1.95,23.4,0
550827,22659,12670,2011-04-21,12,1.95,23.4,0
550827,22631,12670,2011-04-21,12,1.95,23.4,0
550827,22382,12670,2011-04-21,10,1.65,16.5,0
550827,21035,12670,2011-04-21,12,3.25,39.0,0
550827,22895,12670,2011-04-21,12,3.25,39.0,0
550827,21559,12670,2011-04-21,6,2.55,15.3,0
550827,22900,12670,2011-04-21,12,3.25,39.0,0
550827,22556,12670,2011-04-21,12,1.65,19.8,0
550827,22551,12670,2011-04-21,12,1.65,19.8,0
550827,22303,12670,2011-04-21,12,2.55,30.6,0
550827,21936,12670,2011-04-21,5,2.95,14.75,0
550827,POST,12670,2011-04-21,3,18.0,54.0,0
551163,21749,12573,2011-04-26,4,2.1,8.4,0
551163,22459,12573,2011-04-26,1,2.55,2.55,0
551163,22996,12573,2011-04-26,1,0.42,0.42,0
551163,23003,12573,2011-04-26,1,0.42,0.42,0
551163,84879,12573,2011-04-26,4,1.69,6.76,0
551163,21507,12573,2011-04-26,12,0.42,5.04,0
551163,21531,12573,2011-04-26,1,2.55,2.55,0
551163,22403,12573,2011-04-26,1,1.25,1.25,0
551163,22358,12573,2011-04-26,1,2.95,2.95,0
551163,84927F,12573,2011-04-26,1,2.1,2.1,0
551163,84927A,12573,2011-04-26,1,2.1,2.1,0
551163,21696,12573,2011-04-26,12,2.95,35.4,0
551163,22224,12573,2011-04-26,4,2.95,11.8,0
551163,47566,12573,2011-04-26,2,4.95,9.9,0
551163,22924,12573,2011-04-26,12,0.85,10.2,0
551163,22431,12573,2011-04-26,1,1.95,1.95,0
551163,85194S,12573,2011-04-26,1,0.65,0.65,0
551163,22976,12573,2011-04-26,1,1.25,1.25,0
551163,22975,12573,2011-04-26,1,1.25,1.25,0
551163,22976,12573,2011-04-26,2,1.25,2.5,0
551163,22974,12573,2011-04-26,2,1.65,3.3,0
551163,21385,12573,2011-04-26,2,0.85,1.7,0
551163,22972,12573,2011-04-26,2,1.65,3.3,0
551163,22977,12573,2011-04-26,2,1.25,2.5,0
551163,22501,12573,2011-04-26,1,9.95,9.95,0
551163,22083,12573,2011-04-26,1,2.95,2.95,0
551163,21385,12573,2011-04-26,1,0.85,0.85,0
551163,85123A,12573,2011-04-26,9,2.95,26.55,0
C551333,22320,12681,2011-04-27,-2,5.95,-11.9,1
551389,22090,12437,2011-04-28,24,2.95,70.8,0
551389,21086,12437,2011-04-28,48,0.65,31.2,0
551389,22693,12437,2011-04-28,24,1.25,30.0,0
551389,22423,12437,2011-04-28,2,12.75,25.5,0
551389,21212,12437,2011-04-28,24,0.55,13.2,0
551389,22132,12437,2011-04-28,12,0.85,10.2,0
551389,22133,12437,2011-04-28,12,0.85,10.2,0
551389,POST,12437,2011-04-28,1,18.0,18.0,0
551539,20719,12598,2011-05-03,10,0.85,8.5,0
551539,20723,12598,2011-05-03,10,0.85,8.5,0
551539,23204,12598,2011-05-03,20,0.85,17.0,0
551539,20724,12598,2011-05-03,20,0.85,17.0,0
551539,22661,12598,2011-05-03,10,0.85,8.5,0
551539,23076,12598,2011-05-03,48,1.25,60.0,0
551539,23078,12598,2011-05-03,48,1.25,60.0,0
551539,23158,12598,2011-05-03,12,2.08,24.96,0
551539,23155,12598,2011-05-03,24,0.83,19.92,0
551539,22972,12598,2011-05-03,12,1.65,19.8,0
551539,22974,12598,2011-05-03,12,1.65,19.8,0
551539,23256,12598,2011-05-03,8,4.15,33.2,0
551539,23254,12598,2011-05-03,8,4.15,33.2,0
551539,84997D,12598,2011-05-03,8,4.15,33.2,0
551539,23255,12598,2011-05-03,8,4.15,33.2,0
551539,23077,12598,2011-05-03,20,1.25,25.0,0
551539,22181,12598,2011-05-03,24,0.85,20.4,0
551539,21700,12598,2011-05-03,48,0.85,40.8,0
551539,21559,12598,2011-05-03,6,2.55,15.3,0
551539,22303,12598,2011-05-03,12,2.55,30.6,0
551544,22960,12683,2011-05-03,6,4.25,25.5,0
551544,22969,12683,2011-05-03,12,1.45,17.4,0
551544,22993,12683,2011-05-03,12,1.25,15.0,0
551544,23076,12683,2011-05-03,24,1.25,30.0,0
551544,23156,12683,2011-05-03,24,2.08,49.92,0
551544,23159,12683,2011-05-03,24,2.08,49.92,0
551544,47599A,12683,2011-05-03,30,2.1,63.0,0
551544,47599B,12683,2011-05-03,18,2.1,37.8,0
551544,22328,12683,2011-05-03,12,2.95,35.4,0
551544,23206,12683,2011-05-03,10,1.65,16.5,0
551544,22662,12683,2011-05-03,10,1.65,16.5,0
551544,22090,12683,2011-05-03,40,2.55,102.0,0
551544,22352,12683,2011-05-03,12,2.55,30.6,0
551544,84828,12683,2011-05-03,12,1.25,15.0,0
551544,22626,12683,2011-05-03,2,8.5,17.0,0
551544,21086,12683,2011-05-03,24,0.65,15.6,0
551544,21094,12683,2011-05-03,24,0.85,20.4,0
551544,21095,12683,2011-05-03,24,0.85,20.4,0
551544,21080,12683,2011-05-03,24,0.85,20.4,0
551544,22978,12683,2011-05-03,6,3.75,22.5,0
551544,POST,12683,2011-05-03,4,18.0,72.0,0
551545,84997C,12683,2011-05-03,6,4.15,24.9,0
551552,POST,12598,2011-05-03,2,18.0,36.0,0
551649,21747,12643,2011-05-03,48,1.05,50.4,0
551649,21746,12643,2011-05-03,48,1.06,50.88,0
551649,21380,12643,2011-05-03,24,2.55,61.2,0
551649,POST,12643,2011-05-03,2,20.0,40.0,0
551652,21212,12643,2011-05-03,24,0.42,10.08,0
551652,21213,12643,2011-05-03,48,0.42,20.16,0
551652,22083,12643,2011-05-03,40,2.55,102.0,0
551652,22090,12643,2011-05-03,80,2.55,204.0,0
551652,POST,12643,2011-05-03,2,1.0,2.0,0
551887,22382,12593,2011-05-05,10,1.65,16.5,0
551887,20726,12593,2011-05-05,10,1.65,16.5,0
551887,22662,12593,2011-05-05,10,1.65,16.5,0
551887,15058C,12593,2011-05-05,10,3.95,39.5,0
551887,22629,12593,2011-05-05,12,1.95,23.4,0
551887,22630,12593,2011-05-05,12,1.95,23.4,0
551887,21731,12593,2011-05-05,12,1.65,19.8,0
551887,22664,12593,2011-05-05,5,2.1,10.5,0
551887,22380,12593,2011-05-05,5,2.1,10.5,0
551887,22659,12593,2011-05-05,12,1.95,23.4,0
551887,POST,12593,2011-05-05,2,18.0,36.0,0
552315,22555,12700,2011-05-08,12,1.65,19.8,0
552315,22551,12700,2011-05-08,12,1.65,19.8,0
552315,22554,12700,2011-05-08,12,1.65,19.8,0
552315,22556,12700,2011-05-08,12,1.65,19.8,0
552315,23076,12700,2011-05-08,24,1.25,30.0,0
552315,23077,12700,2011-05-08,20,1.25,25.0,0
552315,23078,12700,2011-05-08,24,1.25,30.0,0
552315,85049G,12700,2011-05-08,12,1.25,15.0,0
552315,85049H,12700,2011-05-08,12,1.25,15.0,0
552315,85049C,12700,2011-05-08,12,1.25,15.0,0
552315,22693,12700,2011-05-08,24,1.25,30.0,0
552315,84879,12700,2011-05-08,16,1.69,27.04,0
552315,23256,12700,2011-05-08,4,4.15,16.6,0
552315,23254,12700,2011-05-08,4,4.15,16.6,0
552315,84997D,12700,2011-05-08,4,4.15,16.6,0
552315,22971,12700,2011-05-08,6,2.55,15.3,0
552315,21559,12700,2011-05-08,6,2.55,15.3,0
552315,22629,12700,2011-05-08,12,1.95,23.4,0
552315,22630,12700,2011-05-08,12,1.95,23.4,0
552315,22662,12700,2011-05-08,10,1.65,16.5,0
552315,20726,12700,2011-05-08,10,1.65,16.5,0
552315,22975,12700,2011-05-08,12,1.25,15.0,0
552315,22976,12700,2011-05-08,12,1.25,15.0,0
552315,21212,12700,2011-05-08,24,0.55,13.2,0
552315,22417,12700,2011-05-08,24,0.55,13.2,0
552315,21976,12700,2011-05-08,24,0.55,13.2,0
552315,22951,12700,2011-05-08,24,0.55,13.2,0
552315,84992,12700,2011-05-08,24,0.55,13.2,0
552315,22423,12700,2011-05-08,1,12.75,12.75,0
552315,21949,12700,2011-05-08,12,1.25,15.0,0
552315,22699,12700,2011-05-08,12,2.95,35.4,0
552315,21544,12700,2011-05-08,12,0.85,10.2,0
552315,21700,12700,2011-05-08,12,0.85,10.2,0
552315,22390,12700,2011-05-08,6,2.55,15.3,0
552315,22393,12700,2011-05-08,6,2.55,15.3,0
552315,22025,12700,2011-05-08,12,0.42,5.04,0
552315,22024,12700,2011-05-08,12,0.42,5.04,0
552315,22027,12700,2011-05-08,12,0.42,5.04,0
552315,21508,12700,2011-05-08,12,0.42,5.04,0
552315,22028,12700,2011-05-08,12,0.42,5.04,0
552315,22037,12700,2011-05-08,12,0.42,5.04,0
552315,22029,12700,2011-05-08,12,0.42,5.04,0
552315,22712,12700,2011-05-08,12,0.42,5.04,0
552315,22984,12700,2011-05-08,12,0.42,5.04,0
552315,16048,12700,2011-05-08,24,0.42,10.08,0
552315,22418,12700,2011-05-08,24,0.85,20.4,0
552315,16237,12700,2011-05-08,30,0.21,6.3,0
552315,POST,12700,2011-05-08,6,18.0,108.0,0
552315,23199,12700,2011-05-08,10,2.08,20.8,0
552315,23206,12700,2011-05-08,10,1.65,16.5,0
552315,23065,12700,2011-05-08,4,12.5,50.0,0
552315,23066,12700,2011-05-08,4,8.25,33.0,0
552315,23204,12700,2011-05-08,10,0.85,8.5,0
552315,23208,12700,2011-05-08,10,1.65,16.5,0
552315,85099C,12700,2011-05-08,10,2.08,20.8,0
552315,22661,12700,2011-05-08,10,0.85,8.5,0
552315,85169D,12700,2011-05-08,12,1.25,15.0,0
552315,22637,12700,2011-05-08,4,2.55,10.2,0
552315,22646,12700,2011-05-08,12,1.45,17.4,0
552315,23194,12700,2011-05-08,8,2.25,18.0,0
552315,23176,12700,2011-05-08,8,2.25,18.0,0
552315,21219,12700,2011-05-08,10,1.25,12.5,0
C552317,POST,12700,2011-05-08,-2,18.0,-36.0,1
552325,23206,12490,2011-05-09,10,1.65,16.5,0
552325,23199,12490,2011-05-09,20,2.08,41.6,0
552325,21238,12490,2011-05-09,8,0.85,6.8,0
552325,21239,12490,2011-05-09,8,0.85,6.8,0
552325,22090,12490,2011-05-09,6,2.95,17.7,0
552325,85099B,12490,2011-05-09,10,2.08,20.8,0
552325,20724,12490,2011-05-09,10,0.85,8.5,0
552325,20725,12490,2011-05-09,10,1.65,16.5,0
552325,22379,12490,2011-05-09,10,2.1,21.0,0
552325,22386,12490,2011-05-09,10,2.08,20.8,0
552325,20712,12490,2011-05-09,10,2.08,20.8,0
552325,21559,12490,2011-05-09,6,2.55,15.3,0
552325,22895,12490,2011-05-09,6,3.25,19.5,0
552325,22302,12490,2011-05-09,6,2.55,15.3,0
552325,22303,12490,2011-05-09,12,2.55,30.6,0
552325,23204,12490,2011-05-09,20,0.85,17.0,0
552325,POST,12490,2011-05-09,2,18.0,36.0,0
C552335,22626,12683,2011-05-09,-2,8.5,-17.0,1
552464,22531,12726,2011-05-09,96,0.42,40.32,0
552464,21086,12726,2011-05-09,12,0.65,7.8,0
552464,21094,12726,2011-05-09,12,0.85,10.2,0
552464,21829,12726,2011-05-09,72,0.21,15.12,0
552464,22435,12726,2011-05-09,24,1.25,30.0,0
552464,22620,12726,2011-05-09,24,1.45,34.8,0
552464,22541,12726,2011-05-09,48,0.42,20.16,0
552464,21122,12726,2011-05-09,24,1.25,30.0,0
552464,22437,12726,2011-05-09,20,0.85,17.0,0
552464,POST,12726,2011-05-09,1,18.0,18.0,0
552631,20974,12684,2011-05-10,24,0.65,15.6,0
552631,20975,12684,2011-05-10,24,0.65,15.6,0
552631,20983,12684,2011-05-10,12,0.85,10.2,0
552631,22534,12684,2011-05-10,24,0.42,10.08,0
552631,22540,12684,2011-05-10,24,0.42,10.08,0
552631,22491,12684,2011-05-10,12,0.85,10.2,0
552631,22489,12684,2011-05-10,24,0.42,10.08,0
552631,22493,12684,2011-05-10,12,1.65,19.8,0
552631,21918,12684,2011-05-10,24,0.42,10.08,0
552631,21917,12684,2011-05-10,24,0.42,10.08,0
552631,22992,12684,2011-05-10,12,1.95,23.4,0
552631,22492,12684,2011-05-10,36,0.65,23.4,0
552631,22560,12684,2011-05-10,24,1.25,30.0,0
552631,22620,12684,2011-05-10,12,1.45,17.4,0
552631,21915,12684,2011-05-10,12,1.25,15.0,0
552631,21558,12684,2011-05-10,6,2.55,15.3,0
552631,21559,12684,2011-05-10,6,2.55,15.3,0
552631,22557,12684,2011-05-10,12,1.65,19.8,0
552631,22556,12684,2011-05-10,12,1.65,19.8,0
552631,22418,12684,2011-05-10,24,0.85,20.4,0
552631,23256,12684,2011-05-10,4,4.15,16.6,0
552631,22629,12684,2011-05-10,12,1.95,23.4,0
552631,22728,12684,2011-05-10,4,3.75,15.0,0
552631,21678,12684,2011-05-10,12,0.85,10.2,0
552631,21675,12684,2011-05-10,12,0.85,10.2,0
552631,21883,12684,2011-05-10,12,0.65,7.8,0
552631,22273,12684,2011-05-10,6,2.95,17.7,0
552631,21061,12684,2011-05-10,24,0.85,20.4,0
552631,21058,12684,2011-05-10,12,0.85,10.2,0
552631,POST,12684,2011-05-10,2,18.0,36.0,0
552826,21844,14277,2011-05-11,6,2.95,17.7,0
552826,23065,14277,2011-05-11,3,12.5,37.5,0
552826,21623,14277,2011-05-11,2,9.95,19.9,0
552826,23072,14277,2011-05-11,2,12.5,25.0,0
552826,23071,14277,2011-05-11,2,12.5,25.0,0
552826,23147,14277,2011-05-11,12,1.45,17.4,0
552826,23146,14277,2011-05-11,8,3.29,26.32,0
552826,23075,14277,2011-05-11,10,4.15,41.5,0
552826,23254,14277,2011-05-11,6,4.15,24.9,0
552826,23109,14277,2011-05-11,24,2.89,69.36,0
552826,23066,14277,2011-05-11,4,8.25,33.0,0
552826,21584,14277,2011-05-11,20,1.65,33.0,0
552826,22302,14277,2011-05-11,6,2.55,15.3,0
552826,22300,14277,2011-05-11,6,2.55,15.3,0
552826,22970,14277,2011-05-11,24,2.55,61.2,0
552826,22301,14277,2011-05-11,6,2.55,15.3,0
552826,22305,14277,2011-05-11,12,2.55,30.6,0
552826,23118,14277,2011-05-11,4,7.5,30.0,0
552826,23111,14277,2011-05-11,2,12.5,25.0,0
552826,21246,14277,2011-05-11,6,4.95,29.7,0
552826,22063,14277,2011-05-11,2,2.95,5.9,0
552826,21399,14277,2011-05-11,6,0.39,2.34,0
552826,21394,14277,2011-05-11,6,0.39,2.34,0
552826,23079,14277,2011-05-11,4,8.95,35.8,0
552826,22626,14277,2011-05-11,1,8.5,8.5,0
552826,21466,14277,2011-05-11,4,3.75,15.0,0
552826,21467,14277,2011-05-11,4,3.75,15.0,0
552826,23091,14277,2011-05-11,5,6.25,31.25,0
552826,22425,14277,2011-05-11,4,4.95,19.8,0
552826,22840,14277,2011-05-11,2,7.95,15.9,0
552826,22838,14277,2011-05-11,2,14.95,29.9,0
552826,22842,14277,2011-05-11,2,6.75,13.5,0
552826,22847,14277,2011-05-11,2,16.95,33.9,0
552826,85099B,14277,2011-05-11,10,2.08,20.8,0
552826,23199,14277,2011-05-11,10,2.08,20.8,0
552826,21163,14277,2011-05-11,4,1.45,5.8,0
552826,21248,14277,2011-05-11,4,1.45,5.8,0
552826,21908,14277,2011-05-11,6,2.1,12.6,0
552826,82583,14277,2011-05-11,4,2.1,8.4,0
552826,82582,14277,2011-05-11,4,2.1,8.4,0
552826,21907,14277,2011-05-11,3,2.1,6.3,0
552826,82600,14277,2011-05-11,3,2.1,6.3,0
552826,21166,14277,2011-05-11,1,2.08,2.08,0
552826,82583,14277,2011-05-11,4,2.1,8.4,0
552826,21165,14277,2011-05-11,1,1.69,1.69,0
552826,21181,14277,2011-05-11,1,2.1,2.1,0
552826,21166,14277,2011-05-11,3,2.08,6.24,0
552826,21165,14277,2011-05-11,4,1.69,6.76,0
552826,85150,14277,2011-05-11,4,2.55,10.2,0
552826,21181,14277,2011-05-11,3,2.1,6.3,0
552826,84792,14277,2011-05-11,2,4.65,9.3,0
552826,22471,14277,2011-05-11,2,4.95,9.9,0
552826,22505,14277,2011-05-11,2,4.95,9.9,0
552826,22507,14277,2011-05-11,2,4.95,9.9,0
552826,21539,14277,2011-05-11,2,4.95,9.9,0
552826,21669,14277,2011-05-11,12,1.25,15.0,0
552826,21673,14277,2011-05-11,12,1.25,15.0,0
552826,21671,14277,2011-05-11,12,1.25,15.0,0
552826,21668,14277,2011-05-11,12,1.25,15.0,0
552826,21672,14277,2011-05-11,12,1.25,15.0,0
552826,22178,14277,2011-05-11,30,1.25,37.5,0
552826,22913,14277,2011-05-11,6,4.95,29.7,0
552826,22912,14277,2011-05-11,6,4.95,29.7,0
552826,22914,14277,2011-05-11,6,4.95,29.7,0
552826,20914,14277,2011-05-11,3,2.95,8.85,0
552826,21161,14277,2011-05-11,24,1.45,34.8,0
552826,21162,14277,2011-05-11,24,1.45,34.8,0
552826,20983,14277,2011-05-11,24,0.85,20.4,0
552826,22606,14277,2011-05-11,2,15.95,31.9,0
552826,21452,14277,2011-05-11,2,2.95,5.9,0
552826,22923,14277,2011-05-11,120,0.72,86.4,0
552826,22924,14277,2011-05-11,120,0.72,86.4,0
552826,22922,14277,2011-05-11,120,0.72,86.4,0
552826,22771,14277,2011-05-11,12,1.25,15.0,0
552826,22805,14277,2011-05-11,12,1.25,15.0,0
552851,23084,12731,2011-05-11,120,1.79,214.8,0
552851,10125,12731,2011-05-11,100,0.85,85.0,0
552851,22539,12731,2011-05-11,48,0.42,20.16,0
552851,21556,12731,2011-05-11,24,2.25,54.0,0
552851,21156,12731,2011-05-11,16,1.95,31.2,0
552851,22554,12731,2011-05-11,36,1.65,59.4,0
552851,21558,12731,2011-05-11,24,2.55,61.2,0
552851,22629,12731,2011-05-11,12,1.95,23.4,0
552851,20725,12731,2011-05-11,20,1.65,33.0,0
552851,20727,12731,2011-05-11,20,1.65,33.0,0
552851,22662,12731,2011-05-11,20,1.65,33.0,0
552851,22630,12731,2011-05-11,12,1.95,23.4,0
552851,84879,12731,2011-05-11,120,1.69,202.8,0
552851,22134,12731,2011-05-11,12,0.42,5.04,0
552851,22899,12731,2011-05-11,12,2.1,25.2,0
552851,23010,12731,2011-05-11,6,14.95,89.7,0
552851,21533,12731,2011-05-11,6,4.95,29.7,0
552851,21843,12731,2011-05-11,6,10.95,65.7,0
552851,21539,12731,2011-05-11,12,4.95,59.4,0
552851,22139,12731,2011-05-11,24,4.25,102.0,0
552851,21535,12731,2011-05-11,12,2.55,30.6,0
552851,22892,12731,2011-05-11,24,1.25,30.0,0
552851,23170,12731,2011-05-11,48,1.45,69.6,0
552946,23209,12683,2011-05-12,10,1.65,16.5,0
552946,23298,12683,2011-05-12,3,4.95,14.85,0
552946,22894,12683,2011-05-12,10,9.95,99.5,0
552946,22712,12683,2011-05-12,12,0.42,5.04,0
552946,22718,12683,2011-05-12,12,0.42,5.04,0
552946,22437,12683,2011-05-12,20,0.85,17.0,0
552946,21156,12683,2011-05-12,8,1.95,15.6,0
552946,22898,12683,2011-05-12,8,1.95,15.6,0
552946,22367,12683,2011-05-12,8,1.95,15.6,0
552946,22899,12683,2011-05-12,6,2.1,12.6,0
552946,22636,12683,2011-05-12,8,7.65,61.2,0
552946,POST,12683,2011-05-12,1,18.0,18.0,0
553044,23199,12682,2011-05-13,10,2.08,20.8,0
553044,23206,12682,2011-05-13,10,1.65,16.5,0
553044,22386,12682,2011-05-13,10,2.08,20.8,0
553044,20712,12682,2011-05-13,10,2.08,20.8,0
553044,22432,12682,2011-05-13,6,1.95,11.7,0
553044,20679,12682,2011-05-13,6,5.95,35.7,0
553044,22895,12682,2011-05-13,6,3.25,19.5,0
553044,22352,12682,2011-05-13,6,2.55,15.3,0
553044,22326,12682,2011-05-13,6,2.95,17.7,0
553044,22328,12682,2011-05-13,6,2.95,17.7,0
553044,22551,12682,2011-05-13,12,1.65,19.8,0
553044,22064,12682,2011-05-13,12,1.65,19.8,0
553044,23084,12682,2011-05-13,12,2.08,24.96,0
553044,23298,12682,2011-05-13,12,4.95,59.4,0
553044,23112,12682,2011-05-13,2,7.5,15.0,0
553044,22554,12682,2011-05-13,12,1.65,19.8,0
553044,22556,12682,2011-05-13,12,1.65,19.8,0
553044,21243,12682,2011-05-13,8,1.69,13.52,0
553044,15058B,12682,2011-05-13,2,7.95,15.9,0
553044,21086,12682,2011-05-13,12,0.65,7.8,0
553044,22303,12682,2011-05-13,6,2.55,15.3,0
553044,22961,12682,2011-05-13,12,1.45,17.4,0
553044,21746,12682,2011-05-13,12,1.25,15.0,0
553044,POST,12682,2011-05-13,2,18.0,36.0,0
553143,47590A,12695,2011-05-13,3,5.45,16.35,0
553143,23284,12695,2011-05-13,2,7.95,15.9,0
553143,21894,12695,2011-05-13,12,1.25,15.0,0
553143,48138,12695,2011-05-13,2,7.95,15.9,0
553143,22595,12695,2011-05-13,12,0.85,10.2,0
553143,21955,12695,2011-05-13,2,7.95,15.9,0
553161,23065,12681,2011-05-13,4,12.5,50.0,0
553161,23066,12681,2011-05-13,2,8.25,16.5,0
553161,23145,12681,2011-05-13,12,0.95,11.4,0
553161,23144,12681,2011-05-13,12,0.83,9.96,0
553161,23204,12681,2011-05-13,10,0.85,8.5,0
553161,20724,12681,2011-05-13,10,0.85,8.5,0
553161,22904,12681,2011-05-13,12,2.95,35.4,0
553161,22976,12681,2011-05-13,12,1.25,15.0,0
553161,21980,12681,2011-05-13,24,0.29,6.96,0
553161,22615,12681,2011-05-13,24,0.29,6.96,0
553161,21212,12681,2011-05-13,24,0.55,13.2,0
553161,22303,12681,2011-05-13,12,2.55,30.6,0
553161,22894,12681,2011-05-13,2,9.95,19.9,0
553161,22365,12681,2011-05-13,2,7.95,15.9,0
553161,84692,12681,2011-05-13,25,0.42,10.5,0
553161,22413,12681,2011-05-13,6,2.95,17.7,0
553161,22908,12681,2011-05-13,12,0.85,10.2,0
553161,22895,12681,2011-05-13,12,3.25,39.0,0
553161,22423,12681,2011-05-13,2,12.75,25.5,0
553161,21828,12681,2011-05-13,12,1.25,15.0,0
553161,84212,12681,2011-05-13,24,0.65,15.6,0
553161,22559,12681,2011-05-13,12,1.25,15.0,0
553161,POST,12681,2011-05-13,1,18.0,18.0,0
553195,21086,12599,2011-05-15,24,0.65,15.6,0
553195,21094,12599,2011-05-15,12,0.85,10.2,0
553195,21121,12599,2011-05-15,24,1.25,30.0,0
553195,21988,12599,2011-05-15,12,0.85,10.2,0
553195,22437,12599,2011-05-15,20,0.85,17.0,0
553195,21746,12599,2011-05-15,12,1.25,15.0,0
553195,21989,12599,2011-05-15,12,0.85,10.2,0
553195,22435,12599,2011-05-15,12,1.25,15.0,0
553195,22908,12599,2011-05-15,12,0.85,10.2,0
553195,POST,12599,2011-05-15,1,18.0,18.0,0
553208,23008,12674,2011-05-16,6,14.95,89.7,0
553208,23007,12674,2011-05-16,6,14.95,89.7,0
553208,23108,12674,2011-05-16,12,5.39,64.68,0
553208,23076,12674,2011-05-16,24,1.25,30.0,0
553208,22326,12674,2011-05-16,6,2.95,17.7,0
553208,22418,12674,2011-05-16,24,0.85,20.4,0
553208,22438,12674,2011-05-16,10,1.95,19.5,0
553208,22492,12674,2011-05-16,36,0.65,23.4,0
553208,22716,12674,2011-05-16,12,0.42,5.04,0
553208,22029,12674,2011-05-16,12,0.42,5.04,0
553208,22712,12674,2011-05-16,12,0.42,5.04,0
553208,22813,12674,2011-05-16,12,1.95,23.4,0
553208,23158,12674,2011-05-16,12,2.08,24.96,0
553208,23084,12674,2011-05-16,6,2.08,12.48,0
553208,22693,12674,2011-05-16,24,1.25,30.0,0
553208,23010,12674,2011-05-16,6,14.95,89.7,0
553208,POST,12674,2011-05-16,2,18.0,36.0,0
553316,22558,12682,2011-05-16,12,1.65,19.8,0
553316,22908,12682,2011-05-16,12,0.85,10.2,0
553316,22894,12682,2011-05-16,4,9.95,39.8,0
553316,23084,12682,2011-05-16,6,2.08,12.48,0
553316,23171,12682,2011-05-16,12,1.65,19.8,0
553316,23172,12682,2011-05-16,12,1.65,19.8,0
553316,POST,12682,2011-05-16,1,18.0,18.0,0
553357,M,12684,2011-05-16,2,15.0,30.0,0
553411,22628,12714,2011-05-17,4,4.95,19.8,0
553411,22383,12714,2011-05-17,10,1.65,16.5,0
553411,20727,12714,2011-05-17,10,1.65,16.5,0
553411,22035,12714,2011-05-17,12,0.42,5.04,0
553411,22715,12714,2011-05-17,12,0.42,5.04,0
553411,22984,12714,2011-05-17,12,0.42,5.04,0
553411,22026,12714,2011-05-17,24,0.42,10.08,0
553411,21243,12714,2011-05-17,24,1.69,40.56,0
553411,22904,12714,2011-05-17,6,2.95,17.7,0
553411,21519,12714,2011-05-17,12,0.42,5.04,0
553411,22815,12714,2011-05-17,12,0.42,5.04,0
553411,84251G,12714,2011-05-17,12,0.19,2.28,0
553411,21539,12714,2011-05-17,3,4.95,14.85,0
553411,21531,12714,2011-05-17,6,2.55,15.3,0
553411,23084,12714,2011-05-17,12,2.08,24.96,0
553411,23163,12714,2011-05-17,8,2.49,19.92,0
553411,23190,12714,2011-05-17,12,1.65,19.8,0
553411,23203,12714,2011-05-17,10,2.08,20.8,0
553411,23191,12714,2011-05-17,12,1.65,19.8,0
553411,23192,12714,2011-05-17,12,1.65,19.8,0
553411,23209,12714,2011-05-17,10,1.65,16.5,0
553411,22556,12714,2011-05-17,12,1.65,19.8,0
553411,22553,12714,2011-05-17,12,1.65,19.8,0
553411,21891,12714,2011-05-17,12,1.45,17.4,0
553411,22549,12714,2011-05-17,12,1.45,17.4,0
553411,22181,12714,2011-05-17,12,0.85,10.2,0
553411,22437,12714,2011-05-17,20,0.85,17.0,0
553411,22436,12714,2011-05-17,20,0.65,13.0,0
553411,84212,12714,2011-05-17,24,0.65,15.6,0
553411,22716,12714,2011-05-17,12,0.42,5.04,0
553411,21533,12714,2011-05-17,6,4.95,29.7,0
553411,22423,12714,2011-05-17,1,12.75,12.75,0
553411,23054,12714,2011-05-17,2,8.25,16.5,0
553411,23053,12714,2011-05-17,2,8.25,16.5,0
553411,23052,12714,2011-05-17,2,8.25,16.5,0
553411,23049,12714,2011-05-17,2,8.25,16.5,0
553411,23050,12714,2011-05-17,2,8.25,16.5,0
553411,22978,12714,2011-05-17,6,3.75,22.5,0
553411,23208,12714,2011-05-17,10,1.65,16.5,0
553411,23207,12714,2011-05-17,10,1.65,16.5,0
553411,23206,12714,2011-05-17,10,1.65,16.5,0
553411,84879,12714,2011-05-17,32,1.69,54.08,0
553411,22382,12714,2011-05-17,10,1.65,16.5,0
553411,22662,12714,2011-05-17,10,1.65,16.5,0
553411,POST,12714,2011-05-17,3,18.0,54.0,0
553566,23084,12690,2011-05-18,12,2.08,24.96,0
553566,23108,12690,2011-05-18,6,6.25,37.5,0
553566,23110,12690,2011-05-18,2,5.75,11.5,0
553566,23112,12690,2011-05-18,2,7.5,15.0,0
553566,23118,12690,2011-05-18,2,7.5,15.0,0
553566,23209,12690,2011-05-18,10,1.65,16.5,0
553566,23206,12690,2011-05-18,10,1.65,16.5,0
553566,23170,12690,2011-05-18,12,1.65,19.8,0
553566,22699,12690,2011-05-18,12,2.95,35.4,0
553566,21578,12690,2011-05-18,6,2.25,13.5,0
553566,21936,12690,2011-05-18,5,2.95,14.75,0
553566,21731,12690,2011-05-18,12,1.65,19.8,0
553566,POST,12690,2011-05-18,3,18.0,54.0,0
553566,23174,12690,2011-05-18,6,4.15,24.9,0
553566,23173,12690,2011-05-18,2,9.95,19.9,0
553566,23111,12690,2011-05-18,4,12.5,50.0,0
553577,22582,12437,2011-05-18,12,2.55,30.6,0
553577,22584,12437,2011-05-18,12,2.55,30.6,0
553577,22435,12437,2011-05-18,48,1.25,60.0,0
553577,21122,12437,2011-05-18,24,1.25,30.0,0
553577,21212,12437,2011-05-18,24,0.55,13.2,0
553577,21843,12437,2011-05-18,4,10.95,43.8,0
553577,22215,12437,2011-05-18,4,8.5,34.0,0
553577,47566,12437,2011-05-18,12,4.95,59.4,0
553577,22583,12437,2011-05-18,12,2.55,30.6,0
553577,POST,12437,2011-05-18,2,18.0,36.0,0
553666,21232,12679,2011-05-18,72,1.06,76.32,0
553666,POST,12679,2011-05-18,2,18.0,36.0,0
553838,22755,12620,2011-05-19,24,0.85,20.4,0
553838,22759,12620,2011-05-19,12,1.65,19.8,0
553838,23086,12620,2011-05-19,32,1.25,40.0,0
553838,23191,12620,2011-05-19,12,1.65,19.8,0
553838,22634,12620,2011-05-19,2,9.95,19.9,0
553838,22635,12620,2011-05-19,2,9.95,19.9,0
553838,17011F,12620,2011-05-19,24,0.65,15.6,0
553838,21394,12620,2011-05-19,48,0.39,18.72,0
553838,35810A,12620,2011-05-19,12,0.83,9.96,0
553838,35809A,12620,2011-05-19,12,0.83,9.96,0
553838,79030G,12620,2011-05-19,24,0.39,9.36,0
553838,20777,12620,2011-05-19,6,1.65,9.9,0
553838,23255,12620,2011-05-19,4,4.15,16.6,0
553838,23256,12620,2011-05-19,4,4.15,16.6,0
553838,23254,12620,2011-05-19,4,4.15,16.6,0
553838,23206,12620,2011-05-19,10,1.65,16.5,0
553838,21578,12620,2011-05-19,6,2.25,13.5,0
553838,21581,12620,2011-05-19,6,2.25,13.5,0
553838,84970L,12620,2011-05-19,12,0.95,11.4,0
553838,84978,12620,2011-05-19,12,1.25,15.0,0
553838,21284,12620,2011-05-19,12,1.69,20.28,0
553838,22554,12620,2011-05-19,12,1.65,19.8,0
553838,22553,12620,2011-05-19,12,1.65,19.8,0
553838,22637,12620,2011-05-19,4,2.55,10.2,0
553838,22138,12620,2011-05-19,3,4.95,14.85,0
553838,22617,12620,2011-05-19,3,4.95,14.85,0
553838,21746,12620,2011-05-19,24,1.25,30.0,0
553838,20725,12620,2011-05-19,10,1.65,16.5,0
553838,20726,12620,2011-05-19,10,1.65,16.5,0
553838,20977,12620,2011-05-19,16,1.25,20.0,0
553838,20979,12620,2011-05-19,16,1.25,20.0,0
553838,20978,12620,2011-05-19,16,1.25,20.0,0
553838,16236,12620,2011-05-19,28,0.21,5.88,0
553843,22090,12553,2011-05-19,6,2.95,17.7,0
553843,23065,12553,2011-05-19,1,12.5,12.5,0
553843,23202,12553,2011-05-19,10,2.08,20.8,0
553843,23206,12553,2011-05-19,10,1.65,16.5,0
553843,85099B,12553,2011-05-19,10,2.08,20.8,0
553843,23256,12553,2011-05-19,4,4.15,16.6,0
553843,23254,12553,2011-05-19,4,4.15,16.6,0
553843,84997D,12553,2011-05-19,4,4.15,16.6,0
553843,84997C,12553,2011-05-19,4,4.15,16.6,0
553843,20725,12553,2011-05-19,20,1.65,33.0,0
553843,21558,12553,2011-05-19,6,2.55,15.3,0
553843,22746,12553,2011-05-19,6,2.1,12.6,0
553843,22748,12553,2011-05-19,6,2.1,12.6,0
553843,22374,12553,2011-05-19,4,4.25,17.0,0
553843,22352,12553,2011-05-19,6,2.55,15.3,0
553843,21936,12553,2011-05-19,5,2.95,14.75,0
553843,21931,12553,2011-05-19,10,2.08,20.8,0
553843,22385,12553,2011-05-19,10,2.08,20.8,0
553843,POST,12553,2011-05-19,2,18.0,36.0,0
553997,22630,12656,2011-05-20,64,1.65,105.6,0
553997,22629,12656,2011-05-20,64,1.65,105.6,0
553997,22382,12656,2011-05-20,50,1.65,82.5,0
553997,22662,12656,2011-05-20,30,1.65,49.5,0
553997,23206,12656,2011-05-20,30,1.65,49.5,0
553997,21937,12656,2011-05-20,50,2.55,127.5,0
553997,21936,12656,2011-05-20,100,2.55,255.0,0
553997,20725,12656,2011-05-20,50,1.65,82.5,0
553997,20726,12656,2011-05-20,20,1.65,33.0,0
553997,15058A,12656,2011-05-20,2,7.95,15.9,0
553997,15058B,12656,2011-05-20,2,7.95,15.9,0
553997,23007,12656,2011-05-20,1,16.95,16.95,0
553997,23008,12656,2011-05-20,1,16.95,16.95,0
553997,POST,12656,2011-05-20,9,18.0,162.0,0
C554029,22423,12681,2011-05-20,-1,12.75,-12.75,1
C554029,22303,12681,2011-05-20,-2,2.55,-5.1,1
554097,23053,12567,2011-05-22,2,8.25,16.5,0
554097,23052,12567,2011-05-22,2,8.25,16.5,0
554097,23054,12567,2011-05-22,2,8.25,16.5,0
554097,21936,12567,2011-05-22,5,2.95,14.75,0
554097,22894,12567,2011-05-22,6,9.95,59.7,0
554097,23206,12567,2011-05-22,10,1.65,16.5,0
554097,23204,12567,2011-05-22,10,0.85,8.5,0
554097,22556,12567,2011-05-22,12,1.65,19.8,0
554097,22555,12567,2011-05-22,12,1.65,19.8,0
554097,21922,12567,2011-05-22,4,7.95,31.8,0
554097,22605,12567,2011-05-22,4,12.75,51.0,0
554097,22606,12567,2011-05-22,4,12.75,51.0,0
554097,22514,12567,2011-05-22,6,2.1,12.6,0
554097,22515,12567,2011-05-22,6,2.1,12.6,0
554097,22517,12567,2011-05-22,6,2.1,12.6,0
554097,22516,12567,2011-05-22,6,2.1,12.6,0
554097,22382,12567,2011-05-22,10,1.65,16.5,0
554097,21563,12567,2011-05-22,6,2.95,17.7,0
554097,21564,12567,2011-05-22,6,2.95,17.7,0
554097,23298,12567,2011-05-22,6,4.95,29.7,0
554097,21238,12567,2011-05-22,8,0.85,6.8,0
554097,21240,12567,2011-05-22,8,0.85,6.8,0
554097,21239,12567,2011-05-22,8,0.85,6.8,0
554097,21242,12567,2011-05-22,8,1.69,13.52,0
554097,21244,12567,2011-05-22,8,1.69,13.52,0
554097,21243,12567,2011-05-22,8,1.69,13.52,0
554097,20676,12567,2011-05-22,8,1.25,10.0,0
554097,20677,12567,2011-05-22,8,1.25,10.0,0
554097,20675,12567,2011-05-22,8,1.25,10.0,0
554097,22432,12567,2011-05-22,6,1.95,11.7,0
554097,22431,12567,2011-05-22,6,1.95,11.7,0
554097,21749,12567,2011-05-22,6,2.1,12.6,0
554097,22231,12567,2011-05-22,12,1.45,17.4,0
554097,23050,12567,2011-05-22,2,8.25,16.5,0
554097,POST,12567,2011-05-22,5,18.0,90.0,0
554109,23084,12682,2011-05-22,24,1.79,42.96,0
554109,21035,12682,2011-05-22,6,3.25,19.5,0
554109,22432,12682,2011-05-22,6,1.95,11.7,0
554109,23049,12682,2011-05-22,2,8.25,16.5,0
554109,23052,12682,2011-05-22,2,8.25,16.5,0
554109,23054,12682,2011-05-22,2,8.25,16.5,0
554109,21559,12682,2011-05-22,6,2.55,15.3,0
554109,22423,12682,2011-05-22,2,12.75,25.5,0
554109,22027,12682,2011-05-22,12,0.42,5.04,0
554109,POST,12682,2011-05-22,2,18.0,36.0,0
554134,23280,12583,2011-05-23,24,0.83,19.92,0
554134,23281,12583,2011-05-23,24,0.83,19.92,0
554134,22556,12583,2011-05-23,24,1.65,39.6,0
554134,22492,12583,2011-05-23,36,0.65,23.4,0
554134,22434,12583,2011-05-23,8,1.95,15.6,0
554134,21240,12583,2011-05-23,8,0.85,6.8,0
554134,21238,12583,2011-05-23,8,0.85,6.8,0
554134,22090,12583,2011-05-23,40,2.55,102.0,0
554134,22729,12583,2011-05-23,4,3.75,15.0,0
554134,20724,12583,2011-05-23,10,0.85,8.5,0
554134,20719,12583,2011-05-23,10,0.85,8.5,0
554134,21039,12583,2011-05-23,6,2.55,15.3,0
554134,21121,12583,2011-05-23,24,1.25,30.0,0
554134,21212,12583,2011-05-23,24,0.55,13.2,0
554134,21154,12583,2011-05-23,10,1.25,12.5,0
554134,20983,12583,2011-05-23,12,0.85,10.2,0
554134,20981,12583,2011-05-23,12,0.85,10.2,0
554134,21245,12583,2011-05-23,8,1.69,13.52,0
554134,84380,12583,2011-05-23,12,1.25,15.0,0
554134,POST,12583,2011-05-23,2,18.0,36.0,0
554356,23190,12670,2011-05-24,24,1.65,39.6,0
554356,23191,12670,2011-05-24,24,1.65,39.6,0
554356,23192,12670,2011-05-24,24,1.65,39.6,0
554356,23206,12670,2011-05-24,20,1.65,33.0,0
554356,20725,12670,2011-05-24,10,1.65,16.5,0
554356,21936,12670,2011-05-24,10,2.95,29.5,0
554356,22352,12670,2011-05-24,6,2.55,15.3,0
554356,22740,12670,2011-05-24,48,0.85,40.8,0
554356,22328,12670,2011-05-24,12,2.95,35.4,0
554356,22970,12670,2011-05-24,6,2.55,15.3,0
554356,22303,12670,2011-05-24,6,2.55,15.3,0
554356,23084,12670,2011-05-24,18,2.08,37.44,0
554356,POST,12670,2011-05-24,2,18.0,36.0,0
554555,22554,12437,2011-05-25,12,1.65,19.8,0
554555,21094,12437,2011-05-25,36,0.85,30.6,0
554555,21086,12437,2011-05-25,36,0.65,23.4,0
554555,22544,12437,2011-05-25,24,0.42,10.08,0
554555,22423,12437,2011-05-25,4,12.75,51.0,0
554555,22221,12437,2011-05-25,2,9.95,19.9,0
554555,22027,12437,2011-05-25,12,0.42,5.04,0
554555,84988,12437,2011-05-25,12,1.45,17.4,0
554555,22776,12437,2011-05-25,2,9.95,19.9,0
554555,POST,12437,2011-05-25,2,18.0,36.0,0
554555,22437,12437,2011-05-25,40,0.85,34.0,0
554648,23084,12562,2011-05-25,24,1.79,42.96,0
554648,20750,12562,2011-05-25,2,7.95,15.9,0
554648,21931,12562,2011-05-25,10,2.08,20.8,0
554648,20712,12562,2011-05-25,10,2.08,20.8,0
554648,23199,12562,2011-05-25,10,2.08,20.8,0
554648,22385,12562,2011-05-25,10,2.08,20.8,0
554648,85099B,12562,2011-05-25,10,2.08,20.8,0
554648,21936,12562,2011-05-25,5,2.95,14.75,0
554648,20726,12562,2011-05-25,10,1.65,16.5,0
554648,22630,12562,2011-05-25,12,1.95,23.4,0
554648,22629,12562,2011-05-25,12,1.95,23.4,0
554648,22662,12562,2011-05-25,10,1.65,16.5,0
554648,20665,12562,2011-05-25,6,2.95,17.7,0
554648,22637,12562,2011-05-25,4,2.55,10.2,0
554648,22139,12562,2011-05-25,3,4.95,14.85,0
554648,22636,12562,2011-05-25,2,8.5,17.0,0
554648,23206,12562,2011-05-25,10,1.65,16.5,0
554648,22556,12562,2011-05-25,12,1.65,19.8,0
554648,22554,12562,2011-05-25,12,1.65,19.8,0
554648,22744,12562,2011-05-25,6,2.95,17.7,0
554648,POST,12562,2011-05-25,3,18.0,54.0,0
554650,23084,12681,2011-05-25,24,1.79,42.96,0
554650,23199,12681,2011-05-25,10,2.08,20.8,0
554650,23200,12681,2011-05-25,10,2.08,20.8,0
554650,23191,12681,2011-05-25,12,1.65,19.8,0
554650,23206,12681,2011-05-25,10,1.65,16.5,0
554650,23209,12681,2011-05-25,20,1.65,33.0,0
554650,23280,12681,2011-05-25,12,0.83,9.96,0
554650,23076,12681,2011-05-25,24,1.25,30.0,0
554650,23078,12681,2011-05-25,24,1.25,30.0,0
554650,22431,12681,2011-05-25,6,1.95,11.7,0
554650,22432,12681,2011-05-25,6,1.95,11.7,0
554650,21731,12681,2011-05-25,12,1.65,19.8,0
554650,16236,12681,2011-05-25,28,0.21,5.88,0
554650,16238,12681,2011-05-25,28,0.21,5.88,0
554650,16237,12681,2011-05-25,30,0.21,6.3,0
554650,20749,12681,2011-05-25,2,7.95,15.9,0
554650,20750,12681,2011-05-25,2,7.95,15.9,0
554650,22975,12681,2011-05-25,12,1.25,15.0,0
554650,22977,12681,2011-05-25,12,1.25,15.0,0
554650,21156,12681,2011-05-25,8,1.95,15.6,0
554650,84997B,12681,2011-05-25,4,4.15,16.6,0
554650,21559,12681,2011-05-25,6,2.55,15.3,0
554650,23208,12681,2011-05-25,10,1.65,16.5,0
554650,22352,12681,2011-05-25,6,2.55,15.3,0
554650,21949,12681,2011-05-25,12,1.25,15.0,0
554650,21121,12681,2011-05-25,24,1.25,30.0,0
554650,21693,12681,2011-05-25,6,2.95,17.7,0
554650,22840,12681,2011-05-25,2,7.95,15.9,0
554650,35809A,12681,2011-05-25,12,0.83,9.96,0
554650,POST,12681,2011-05-25,3,18.0,54.0,0
554826,20725,12493,2011-05-26,10,1.65,16.5,0
554826,22384,12493,2011-05-26,10,1.65,16.5,0
554826,23209,12493,2011-05-26,10,1.65,16.5,0
554826,21937,12493,2011-05-26,5,2.95,14.75,0
554826,22383,12493,2011-05-26,10,1.65,16.5,0
554826,20728,12493,2011-05-26,10,1.65,16.5,0
554826,22431,12493,2011-05-26,12,1.95,23.4,0
554826,22456,12493,2011-05-26,6,4.95,29.7,0
554826,23206,12493,2011-05-26,10,1.65,16.5,0
554826,22848,12493,2011-05-26,1,16.95,16.95,0
554826,22845,12493,2011-05-26,2,6.35,12.7,0
554826,C2,12493,2011-05-26,2,18.0,36.0,0
554840,20974,12684,2011-05-26,24,0.65,15.6,0
554840,22491,12684,2011-05-26,24,0.85,20.4,0
554840,22489,12684,2011-05-26,144,0.36,51.84,0
554840,21918,12684,2011-05-26,24,0.42,10.08,0
554840,21917,12684,2011-05-26,24,0.42,10.08,0
554840,22492,12684,2011-05-26,72,0.65,46.8,0
554840,21915,12684,2011-05-26,24,1.25,30.0,0
554840,22557,12684,2011-05-26,24,1.65,39.6,0
554840,22556,12684,2011-05-26,12,1.65,19.8,0
554840,22728,12684,2011-05-26,8,3.75,30.0,0
554840,22273,12684,2011-05-26,24,2.95,70.8,0
554840,22437,12684,2011-05-26,20,0.85,17.0,0
554840,POST,12684,2011-05-26,2,18.0,36.0,0
554940,23084,12494,2011-05-27,6,2.08,12.48,0
554940,20725,12494,2011-05-27,10,1.65,16.5,0
554940,22383,12494,2011-05-27,10,1.65,16.5,0
554940,22382,12494,2011-05-27,10,1.65,16.5,0
554940,20726,12494,2011-05-27,10,1.65,16.5,0
554940,84997C,12494,2011-05-27,4,4.15,16.6,0
554940,84997D,12494,2011-05-27,4,4.15,16.6,0
554940,21843,12494,2011-05-27,1,10.95,10.95,0
554940,23108,12494,2011-05-27,2,6.25,12.5,0
554940,21249,12494,2011-05-27,6,2.95,17.7,0
554940,21166,12494,2011-05-27,12,2.08,24.96,0
554940,22413,12494,2011-05-27,6,2.95,17.7,0
554940,21175,12494,2011-05-27,12,2.55,30.6,0
554940,21164,12494,2011-05-27,6,2.95,17.7,0
554940,21770,12494,2011-05-27,2,4.95,9.9,0
554940,21907,12494,2011-05-27,12,2.1,25.2,0
554940,22412,12494,2011-05-27,12,2.1,25.2,0
554940,21908,12494,2011-05-27,12,2.1,25.2,0
554940,82567,12494,2011-05-27,6,2.1,12.6,0
554940,82600,12494,2011-05-27,12,2.1,25.2,0
554940,POST,12494,2011-05-27,2,18.0,36.0,0
555096,23112,12682,2011-05-31,2,7.5,15.0,0
555096,23209,12682,2011-05-31,10,1.65,16.5,0
555096,23084,12682,2011-05-31,72,1.79,128.88,0
555096,22303,12682,2011-05-31,6,2.55,15.3,0
555096,23206,12682,2011-05-31,10,1.65,16.5,0
555096,23200,12682,2011-05-31,10,2.08,20.8,0
555096,21746,12682,2011-05-31,12,1.25,15.0,0
555096,23203,12682,2011-05-31,10,2.08,20.8,0
555096,23202,12682,2011-05-31,10,2.08,20.8,0
555096,20726,12682,2011-05-31,10,1.65,16.5,0
555096,23174,12682,2011-05-31,4,4.15,16.6,0
555096,23175,12682,2011-05-31,4,3.25,13.0,0
555096,47566,12682,2011-05-31,4,4.95,19.8,0
555096,23298,12682,2011-05-31,6,4.95,29.7,0
555096,22989,12682,2011-05-31,6,3.25,19.5,0
555096,21700,12682,2011-05-31,12,0.85,10.2,0
555096,23155,12682,2011-05-31,12,0.83,9.96,0
555096,POST,12682,2011-05-31,3,18.0,54.0,0
C555100,22848,12493,2011-05-31,-1,16.95,-16.95,1
555531,POST,12678,2011-06-05,11,18.0,198.0,0
555531,22728,12678,2011-06-05,24,3.75,90.0,0
555531,22846,12678,2011-06-05,4,14.95,59.8,0
555531,23280,12678,2011-06-05,96,0.72,69.12,0
555531,23203,12678,2011-06-05,200,1.79,358.0,0
555531,23209,12678,2011-06-05,80,1.65,132.0,0
555531,22466,12678,2011-06-05,144,1.65,237.6,0
555531,22560,12678,2011-06-05,48,1.06,50.88,0
555531,22992,12678,2011-06-05,96,1.95,187.2,0
555531,22991,12678,2011-06-05,84,1.95,163.8,0
555531,20978,12678,2011-06-05,16,1.25,20.0,0
555531,20979,12678,2011-06-05,32,1.25,40.0,0
555531,22965,12678,2011-06-05,24,2.1,50.4,0
555531,84378,12678,2011-06-05,24,1.25,30.0,0
555531,22907,12678,2011-06-05,96,0.72,69.12,0
555531,84988,12678,2011-06-05,72,1.45,104.4,0
555531,22417,12678,2011-06-05,72,0.55,39.6,0
555531,84991,12678,2011-06-05,72,0.55,39.6,0
555547,23168,12681,2011-06-05,12,1.25,15.0,0
555547,84077,12681,2011-06-05,48,0.29,13.92,0
555547,22326,12681,2011-06-05,12,2.95,35.4,0
555547,23204,12681,2011-06-05,10,0.85,8.5,0
555547,22024,12681,2011-06-05,12,0.42,5.04,0
555547,22037,12681,2011-06-05,12,0.42,5.04,0
555547,22976,12681,2011-06-05,12,1.25,15.0,0
555547,23110,12681,2011-06-05,2,5.75,11.5,0
555547,47566,12681,2011-06-05,4,4.95,19.8,0
555547,21238,12681,2011-06-05,8,0.85,6.8,0
555547,22191,12681,2011-06-05,2,8.5,17.0,0
555547,23159,12681,2011-06-05,12,2.08,24.96,0
555547,22303,12681,2011-06-05,24,2.55,61.2,0
555547,22301,12681,2011-06-05,6,2.55,15.3,0
555547,22970,12681,2011-06-05,6,2.55,15.3,0
555547,22894,12681,2011-06-05,4,9.95,39.8,0
555547,22365,12681,2011-06-05,2,7.95,15.9,0
555547,22328,12681,2011-06-05,6,2.95,17.7,0
555547,22554,12681,2011-06-05,12,1.65,19.8,0
555547,22555,12681,2011-06-05,12,1.65,19.8,0
555547,22556,12681,2011-06-05,24,1.65,39.6,0
555547,22652,12681,2011-06-05,10,1.65,16.5,0
555547,22898,12681,2011-06-05,8,1.95,15.6,0
555547,22467,12681,2011-06-05,36,2.1,75.6,0
555547,21080,12681,2011-06-05,12,0.85,10.2,0
555547,22423,12681,2011-06-05,1,12.75,12.75,0
555547,21544,12681,2011-06-05,12,0.85,10.2,0
555547,22900,12681,2011-06-05,6,3.25,19.5,0
555547,22895,12681,2011-06-05,6,3.25,19.5,0
555547,21731,12681,2011-06-05,12,1.65,19.8,0
555547,20750,12681,2011-06-05,2,7.95,15.9,0
555547,POST,12681,2011-06-05,4,18.0,72.0,0
555569,21084,12727,2011-06-05,24,0.19,4.56,0
555569,21090,12727,2011-06-05,24,0.39,9.36,0
555569,84987,12727,2011-06-05,12,1.45,17.4,0
555569,22795,12727,2011-06-05,4,6.75,27.0,0
555569,22189,12727,2011-06-05,8,3.95,31.6,0
555569,23133,12727,2011-06-05,8,7.05,56.4,0
555569,84988,12727,2011-06-05,48,1.45,69.6,0
555569,23107,12727,2011-06-05,8,2.89,23.12,0
555569,22090,12727,2011-06-05,24,2.95,70.8,0
555569,72799F,12727,2011-06-05,18,2.95,53.1,0
555569,72799E,12727,2011-06-05,18,2.95,53.1,0
555569,72800E,12727,2011-06-05,24,2.1,50.4,0
555569,72800C,12727,2011-06-05,12,2.55,30.6,0
555569,22215,12727,2011-06-05,6,8.5,51.0,0
555569,22224,12727,2011-06-05,6,2.95,17.7,0
555569,22151,12727,2011-06-05,72,0.42,30.24,0
555569,21198,12727,2011-06-05,24,1.65,39.6,0
555569,23082,12727,2011-06-05,18,3.75,67.5,0
555569,POST,12727,2011-06-05,5,18.0,90.0,0
555637,21485,12535,2011-06-06,9,4.95,44.55,0
555637,22111,12535,2011-06-06,9,4.95,44.55,0
555637,21078,12535,2011-06-06,12,0.85,10.2,0
555637,21080,12535,2011-06-06,12,0.85,10.2,0
555637,22138,12535,2011-06-06,6,4.95,29.7,0
555637,22960,12535,2011-06-06,6,4.25,25.5,0
555637,21155,12535,2011-06-06,6,2.55,15.3,0
555637,22558,12535,2011-06-06,12,1.65,19.8,0
555637,21706,12535,2011-06-06,4,4.95,19.8,0
555637,21709,12535,2011-06-06,4,4.95,19.8,0
555637,21707,12535,2011-06-06,4,4.95,19.8,0
555637,21116,12535,2011-06-06,3,4.95,14.85,0
555637,22500,12535,2011-06-06,4,4.95,19.8,0
555637,20767,12535,2011-06-06,6,2.55,15.3,0
555637,21622,12535,2011-06-06,4,4.95,19.8,0
555637,47585A,12535,2011-06-06,4,3.75,15.0,0
555637,46000S,12535,2011-06-06,8,1.45,11.6,0
555637,22794,12535,2011-06-06,2,7.95,15.9,0
555933,23207,12567,2011-06-08,10,1.65,16.5,0
555933,23208,12567,2011-06-08,10,1.65,16.5,0
555933,22432,12567,2011-06-08,6,1.95,11.7,0
555933,22431,12567,2011-06-08,6,1.95,11.7,0
555933,22456,12567,2011-06-08,6,4.95,29.7,0
555933,20726,12567,2011-06-08,10,1.65,16.5,0
555933,22328,12567,2011-06-08,6,2.95,17.7,0
555933,23206,12567,2011-06-08,20,1.65,33.0,0
555933,22628,12567,2011-06-08,4,4.95,19.8,0
555933,22382,12567,2011-06-08,10,1.65,16.5,0
555933,21084,12567,2011-06-08,24,0.19,4.56,0
555933,21090,12567,2011-06-08,12,0.39,4.68,0
555933,23049,12567,2011-06-08,2,8.25,16.5,0
555933,23076,12567,2011-06-08,24,1.25,30.0,0
555933,20979,12567,2011-06-08,16,1.25,20.0,0
555933,22705,12567,2011-06-08,25,0.42,10.5,0
555933,23232,12567,2011-06-08,25,0.42,10.5,0
C555935,23232,12567,2011-06-08,-25,0.42,-10.5,1
C555935,23208,12567,2011-06-08,-10,1.65,-16.5,1
C555935,23207,12567,2011-06-08,-10,1.65,-16.5,1
C555935,23206,12567,2011-06-08,-20,1.65,-33.0,1
C555935,23076,12567,2011-06-08,-24,1.25,-30.0,1
C555935,23049,12567,2011-06-08,-2,8.25,-16.5,1
C555935,22705,12567,2011-06-08,-25,0.42,-10.5,1
C555935,22628,12567,2011-06-08,-4,4.95,-19.8,1
C555935,22456,12567,2011-06-08,-6,4.95,-29.7,1
C555935,22432,12567,2011-06-08,-6,1.95,-11.7,1
C555935,22431,12567,2011-06-08,-6,1.95,-11.7,1
C555935,22382,12567,2011-06-08,-10,1.65,-16.5,1
C555935,22328,12567,2011-06-08,-6,2.95,-17.7,1
C555935,21090,12567,2011-06-08,-12,0.39,-4.68,1
C555935,21084,12567,2011-06-08,-24,0.19,-4.56,1
C555935,20979,12567,2011-06-08,-16,1.25,-20.0,1
C555935,20726,12567,2011-06-08,-10,1.65,-16.5,1
555936,23232,12567,2011-06-08,25,0.42,10.5,0
555936,23208,12567,2011-06-08,10,1.65,16.5,0
555936,23207,12567,2011-06-08,10,1.65,16.5,0
555936,23206,12567,2011-06-08,20,1.65,33.0,0
555936,23076,12567,2011-06-08,24,1.25,30.0,0
555936,23049,12567,2011-06-08,2,8.25,16.5,0
555936,22705,12567,2011-06-08,25,0.42,10.5,0
555936,22628,12567,2011-06-08,4,4.95,19.8,0
555936,22456,12567,2011-06-08,6,4.95,29.7,0
555936,22432,12567,2011-06-08,6,1.95,11.7,0
555936,22431,12567,2011-06-08,6,1.95,11.7,0
555936,22382,12567,2011-06-08,10,1.65,16.5,0
555936,22328,12567,2011-06-08,6,2.95,17.7,0
555936,21090,12567,2011-06-08,12,0.39,4.68,0
555936,21084,12567,2011-06-08,24,0.19,4.56,0
555936,20979,12567,2011-06-08,16,1.25,20.0,0
555936,20726,12567,2011-06-08,10,1.65,16.5,0
555937,23308,12683,2011-06-08,24,0.55,13.2,0
555937,23307,12683,2011-06-08,24,0.55,13.2,0
555937,23159,12683,2011-06-08,24,2.08,49.92,0
555937,23156,12683,2011-06-08,24,2.08,49.92,0
555937,21125,12683,2011-06-08,36,1.25,45.0,0
555937,21121,12683,2011-06-08,24,1.25,30.0,0
555937,21122,12683,2011-06-08,24,1.25,30.0,0
555937,21124,12683,2011-06-08,24,1.25,30.0,0
555937,21123,12683,2011-06-08,24,1.25,30.0,0
555937,84828,12683,2011-06-08,48,1.06,50.88,0
555937,21987,12683,2011-06-08,12,0.65,7.8,0
555937,21988,12683,2011-06-08,12,0.85,10.2,0
555937,22907,12683,2011-06-08,24,0.85,20.4,0
555937,23306,12683,2011-06-08,12,1.45,17.4,0
555937,21559,12683,2011-06-08,6,2.55,15.3,0
555937,22352,12683,2011-06-08,6,2.55,15.3,0
555937,20726,12683,2011-06-08,10,1.65,16.5,0
555937,22384,12683,2011-06-08,10,1.65,16.5,0
555937,23209,12683,2011-06-08,10,1.65,16.5,0
555937,22328,12683,2011-06-08,6,2.95,17.7,0
555937,21507,12683,2011-06-08,12,0.42,5.04,0
555937,22742,12683,2011-06-08,6,2.95,17.7,0
555937,20971,12683,2011-06-08,12,1.25,15.0,0
555937,20972,12683,2011-06-08,12,1.25,15.0,0
555937,20963,12683,2011-06-08,10,1.25,12.5,0
555937,21943,12683,2011-06-08,12,0.85,10.2,0
555937,21946,12683,2011-06-08,12,0.85,10.2,0
555937,22624,12683,2011-06-08,2,8.5,17.0,0
555937,22627,12683,2011-06-08,2,8.5,17.0,0
555937,POST,12683,2011-06-08,3,18.0,54.0,0
555941,22620,12726,2011-06-08,24,1.45,34.8,0
555941,21094,12726,2011-06-08,48,0.85,40.8,0
555941,22435,12726,2011-06-08,36,1.25,45.0,0
555941,22540,12726,2011-06-08,48,0.42,20.16,0
555941,21829,12726,2011-06-08,36,0.21,7.56,0
555941,21086,12726,2011-06-08,36,0.65,23.4,0
555941,22492,12726,2011-06-08,36,0.65,23.4,0
555941,22333,12726,2011-06-08,8,1.65,13.2,0
555941,22434,12726,2011-06-08,16,1.95,31.2,0
555941,21989,12726,2011-06-08,12,0.85,10.2,0
555941,21987,12726,2011-06-08,12,0.65,7.8,0
555941,21988,12726,2011-06-08,12,0.85,10.2,0
555941,22539,12726,2011-06-08,48,0.42,20.16,0
555941,22531,12726,2011-06-08,48,0.42,20.16,0
555941,21080,12726,2011-06-08,12,0.85,10.2,0
555941,21207,12726,2011-06-08,12,1.65,19.8,0
555941,POST,12726,2011-06-08,1,18.0,18.0,0
556258,22540,12694,2011-06-09,24,0.42,10.08,0
556258,22544,12694,2011-06-09,24,0.42,10.08,0
556258,21892,12694,2011-06-09,12,1.25,15.0,0
556258,22620,12694,2011-06-09,12,1.45,17.4,0
556258,21888,12694,2011-06-09,4,3.75,15.0,0
556258,22992,12694,2011-06-09,24,1.95,46.8,0
556258,23308,12694,2011-06-09,24,0.55,13.2,0
556258,23307,12694,2011-06-09,24,0.55,13.2,0
556258,23309,12694,2011-06-09,24,0.55,13.2,0
556258,84375,12694,2011-06-09,12,2.1,25.2,0
556258,84820,12694,2011-06-09,8,4.65,37.2,0
556258,21088,12694,2011-06-09,24,0.19,4.56,0
556258,21096,12694,2011-06-09,12,0.39,4.68,0
556258,22215,12694,2011-06-09,6,8.5,51.0,0
556258,22236,12694,2011-06-09,2,12.75,25.5,0
556258,22908,12694,2011-06-09,12,0.85,10.2,0
556258,21207,12694,2011-06-09,12,1.65,19.8,0
556258,22492,12694,2011-06-09,36,0.65,23.4,0
556258,21124,12694,2011-06-09,24,1.25,30.0,0
556258,POST,12694,2011-06-09,3,18.0,54.0,0
556259,23255,12721,2011-06-09,4,4.15,16.6,0
556259,22556,12721,2011-06-09,12,1.65,19.8,0
556259,23007,12721,2011-06-09,1,16.95,16.95,0
556259,22423,12721,2011-06-09,2,12.75,25.5,0
556259,21746,12721,2011-06-09,24,1.25,30.0,0
556259,21829,12721,2011-06-09,36,0.21,7.56,0
556259,22711,12721,2011-06-09,25,0.42,10.5,0
556259,22699,12721,2011-06-09,6,2.95,17.7,0
556259,23173,12721,2011-06-09,2,9.95,19.9,0
556259,23108,12721,2011-06-09,2,6.25,12.5,0
556259,22180,12721,2011-06-09,1,9.95,9.95,0
556259,23192,12721,2011-06-09,12,1.65,19.8,0
556259,23300,12721,2011-06-09,12,1.65,19.8,0
556259,16219,12721,2011-06-09,48,0.06,2.88,0
556259,84596F,12721,2011-06-09,16,0.42,6.72,0
556259,84596B,12721,2011-06-09,16,0.42,6.72,0
556259,21884,12721,2011-06-09,12,0.65,7.8,0
556259,21883,12721,2011-06-09,12,0.65,7.8,0
556259,21880,12721,2011-06-09,12,0.65,7.8,0
556259,23101,12721,2011-06-09,12,0.83,9.96,0
556259,85099B,12721,2011-06-09,10,2.08,20.8,0
556259,23231,12721,2011-06-09,25,0.42,10.5,0
556259,16161P,12721,2011-06-09,25,0.42,10.5,0
556259,16156S,12721,2011-06-09,25,0.42,10.5,0
556259,21498,12721,2011-06-09,25,0.42,10.5,0
556259,21936,12721,2011-06-09,5,2.95,14.75,0
556259,21731,12721,2011-06-09,12,1.65,19.8,0
556259,22333,12721,2011-06-09,8,1.65,13.2,0
556259,22331,12721,2011-06-09,8,1.65,13.2,0
556259,22631,12721,2011-06-09,12,1.95,23.4,0
556259,22629,12721,2011-06-09,12,1.95,23.4,0
556259,22090,12721,2011-06-09,6,2.95,17.7,0
556259,47566,12721,2011-06-09,4,4.95,19.8,0
556259,84279P,12721,2011-06-09,4,3.75,15.0,0
556259,22759,12721,2011-06-09,12,1.65,19.8,0
556259,POST,12721,2011-06-09,4,18.0,72.0,0
556305,POST,12643,2011-06-10,4,18.0,72.0,0
556305,22083,12643,2011-06-10,80,2.55,204.0,0
556305,22090,12643,2011-06-10,80,2.55,204.0,0
556463,23100,12583,2011-06-12,12,1.25,15.0,0
556463,21240,12583,2011-06-12,8,0.85,6.8,0
556463,21238,12583,2011-06-12,8,0.85,6.8,0
556463,21244,12583,2011-06-12,8,1.69,13.52,0
556463,21242,12583,2011-06-12,8,1.69,13.52,0
556463,23298,12583,2011-06-12,12,4.95,59.4,0
556463,22197,12583,2011-06-12,36,0.85,30.6,0
556463,21210,12583,2011-06-12,12,1.45,17.4,0
556463,22356,12583,2011-06-12,10,0.85,8.5,0
556463,22466,12583,2011-06-12,12,1.95,23.4,0
556463,22610,12583,2011-06-12,360,0.19,68.4,0
556463,22609,12583,2011-06-12,216,0.19,41.04,0
556463,22561,12583,2011-06-12,12,1.65,19.8,0
556463,POST,12583,2011-06-12,2,18.0,36.0,0
556507,84879,12567,2011-06-13,16,1.69,27.04,0
556507,21340,12567,2011-06-13,8,9.95,79.6,0
556507,23112,12567,2011-06-13,2,7.5,15.0,0
556507,48184,12567,2011-06-13,4,7.95,31.8,0
556507,23158,12567,2011-06-13,12,2.08,24.96,0
556507,22730,12567,2011-06-13,8,3.75,30.0,0
556507,22467,12567,2011-06-13,12,2.55,30.6,0
556507,22725,12567,2011-06-13,8,3.75,30.0,0
556507,22781,12567,2011-06-13,4,7.65,30.6,0
556507,23052,12567,2011-06-13,4,8.25,33.0,0
556507,23053,12567,2011-06-13,4,8.25,33.0,0
556507,23054,12567,2011-06-13,4,8.25,33.0,0
556507,23049,12567,2011-06-13,6,8.25,49.5,0
556507,23050,12567,2011-06-13,4,8.25,33.0,0
556507,23206,12567,2011-06-13,10,1.65,16.5,0
556507,23204,12567,2011-06-13,10,0.85,8.5,0
556507,22303,12567,2011-06-13,6,2.55,15.3,0
556507,22894,12567,2011-06-13,4,9.95,39.8,0
556507,22908,12567,2011-06-13,12,0.85,10.2,0
556507,22989,12567,2011-06-13,6,3.25,19.5,0
556507,22352,12567,2011-06-13,6,2.55,15.3,0
556507,85099B,12567,2011-06-13,10,2.08,20.8,0
556507,22379,12567,2011-06-13,5,2.1,10.5,0
556507,20712,12567,2011-06-13,10,2.08,20.8,0
556507,20726,12567,2011-06-13,10,1.65,16.5,0
556507,22384,12567,2011-06-13,10,1.65,16.5,0
556507,20728,12567,2011-06-13,10,1.65,16.5,0
556507,22752,12567,2011-06-13,6,8.5,51.0,0
556507,23190,12567,2011-06-13,12,1.65,19.8,0
556507,23192,12567,2011-06-13,12,1.65,19.8,0
556507,22440,12567,2011-06-13,20,0.42,8.4,0
556507,21746,12567,2011-06-13,12,1.25,15.0,0
556507,22992,12567,2011-06-13,12,1.95,23.4,0
556507,22991,12567,2011-06-13,12,1.95,23.4,0
556507,21891,12567,2011-06-13,12,1.45,17.4,0
556507,21914,12567,2011-06-13,12,1.25,15.0,0
556507,22139,12567,2011-06-13,3,4.95,14.85,0
556507,22554,12567,2011-06-13,12,1.65,19.8,0
556507,22555,12567,2011-06-13,12,1.65,19.8,0
556507,21561,12567,2011-06-13,6,2.55,15.3,0
556507,23076,12567,2011-06-13,24,1.25,30.0,0
556507,22631,12567,2011-06-13,12,1.95,23.4,0
556507,22556,12567,2011-06-13,12,1.65,19.8,0
556507,23108,12567,2011-06-13,6,6.25,37.5,0
556507,23008,12567,2011-06-13,4,16.95,67.8,0
556507,23007,12567,2011-06-13,4,16.95,67.8,0
556507,22693,12567,2011-06-13,24,1.25,30.0,0
556507,21124,12567,2011-06-13,24,1.25,30.0,0
556507,22088,12567,2011-06-13,6,2.95,17.7,0
556507,23282,12567,2011-06-13,12,0.83,9.96,0
556507,23281,12567,2011-06-13,12,0.83,9.96,0
556507,23084,12567,2011-06-13,6,2.08,12.48,0
556507,23079,12567,2011-06-13,2,8.95,17.9,0
556507,POST,12567,2011-06-13,8,18.0,144.0,0
556507,23200,12567,2011-06-13,10,2.08,20.8,0
556507,23199,12567,2011-06-13,20,2.08,41.6,0
556507,23048,12567,2011-06-13,4,4.15,16.6,0
556507,23209,12567,2011-06-13,10,1.65,16.5,0
556507,22120,12567,2011-06-13,3,9.95,29.85,0
556507,21754,12567,2011-06-13,3,5.95,17.85,0
556507,21755,12567,2011-06-13,3,5.95,17.85,0
556526,23256,12732,2011-06-13,8,4.15,33.2,0
556526,23254,12732,2011-06-13,8,4.15,33.2,0
556526,23255,12732,2011-06-13,8,4.15,33.2,0
556526,20979,12732,2011-06-13,32,1.25,40.0,0
556526,21238,12732,2011-06-13,8,0.85,6.8,0
556526,21242,12732,2011-06-13,8,1.69,13.52,0
556526,21244,12732,2011-06-13,8,1.69,13.52,0
556526,21240,12732,2011-06-13,8,0.85,6.8,0
556526,21239,12732,2011-06-13,8,0.85,6.8,0
556526,21243,12732,2011-06-13,8,1.69,13.52,0
556526,22328,12732,2011-06-13,6,2.95,17.7,0
556526,POST,12732,2011-06-13,1,18.0,18.0,0
556529,21928,12714,2011-06-13,10,2.08,20.8,0
556529,21931,12714,2011-06-13,10,2.08,20.8,0
556529,20712,12714,2011-06-13,10,2.08,20.8,0
556529,21929,12714,2011-06-13,10,2.08,20.8,0
556529,22386,12714,2011-06-13,10,2.08,20.8,0
556529,22411,12714,2011-06-13,10,2.08,20.8,0
556529,23201,12714,2011-06-13,10,2.08,20.8,0
556529,21936,12714,2011-06-13,5,2.95,14.75,0
556529,21937,12714,2011-06-13,5,2.95,14.75,0
556529,23050,12714,2011-06-13,2,8.25,16.5,0
556529,21537,12714,2011-06-13,4,4.25,17.0,0
556529,22332,12714,2011-06-13,8,1.65,13.2,0
556529,22333,12714,2011-06-13,8,1.65,13.2,0
556529,22331,12714,2011-06-13,8,1.65,13.2,0
556529,23209,12714,2011-06-13,10,1.65,16.5,0
556529,23308,12714,2011-06-13,24,0.55,13.2,0
556529,21039,12714,2011-06-13,6,2.55,15.3,0
556529,21558,12714,2011-06-13,6,2.55,15.3,0
556529,21559,12714,2011-06-13,12,2.55,30.6,0
556529,21914,12714,2011-06-13,12,1.25,15.0,0
556529,22352,12714,2011-06-13,12,2.55,30.6,0
556529,23084,12714,2011-06-13,24,1.79,42.96,0
556529,21239,12714,2011-06-13,16,0.85,13.6,0
556529,POST,12714,2011-06-13,4,18.0,72.0,0
556816,POST,12437,2011-06-15,3,18.0,54.0,0
556816,21094,12437,2011-06-15,96,0.64,61.44,0
556816,21086,12437,2011-06-15,120,0.65,78.0,0
556816,22236,12437,2011-06-15,12,10.95,131.4,0
556816,20677,12437,2011-06-15,8,1.25,10.0,0
556816,22356,12437,2011-06-15,20,0.85,17.0,0
556816,22326,12437,2011-06-15,12,2.95,35.4,0
556816,21561,12437,2011-06-15,12,2.55,30.6,0
556816,20728,12437,2011-06-15,10,1.65,16.5,0
556816,20725,12437,2011-06-15,10,1.65,16.5,0
556816,22439,12437,2011-06-15,24,0.65,15.6,0
556816,21224,12437,2011-06-15,20,1.25,25.0,0
556816,21544,12437,2011-06-15,12,0.85,10.2,0
556819,23298,12682,2011-06-15,9,4.95,44.55,0
556819,47566,12682,2011-06-15,4,4.95,19.8,0
556819,23084,12682,2011-06-15,96,1.79,171.84,0
556819,23053,12682,2011-06-15,2,8.25,16.5,0
556819,85014A,12682,2011-06-15,3,5.95,17.85,0
556819,23249,12682,2011-06-15,12,1.65,19.8,0
556819,23251,12682,2011-06-15,12,1.25,15.0,0
556819,23250,12682,2011-06-15,12,1.25,15.0,0
556819,23252,12682,2011-06-15,4,3.75,15.0,0
556819,23288,12682,2011-06-15,8,0.85,6.8,0
556819,23285,12682,2011-06-15,8,0.85,6.8,0
556819,POST,12682,2011-06-15,4,18.0,72.0,0
556820,22435,12682,2011-06-15,12,1.25,15.0,0
556820,21558,12682,2011-06-15,6,2.55,15.3,0
556820,22352,12682,2011-06-15,12,2.55,30.6,0
556820,22432,12682,2011-06-15,12,1.95,23.4,0
556820,23209,12682,2011-06-15,10,1.65,16.5,0
556820,23203,12682,2011-06-15,10,2.08,20.8,0
556820,23240,12682,2011-06-15,6,4.15,24.9,0
556820,23237,12682,2011-06-15,6,4.15,24.9,0
556820,23238,12682,2011-06-15,6,4.15,24.9,0
556820,23245,12682,2011-06-15,4,4.95,19.8,0
556820,23306,12682,2011-06-15,12,1.45,17.4,0
556820,21746,12682,2011-06-15,12,1.25,15.0,0
556820,21559,12682,2011-06-15,6,2.55,15.3,0
556820,22976,12682,2011-06-15,12,1.25,15.0,0
556820,15056N,12682,2011-06-15,6,5.95,35.7,0
556820,20750,12682,2011-06-15,4,7.95,31.8,0
556820,15056BL,12682,2011-06-15,3,5.95,17.85,0
556886,21094,12624,2011-06-15,12,0.85,10.2,0
556886,15058A,12624,2011-06-15,2,7.95,15.9,0
556886,15058C,12624,2011-06-15,2,7.95,15.9,0
556886,15058B,12624,2011-06-15,2,7.95,15.9,0
556886,22138,12624,2011-06-15,3,4.95,14.85,0
556886,21703,12624,2011-06-15,12,0.42,5.04,0
556886,22620,12624,2011-06-15,12,1.45,17.4,0
556886,20979,12624,2011-06-15,16,1.25,20.0,0
556886,20977,12624,2011-06-15,16,1.25,20.0,0
556886,84535B,12624,2011-06-15,16,0.65,10.4,0
556886,21212,12624,2011-06-15,24,0.55,13.2,0
556886,21976,12624,2011-06-15,24,0.55,13.2,0
556886,84828,12624,2011-06-15,24,1.25,30.0,0
556886,21078,12624,2011-06-15,12,0.85,10.2,0
556886,21080,12624,2011-06-15,12,0.85,10.2,0
556886,21086,12624,2011-06-15,12,0.65,7.8,0
556886,20749,12624,2011-06-15,2,7.95,15.9,0
556886,22320,12624,2011-06-15,3,5.95,17.85,0
556886,POST,12624,2011-06-15,2,18.0,36.0,0
556924,82552,-1,2011-06-15,1,1.45,1.45,0
556924,21165,-1,2011-06-15,1,1.69,1.69,0
556924,47503A,-1,2011-06-15,1,1.25,1.25,0
556924,23154,-1,2011-06-15,3,2.08,6.24,0
556924,23156,-1,2011-06-15,3,2.08,6.24,0
556924,21442,-1,2011-06-15,2,0.85,1.7,0
556924,21441,-1,2011-06-15,2,0.85,1.7,0
556924,23339,-1,2011-06-15,1,2.08,2.08,0
556924,23338,-1,2011-06-15,1,2.08,2.08,0
556924,21731,-1,2011-06-15,24,1.65,39.6,0
556924,22778,-1,2011-06-15,4,3.95,15.8,0
556924,23065,-1,2011-06-15,3,12.5,37.5,0
556924,23077,-1,2011-06-15,20,1.25,25.0,0
556924,22696,-1,2011-06-15,1,1.95,1.95,0
556924,23084,-1,2011-06-15,24,1.79,42.96,0
556924,21262,-1,2011-06-15,12,2.95,35.4,0
556924,21264,-1,2011-06-15,24,1.95,46.8,0
557069,20682,12562,2011-06-16,6,3.25,19.5,0
557069,15056BL,12562,2011-06-16,3,5.95,17.85,0
557069,15056N,12562,2011-06-16,3,5.95,17.85,0
557069,22027,12562,2011-06-16,12,0.42,5.04,0
557069,21509,12562,2011-06-16,12,0.42,5.04,0
557069,22029,12562,2011-06-16,12,0.42,5.04,0
557069,22035,12562,2011-06-16,12,0.42,5.04,0
557069,21936,12562,2011-06-16,5,2.95,14.75,0
557069,22139,12562,2011-06-16,6,4.95,29.7,0
557069,20712,12562,2011-06-16,10,2.08,20.8,0
557069,21931,12562,2011-06-16,10,2.08,20.8,0
557069,22385,12562,2011-06-16,10,2.08,20.8,0
557069,22663,12562,2011-06-16,10,2.08,20.8,0
557069,23199,12562,2011-06-16,10,2.08,20.8,0
557069,23201,12562,2011-06-16,10,2.08,20.8,0
557069,23203,12562,2011-06-16,10,2.08,20.8,0
557069,20719,12562,2011-06-16,10,0.85,8.5,0
557069,22355,12562,2011-06-16,10,0.85,8.5,0
557069,23204,12562,2011-06-16,10,0.85,8.5,0
557069,20726,12562,2011-06-16,10,1.65,16.5,0
557069,20728,12562,2011-06-16,10,1.65,16.5,0
557069,22382,12562,2011-06-16,10,1.65,16.5,0
557069,22383,12562,2011-06-16,10,1.65,16.5,0
557069,23206,12562,2011-06-16,10,1.65,16.5,0
557069,22662,12562,2011-06-16,10,1.65,16.5,0
557069,22629,12562,2011-06-16,12,1.95,23.4,0
557069,23084,12562,2011-06-16,24,1.79,42.96,0
557069,POST,12562,2011-06-16,3,18.0,54.0,0
C557142,84378,12678,2011-06-17,-12,1.25,-15.0,1
C557142,22965,12678,2011-06-17,-12,2.1,-25.2,1
557247,23175,12731,2011-06-17,12,3.25,39.0,0
557247,23173,12731,2011-06-17,12,8.15,97.8,0
557247,23174,12731,2011-06-17,12,4.15,49.8,0
557247,22423,12731,2011-06-17,16,10.95,175.2,0
557247,84879,12731,2011-06-17,160,1.45,232.0,0
557247,22203,12731,2011-06-17,12,3.75,45.0,0
557247,22558,12731,2011-06-17,48,1.45,69.6,0
557247,22029,12731,2011-06-17,12,0.42,5.04,0
557247,22712,12731,2011-06-17,12,0.42,5.04,0
557247,23007,12731,2011-06-17,6,14.95,89.7,0
557247,23010,12731,2011-06-17,6,14.95,89.7,0
557247,23008,12731,2011-06-17,6,14.95,89.7,0
557247,22745,12731,2011-06-17,24,2.1,50.4,0
557247,22747,12731,2011-06-17,24,2.1,50.4,0
557247,22748,12731,2011-06-17,24,2.1,50.4,0
557247,22746,12731,2011-06-17,24,2.1,50.4,0
557247,21915,12731,2011-06-17,24,1.25,30.0,0
557247,21914,12731,2011-06-17,24,1.25,30.0,0
557247,22352,12731,2011-06-17,12,2.55,30.6,0
557247,22629,12731,2011-06-17,12,1.95,23.4,0
557247,22630,12731,2011-06-17,12,1.95,23.4,0
557247,20725,12731,2011-06-17,20,1.65,33.0,0
557295,22382,12724,2011-06-19,10,1.65,16.5,0
557295,22383,12724,2011-06-19,10,1.65,16.5,0
557295,23206,12724,2011-06-19,10,1.65,16.5,0
557295,23208,12724,2011-06-19,10,1.65,16.5,0
557295,20728,12724,2011-06-19,10,1.65,16.5,0
557295,23084,12724,2011-06-19,12,2.08,24.96,0
557295,POST,12724,2011-06-19,1,18.0,18.0,0
557483,POST,12643,2011-06-20,1,18.0,18.0,0
557483,47590B,12643,2011-06-20,50,4.65,232.5,0
557489,23199,12490,2011-06-20,20,2.08,41.6,0
557489,23200,12490,2011-06-20,10,2.08,20.8,0
557489,22301,12490,2011-06-20,6,2.55,15.3,0
557489,23287,12490,2011-06-20,8,0.85,6.8,0
557489,22090,12490,2011-06-20,6,2.95,17.7,0
557489,22352,12490,2011-06-20,6,2.55,15.3,0
557489,20750,12490,2011-06-20,2,7.95,15.9,0
557489,85099B,12490,2011-06-20,20,2.08,41.6,0
557489,23203,12490,2011-06-20,10,2.08,20.8,0
557489,22386,12490,2011-06-20,10,2.08,20.8,0
557489,20979,12490,2011-06-20,16,1.25,20.0,0
557489,20977,12490,2011-06-20,16,1.25,20.0,0
557489,22992,12490,2011-06-20,12,1.95,23.4,0
557489,22328,12490,2011-06-20,6,2.95,17.7,0
557489,22326,12490,2011-06-20,6,2.95,17.7,0
557489,22631,12490,2011-06-20,12,1.95,23.4,0
557489,23238,12490,2011-06-20,6,4.15,24.9,0
557489,22629,12490,2011-06-20,12,1.95,23.4,0
557489,23084,12490,2011-06-20,24,1.79,42.96,0
557489,POST,12490,2011-06-20,3,18.0,54.0,0
557627,22726,12583,2011-06-21,16,3.75,60.0,0
557627,22727,12583,2011-06-21,12,3.75,45.0,0
557627,22728,12583,2011-06-21,4,3.75,15.0,0
557627,22729,12583,2011-06-21,4,3.75,15.0,0
557627,16218,12583,2011-06-21,240,0.06,14.4,0
557627,23124,12583,2011-06-21,16,1.25,20.0,0
557627,21094,12583,2011-06-21,12,0.85,10.2,0
557627,21080,12583,2011-06-21,12,0.85,10.2,0
557627,21086,12583,2011-06-21,12,0.65,7.8,0
557627,21559,12583,2011-06-21,6,2.55,15.3,0
557627,22333,12583,2011-06-21,16,1.65,26.4,0
557627,POST,12583,2011-06-21,1,18.0,18.0,0
557669,23084,12674,2011-06-22,24,1.79,42.96,0
557669,23119,12674,2011-06-22,12,0.62,7.44,0
557669,22693,12674,2011-06-22,24,1.25,30.0,0
557669,22630,12674,2011-06-22,12,1.95,23.4,0
557669,22629,12674,2011-06-22,12,1.95,23.4,0
557669,22631,12674,2011-06-22,12,1.95,23.4,0
557669,22319,12674,2011-06-22,12,0.65,7.8,0
557669,23076,12674,2011-06-22,24,1.25,30.0,0
557669,22328,12674,2011-06-22,6,2.95,17.7,0
557669,22326,12674,2011-06-22,6,2.95,17.7,0
557669,21881,12674,2011-06-22,12,0.65,7.8,0
557669,21883,12674,2011-06-22,12,0.65,7.8,0
557669,16237,12674,2011-06-22,30,0.21,6.3,0
557669,22492,12674,2011-06-22,36,0.65,23.4,0
557669,22727,12674,2011-06-22,4,3.75,15.0,0
557669,22726,12674,2011-06-22,4,3.75,15.0,0
557669,22728,12674,2011-06-22,4,3.75,15.0,0
557669,22398,12674,2011-06-22,12,1.25,15.0,0
557669,23158,12674,2011-06-22,12,2.08,24.96,0
557669,POST,12674,2011-06-22,2,18.0,36.0,0
557734,20974,12684,2011-06-22,48,0.65,31.2,0
557734,23190,12684,2011-06-22,12,1.65,19.8,0
557734,22149,12684,2011-06-22,6,2.1,12.6,0
557734,23126,12684,2011-06-22,4,4.95,19.8,0
557734,22437,12684,2011-06-22,40,0.85,34.0,0
557734,22492,12684,2011-06-22,108,0.65,70.2,0
557734,22992,12684,2011-06-22,48,1.95,93.6,0
557734,22493,12684,2011-06-22,36,1.65,59.4,0
557734,22620,12684,2011-06-22,12,1.45,17.4,0
557734,21915,12684,2011-06-22,24,1.25,30.0,0
557734,22553,12684,2011-06-22,12,1.65,19.8,0
557734,15039,12684,2011-06-22,10,0.85,8.5,0
557734,22489,12684,2011-06-22,24,0.42,10.08,0
557734,POST,12684,2011-06-22,2,18.0,36.0,0
558045,22993,12615,2011-06-24,12,1.25,15.0,0
558045,23176,12615,2011-06-24,8,2.25,18.0,0
558045,22969,12615,2011-06-24,12,1.45,17.4,0
558045,23154,12615,2011-06-24,12,2.08,24.96,0
558045,22343,12615,2011-06-24,48,0.85,40.8,0
558045,22956,12615,2011-06-24,12,2.1,25.2,0
558045,84077,12615,2011-06-24,48,0.29,13.92,0
558045,23084,12615,2011-06-24,12,2.08,24.96,0
558045,20749,12615,2011-06-24,2,7.95,15.9,0
558045,20750,12615,2011-06-24,2,7.95,15.9,0
558045,22961,12615,2011-06-24,36,1.45,52.2,0
558045,22621,12615,2011-06-24,12,1.65,19.8,0
558045,22367,12615,2011-06-24,8,1.95,15.6,0
558045,21156,12615,2011-06-24,8,1.95,15.6,0
558045,23254,12615,2011-06-24,4,4.15,16.6,0
558045,23256,12615,2011-06-24,4,4.15,16.6,0
558045,21936,12615,2011-06-24,10,2.95,29.5,0
558045,22027,12615,2011-06-24,12,0.42,5.04,0
558045,22028,12615,2011-06-24,12,0.42,5.04,0
558045,22029,12615,2011-06-24,12,0.42,5.04,0
558045,22814,12615,2011-06-24,12,0.42,5.04,0
558045,22984,12615,2011-06-24,12,0.42,5.04,0
558045,22906,12615,2011-06-24,12,1.65,19.8,0
558045,23245,12615,2011-06-24,4,4.95,19.8,0
558045,23307,12615,2011-06-24,24,0.55,13.2,0
558045,85099B,12615,2011-06-24,10,2.08,20.8,0
558045,20712,12615,2011-06-24,10,2.08,20.8,0
558045,21929,12615,2011-06-24,10,2.08,20.8,0
558045,22385,12615,2011-06-24,10,2.08,20.8,0
558045,22386,12615,2011-06-24,20,2.08,41.6,0
558045,POST,12615,2011-06-24,3,18.0,54.0,0
558124,23084,12493,2011-06-27,12,2.08,24.96,0
558124,23199,12493,2011-06-27,10,2.08,20.8,0
558124,22385,12493,2011-06-27,10,2.08,20.8,0
558124,21931,12493,2011-06-27,10,2.08,20.8,0
558124,22382,12493,2011-06-27,10,1.65,16.5,0
558124,22383,12493,2011-06-27,10,1.65,16.5,0
558124,23206,12493,2011-06-27,10,1.65,16.5,0
558124,23207,12493,2011-06-27,10,1.65,16.5,0
558124,15036,12493,2011-06-27,36,0.83,29.88,0
558124,POST,12493,2011-06-27,1,18.0,18.0,0
558334,23229,12599,2011-06-28,12,3.75,45.0,0
558334,21080,12599,2011-06-28,12,0.85,10.2,0
558334,21746,12599,2011-06-28,12,1.25,15.0,0
558334,20983,12599,2011-06-28,12,0.85,10.2,0
558334,21086,12599,2011-06-28,24,0.65,15.6,0
558334,21094,12599,2011-06-28,12,0.85,10.2,0
558334,22544,12599,2011-06-28,24,0.42,10.08,0
558334,POST,12599,2011-06-28,1,18.0,18.0,0
C558575,22693,12674,2011-06-30,-24,1.25,-30.0,1
558687,23158,12598,2011-07-01,24,2.08,49.92,0
558687,20719,12598,2011-07-01,10,0.85,8.5,0
558687,20723,12598,2011-07-01,30,0.85,25.5,0
558687,23204,12598,2011-07-01,30,0.85,25.5,0
558687,20724,12598,2011-07-01,30,0.85,25.5,0
558687,22661,12598,2011-07-01,10,0.85,8.5,0
558687,21700,12598,2011-07-01,24,0.85,20.4,0
558687,22551,12598,2011-07-01,12,1.65,19.8,0
558687,22554,12598,2011-07-01,12,1.65,19.8,0
558687,22556,12598,2011-07-01,12,1.65,19.8,0
558687,23238,12598,2011-07-01,6,4.15,24.9,0
558687,22608,12598,2011-07-01,36,0.19,6.84,0
558687,22422,12598,2011-07-01,24,0.65,15.6,0
558687,22029,12598,2011-07-01,12,0.42,5.04,0
558687,22027,12598,2011-07-01,12,0.42,5.04,0
558687,POST,12598,2011-07-01,1,18.0,18.0,0
558699,23079,12494,2011-07-01,2,8.95,17.9,0
558699,23119,12494,2011-07-01,12,0.62,7.44,0
558699,23121,12494,2011-07-01,24,0.42,10.08,0
558699,23236,12494,2011-07-01,6,2.89,17.34,0
558699,23241,12494,2011-07-01,6,2.08,12.48,0
558699,23242,12494,2011-07-01,6,2.08,12.48,0
558699,23289,12494,2011-07-01,8,1.25,10.0,0
558699,23291,12494,2011-07-01,8,1.25,10.0,0
558699,23108,12494,2011-07-01,6,6.25,37.5,0
558699,POST,12494,2011-07-01,1,18.0,18.0,0
558813,20726,12682,2011-07-04,10,1.65,16.5,0
558813,20725,12682,2011-07-04,20,1.65,33.0,0
558813,23206,12682,2011-07-04,20,1.65,33.0,0
558813,21936,12682,2011-07-04,10,2.95,29.5,0
558813,23209,12682,2011-07-04,20,1.65,33.0,0
558813,23084,12682,2011-07-04,72,1.79,128.88,0
558813,22976,12682,2011-07-04,12,1.25,15.0,0
558813,22556,12682,2011-07-04,12,1.65,19.8,0
558813,20749,12682,2011-07-04,4,7.95,31.8,0
558813,23124,12682,2011-07-04,16,1.25,20.0,0
558813,23125,12682,2011-07-04,12,1.25,15.0,0
558813,22077,12682,2011-07-04,12,1.65,19.8,0
558813,21915,12682,2011-07-04,12,1.25,15.0,0
558813,22134,12682,2011-07-04,12,0.42,5.04,0
558813,22027,12682,2011-07-04,12,0.42,5.04,0
558813,POST,12682,2011-07-04,3,18.0,54.0,0
559036,22504,12637,2011-07-05,3,29.95,89.85,0
559036,22355,12637,2011-07-05,10,0.85,8.5,0
559036,22356,12637,2011-07-05,10,0.85,8.5,0
559036,23204,12637,2011-07-05,10,0.85,8.5,0
559036,21746,12637,2011-07-05,12,1.25,15.0,0
559036,22431,12637,2011-07-05,6,1.95,11.7,0
559036,22174,12637,2011-07-05,12,1.65,19.8,0
559036,22669,12637,2011-07-05,10,2.95,29.5,0
559036,22243,12637,2011-07-05,12,1.65,19.8,0
559036,21201,12637,2011-07-05,12,2.55,30.6,0
559036,21205,12637,2011-07-05,6,2.55,15.3,0
559036,21188,12637,2011-07-05,12,2.95,35.4,0
559036,23307,12637,2011-07-05,24,0.55,13.2,0
559036,23206,12637,2011-07-05,10,1.65,16.5,0
559036,21559,12637,2011-07-05,6,2.55,15.3,0
559036,22383,12637,2011-07-05,10,1.65,16.5,0
559036,22384,12637,2011-07-05,10,1.65,16.5,0
559036,22382,12637,2011-07-05,10,1.65,16.5,0
559036,22352,12637,2011-07-05,6,2.55,15.3,0
559036,22556,12637,2011-07-05,12,1.65,19.8,0
559036,22554,12637,2011-07-05,12,1.65,19.8,0
559036,21544,12637,2011-07-05,12,0.85,10.2,0
559036,84212,12637,2011-07-05,24,0.65,15.6,0
559036,22435,12637,2011-07-05,12,1.25,15.0,0
559036,22398,12637,2011-07-05,12,1.25,15.0,0
559036,22422,12637,2011-07-05,12,0.65,7.8,0
559036,21915,12637,2011-07-05,12,1.25,15.0,0
559036,47566,12637,2011-07-05,12,4.95,59.4,0
559036,23054,12637,2011-07-05,2,8.25,16.5,0
559036,23052,12637,2011-07-05,2,8.25,16.5,0
559036,23053,12637,2011-07-05,2,8.25,16.5,0
559036,23049,12637,2011-07-05,4,8.25,33.0,0
C559049,23079,12494,2011-07-05,-2,8.95,-17.9,1
559134,23203,12700,2011-07-06,10,2.08,20.8,0
559134,20724,12700,2011-07-06,10,0.85,8.5,0
559134,22356,12700,2011-07-06,10,0.85,8.5,0
559134,22355,12700,2011-07-06,10,0.85,8.5,0
559134,20719,12700,2011-07-06,10,0.85,8.5,0
559134,20750,12700,2011-07-06,2,7.95,15.9,0
559134,20749,12700,2011-07-06,2,7.95,15.9,0
559134,22027,12700,2011-07-06,12,0.42,5.04,0
559134,22028,12700,2011-07-06,12,0.42,5.04,0
559134,22029,12700,2011-07-06,12,0.42,5.04,0
559134,22716,12700,2011-07-06,12,0.42,5.04,0
559134,22712,12700,2011-07-06,12,0.42,5.04,0
559134,22817,12700,2011-07-06,12,0.42,5.04,0
559134,22431,12700,2011-07-06,6,1.95,11.7,0
559134,22432,12700,2011-07-06,6,1.95,11.7,0
559134,22433,12700,2011-07-06,6,1.95,11.7,0
559134,22637,12700,2011-07-06,8,2.55,20.4,0
559134,23078,12700,2011-07-06,24,1.25,30.0,0
559134,22745,12700,2011-07-06,6,2.1,12.6,0
559134,22747,12700,2011-07-06,6,2.1,12.6,0
559134,22746,12700,2011-07-06,6,2.1,12.6,0
559134,22748,12700,2011-07-06,6,2.1,12.6,0
559134,22175,12700,2011-07-06,6,2.95,17.7,0
559134,84920,12700,2011-07-06,4,3.75,15.0,0
559134,22553,12700,2011-07-06,12,1.65,19.8,0
559134,22555,12700,2011-07-06,12,1.65,19.8,0
559134,22557,12700,2011-07-06,12,1.65,19.8,0
559134,22418,12700,2011-07-06,48,0.85,40.8,0
559134,21948,12700,2011-07-06,12,1.25,15.0,0
559134,21949,12700,2011-07-06,12,1.25,15.0,0
559134,22698,12700,2011-07-06,6,2.95,17.7,0
559134,22697,12700,2011-07-06,6,2.95,17.7,0
559134,22423,12700,2011-07-06,4,12.75,51.0,0
559134,22972,12700,2011-07-06,12,1.65,19.8,0
559134,22975,12700,2011-07-06,12,1.25,15.0,0
559134,22988,12700,2011-07-06,12,1.25,15.0,0
559134,23209,12700,2011-07-06,10,1.65,16.5,0
559134,22383,12700,2011-07-06,10,1.65,16.5,0
559134,22727,12700,2011-07-06,4,3.75,15.0,0
559134,22726,12700,2011-07-06,4,3.75,15.0,0
559134,23237,12700,2011-07-06,6,4.15,24.9,0
559134,23235,12700,2011-07-06,6,2.89,17.34,0
559134,23238,12700,2011-07-06,12,4.15,49.8,0
559134,23229,12700,2011-07-06,6,3.75,22.5,0
559134,23236,12700,2011-07-06,6,2.89,17.34,0
559134,23239,12700,2011-07-06,6,4.15,24.9,0
559134,23240,12700,2011-07-06,6,4.15,24.9,0
559134,23244,12700,2011-07-06,6,1.95,11.7,0
559134,23245,12700,2011-07-06,4,4.95,19.8,0
559134,23289,12700,2011-07-06,8,1.25,10.0,0
559134,23292,12700,2011-07-06,8,1.25,10.0,0
559134,23290,12700,2011-07-06,8,1.25,10.0,0
559134,23308,12700,2011-07-06,24,0.55,13.2,0
559134,23307,12700,2011-07-06,24,0.55,13.2,0
559134,23306,12700,2011-07-06,12,1.45,17.4,0
559134,23291,12700,2011-07-06,8,1.25,10.0,0
559134,23309,12700,2011-07-06,24,0.55,13.2,0
559134,23200,12700,2011-07-06,10,2.08,20.8,0
559134,23202,12700,2011-07-06,10,2.08,20.8,0
559134,POST,12700,2011-07-06,5,18.0,90.0,0
559418,21224,12681,2011-07-08,10,1.25,12.5,0
559418,22328,12681,2011-07-08,6,2.95,17.7,0
559418,20724,12681,2011-07-08,10,0.85,8.5,0
559418,23204,12681,2011-07-08,10,0.85,8.5,0
559418,22027,12681,2011-07-08,12,0.42,5.04,0
559418,84212,12681,2011-07-08,24,0.65,15.6,0
559418,21238,12681,2011-07-08,8,0.85,6.8,0
559418,21239,12681,2011-07-08,8,0.85,6.8,0
559418,21240,12681,2011-07-08,8,0.85,6.8,0
559418,22302,12681,2011-07-08,6,2.55,15.3,0
559418,22365,12681,2011-07-08,4,7.95,31.8,0
559418,22413,12681,2011-07-08,6,2.95,17.7,0
559418,22197,12681,2011-07-08,12,0.85,10.2,0
559418,22892,12681,2011-07-08,12,1.25,15.0,0
559418,22652,12681,2011-07-08,10,1.65,16.5,0
559418,22348,12681,2011-07-08,12,0.85,10.2,0
559418,22898,12681,2011-07-08,8,1.95,15.6,0
559418,22716,12681,2011-07-08,12,0.42,5.04,0
559418,22976,12681,2011-07-08,12,1.25,15.0,0
559418,22352,12681,2011-07-08,6,2.55,15.3,0
559418,23158,12681,2011-07-08,12,2.08,24.96,0
559418,21976,12681,2011-07-08,24,0.55,13.2,0
559418,22314,12681,2011-07-08,6,2.95,17.7,0
559418,22973,12681,2011-07-08,12,1.65,19.8,0
559418,22894,12681,2011-07-08,2,9.95,19.9,0
559418,22992,12681,2011-07-08,12,1.95,23.4,0
559418,22908,12681,2011-07-08,12,0.85,10.2,0
559418,22900,12681,2011-07-08,6,3.25,19.5,0
559418,22620,12681,2011-07-08,12,1.45,17.4,0
559418,23235,12681,2011-07-08,6,2.89,17.34,0
559418,23244,12681,2011-07-08,6,1.95,11.7,0
559418,23238,12681,2011-07-08,6,4.15,24.9,0
559418,23242,12681,2011-07-08,6,2.08,12.48,0
559418,23317,12681,2011-07-08,2,9.95,19.9,0
559418,23342,12681,2011-07-08,2,8.5,17.0,0
559418,POST,12681,2011-07-08,3,18.0,54.0,0
559422,20724,12553,2011-07-08,10,0.85,8.5,0
559422,85014B,12553,2011-07-08,3,5.95,17.85,0
559422,15056BL,12553,2011-07-08,3,5.95,17.85,0
559422,22750,12553,2011-07-08,4,3.75,15.0,0
559422,20725,12553,2011-07-08,10,1.65,16.5,0
559422,84279P,12553,2011-07-08,4,3.75,15.0,0
559422,23254,12553,2011-07-08,4,4.15,16.6,0
559422,20712,12553,2011-07-08,10,2.08,20.8,0
559422,23202,12553,2011-07-08,10,2.08,20.8,0
559422,85099B,12553,2011-07-08,20,2.08,41.6,0
559422,22419,12553,2011-07-08,12,0.42,5.04,0
559422,51014L,12553,2011-07-08,24,0.39,9.36,0
559422,22745,12553,2011-07-08,6,2.1,12.6,0
559422,23206,12553,2011-07-08,10,1.65,16.5,0
559422,POST,12553,2011-07-08,2,18.0,36.0,0
559422,21936,12553,2011-07-08,5,2.95,14.75,0
559441,22728,12583,2011-07-08,4,3.75,15.0,0
559441,21080,12583,2011-07-08,12,0.85,10.2,0
559441,21094,12583,2011-07-08,12,0.85,10.2,0
559441,21086,12583,2011-07-08,12,0.65,7.8,0
559441,22955,12583,2011-07-08,12,2.1,25.2,0
559441,22636,12583,2011-07-08,2,8.5,17.0,0
559441,22556,12583,2011-07-08,24,1.65,39.6,0
559441,35970,12583,2011-07-08,36,1.69,60.84,0
559441,21988,12583,2011-07-08,12,0.85,10.2,0
559441,21989,12583,2011-07-08,12,0.85,10.2,0
559441,21987,12583,2011-07-08,12,0.65,7.8,0
559441,22554,12583,2011-07-08,24,1.65,39.6,0
559441,22551,12583,2011-07-08,24,1.65,39.6,0
559441,POST,12583,2011-07-08,2,18.0,36.0,0
559607,23235,12681,2011-07-11,6,2.89,17.34,0
559607,23236,12681,2011-07-11,6,2.89,17.34,0
559607,23237,12681,2011-07-11,6,4.15,24.9,0
559607,23240,12681,2011-07-11,6,4.15,24.9,0
559607,23238,12681,2011-07-11,6,4.15,24.9,0
559607,23289,12681,2011-07-11,8,1.25,10.0,0
559607,23290,12681,2011-07-11,8,1.25,10.0,0
559607,23155,12681,2011-07-11,12,0.83,9.96,0
559607,22398,12681,2011-07-11,12,1.25,15.0,0
559607,23052,12681,2011-07-11,2,8.25,16.5,0
559607,23049,12681,2011-07-11,2,8.25,16.5,0
559607,23054,12681,2011-07-11,2,8.25,16.5,0
559607,23053,12681,2011-07-11,2,8.25,16.5,0
559607,22326,12681,2011-07-11,6,2.95,17.7,0
559607,21559,12681,2011-07-11,6,2.55,15.3,0
559607,22328,12681,2011-07-11,6,2.95,17.7,0
559607,22727,12681,2011-07-11,4,3.75,15.0,0
559607,22726,12681,2011-07-11,4,3.75,15.0,0
559607,22730,12681,2011-07-11,4,3.75,15.0,0
559607,22467,12681,2011-07-11,12,2.55,30.6,0
559607,84997B,12681,2011-07-11,4,4.15,16.6,0
559607,84997A,12681,2011-07-11,4,4.15,16.6,0
559607,21394,12681,2011-07-11,48,0.39,18.72,0
559607,21395,12681,2011-07-11,48,0.39,18.72,0
559607,22748,12681,2011-07-11,6,2.1,12.6,0
559607,22746,12681,2011-07-11,6,2.1,12.6,0
559607,POST,12681,2011-07-11,5,18.0,90.0,0
559685,21749,12599,2011-07-11,12,2.1,25.2,0
559685,21746,12599,2011-07-11,12,1.25,15.0,0
559685,21094,12599,2011-07-11,12,0.85,10.2,0
559685,21080,12599,2011-07-11,12,0.85,10.2,0
559685,POST,12599,2011-07-11,1,18.0,18.0,0
559699,23020,12682,2011-07-12,4,12.5,50.0,0
559699,23287,12682,2011-07-12,8,0.85,6.8,0
559699,23285,12682,2011-07-12,8,0.85,6.8,0
559699,23286,12682,2011-07-12,8,0.85,6.8,0
559699,22361,12682,2011-07-12,6,2.95,17.7,0
559699,22432,12682,2011-07-12,6,1.95,11.7,0
559699,22973,12682,2011-07-12,12,1.65,19.8,0
559699,22972,12682,2011-07-12,12,1.65,19.8,0
559699,22326,12682,2011-07-12,6,2.95,17.7,0
559699,22328,12682,2011-07-12,6,2.95,17.7,0
559699,POST,12682,2011-07-12,1,18.0,18.0,0
559704,22374,12669,2011-07-12,4,4.25,17.0,0
559704,21935,12669,2011-07-12,10,1.65,16.5,0
559704,22375,12669,2011-07-12,4,4.25,17.0,0
559704,22355,12669,2011-07-12,10,0.85,8.5,0
559704,22664,12669,2011-07-12,5,2.1,10.5,0
559704,23204,12669,2011-07-12,10,0.85,8.5,0
559704,22326,12669,2011-07-12,6,2.95,17.7,0
559704,22328,12669,2011-07-12,6,2.95,17.7,0
559704,22628,12669,2011-07-12,4,4.95,19.8,0
559704,22329,12669,2011-07-12,12,1.65,19.8,0
559704,22352,12669,2011-07-12,6,2.55,15.3,0
559704,22848,12669,2011-07-12,1,16.95,16.95,0
559704,79191B,12669,2011-07-12,12,0.85,10.2,0
559704,79190B,12669,2011-07-12,15,0.42,6.3,0
559704,79191C,12669,2011-07-12,12,0.85,10.2,0
559704,21936,12669,2011-07-12,5,2.95,14.75,0
559704,21238,12669,2011-07-12,8,0.85,6.8,0
559704,21245,12669,2011-07-12,8,1.69,13.52,0
559704,21244,12669,2011-07-12,8,1.69,13.52,0
559704,21242,12669,2011-07-12,8,1.69,13.52,0
559704,20674,12669,2011-07-12,8,1.25,10.0,0
559704,20676,12669,2011-07-12,8,1.25,10.0,0
559704,20675,12669,2011-07-12,8,1.25,10.0,0
559704,84279P,12669,2011-07-12,4,3.75,15.0,0
559704,22303,12669,2011-07-12,6,2.55,15.3,0
559704,22301,12669,2011-07-12,6,2.55,15.3,0
559704,37342,12669,2011-07-12,24,0.79,18.96,0
559704,22891,12669,2011-07-12,3,4.25,12.75,0
559704,21829,12669,2011-07-12,36,0.21,7.56,0
559704,22378,12669,2011-07-12,5,2.1,10.5,0
559704,POST,12669,2011-07-12,4,18.0,72.0,0
559782,20996,12722,2011-07-12,24,0.19,4.56,0
559782,20992,12722,2011-07-12,24,0.39,9.36,0
559782,84978,12722,2011-07-12,12,1.25,15.0,0
559782,84970S,12722,2011-07-12,12,0.85,10.2,0
559782,23144,12722,2011-07-12,12,0.83,9.96,0
559782,21428,12722,2011-07-12,4,4.25,17.0,0
559782,21430,12722,2011-07-12,4,3.75,15.0,0
559782,23235,12722,2011-07-12,6,2.89,17.34,0
559782,23239,12722,2011-07-12,6,4.15,24.9,0
559782,22720,12722,2011-07-12,3,4.95,14.85,0
559782,22721,12722,2011-07-12,3,4.95,14.85,0
559782,21442,12722,2011-07-12,12,0.85,10.2,0
559782,23031,12722,2011-07-12,6,1.65,9.9,0
559782,23029,12722,2011-07-12,6,1.65,9.9,0
559782,23028,12722,2011-07-12,6,1.65,9.9,0
559782,22766,12722,2011-07-12,8,2.95,23.6,0
559782,22170,12722,2011-07-12,4,6.75,27.0,0
559782,85066,12722,2011-07-12,2,12.75,25.5,0
559782,22797,12722,2011-07-12,2,16.95,33.9,0
559819,23238,12682,2011-07-12,6,4.15,24.9,0
559819,23240,12682,2011-07-12,6,4.15,24.9,0
559819,23237,12682,2011-07-12,6,4.15,24.9,0
559819,23199,12682,2011-07-12,10,2.08,20.8,0
559819,23200,12682,2011-07-12,10,2.08,20.8,0
559819,23202,12682,2011-07-12,10,2.08,20.8,0
559819,23203,12682,2011-07-12,20,2.08,41.6,0
559819,21121,12682,2011-07-12,24,1.25,30.0,0
559819,21122,12682,2011-07-12,24,1.25,30.0,0
559819,POST,12682,2011-07-12,1,18.0,18.0,0
559889,23307,12678,2011-07-13,72,0.55,39.6,0
559889,23309,12678,2011-07-13,72,0.55,39.6,0
559889,23306,12678,2011-07-13,72,1.45,104.4,0
559889,23285,12678,2011-07-13,96,0.72,69.12,0
559889,23286,12678,2011-07-13,96,0.72,69.12,0
559889,23287,12678,2011-07-13,96,0.72,69.12,0
559889,23238,12678,2011-07-13,18,4.15,74.7,0
559889,22726,12678,2011-07-13,24,3.75,90.0,0
559889,POST,12678,2011-07-13,1,145.0,145.0,0
559889,23084,12678,2011-07-13,120,1.79,214.8,0
560272,21731,12691,2011-07-17,12,1.65,19.8,0
560272,22352,12691,2011-07-17,6,2.55,15.3,0
560272,23256,12691,2011-07-17,8,4.15,33.2,0
560272,23254,12691,2011-07-17,8,4.15,33.2,0
560272,22467,12691,2011-07-17,12,2.55,30.6,0
560272,POST,12691,2011-07-17,1,18.0,18.0,0
560363,23296,12589,2011-07-18,8,1.25,10.0,0
560363,23295,12589,2011-07-18,16,0.83,13.28,0
560363,23293,12589,2011-07-18,16,0.83,13.28,0
560363,23294,12589,2011-07-18,8,0.83,6.64,0
560363,82613B,12589,2011-07-18,8,1.25,10.0,0
560363,22646,12589,2011-07-18,12,1.45,17.4,0
560363,22644,12589,2011-07-18,12,1.45,17.4,0
560363,22423,12589,2011-07-18,1,12.75,12.75,0
560363,22236,12589,2011-07-18,1,12.75,12.75,0
560363,POST,12589,2011-07-18,1,18.0,18.0,0
560398,22139,12731,2011-07-18,24,4.25,102.0,0
560398,22561,12731,2011-07-18,24,1.65,39.6,0
560398,22560,12731,2011-07-18,48,1.06,50.88,0
560398,21889,12731,2011-07-18,24,1.25,30.0,0
560398,21915,12731,2011-07-18,24,1.25,30.0,0
560398,21914,12731,2011-07-18,24,1.25,30.0,0
560398,21509,12731,2011-07-18,12,0.42,5.04,0
560398,22714,12731,2011-07-18,12,0.42,5.04,0
560398,85014A,12731,2011-07-18,48,4.95,237.6,0
560398,21844,12731,2011-07-18,72,2.55,183.6,0
560398,20682,12731,2011-07-18,12,3.25,39.0,0
560398,22698,12731,2011-07-18,6,2.95,17.7,0
560398,22697,12731,2011-07-18,12,2.95,35.4,0
560398,22699,12731,2011-07-18,24,2.55,61.2,0
560398,22892,12731,2011-07-18,24,1.25,30.0,0
560398,22195,12731,2011-07-18,24,1.65,39.6,0
560398,21563,12731,2011-07-18,12,2.95,35.4,0
560398,22134,12731,2011-07-18,48,0.42,20.16,0
560398,22398,12731,2011-07-18,24,0.39,9.36,0
560398,21524,12731,2011-07-18,10,6.75,67.5,0
560398,48187,12731,2011-07-18,10,6.75,67.5,0
560398,48184,12731,2011-07-18,10,6.75,67.5,0
560398,20685,12731,2011-07-18,10,6.75,67.5,0
560398,22352,12731,2011-07-18,20,2.55,51.0,0
560398,21558,12731,2011-07-18,20,2.55,51.0,0
560398,22630,12731,2011-07-18,20,1.95,39.0,0
560398,22629,12731,2011-07-18,20,1.95,39.0,0
560398,22382,12731,2011-07-18,30,1.65,49.5,0
560398,22662,12731,2011-07-18,30,1.65,49.5,0
560398,20727,12731,2011-07-18,30,1.65,49.5,0
560398,20725,12731,2011-07-18,30,1.65,49.5,0
560398,10125,12731,2011-07-18,100,0.85,85.0,0
560452,47566,12682,2011-07-19,8,4.95,39.6,0
560452,21746,12682,2011-07-19,12,1.25,15.0,0
560452,22432,12682,2011-07-19,6,1.95,11.7,0
560452,22303,12682,2011-07-19,6,2.55,15.3,0
560452,POST,12682,2011-07-19,1,18.0,18.0,0
C560898,85066,12722,2011-07-21,-1,12.75,-12.75,1
C560898,22797,12722,2011-07-21,-2,16.95,-33.9,1
561029,22908,12490,2011-07-24,12,0.85,10.2,0
561029,22895,12490,2011-07-24,6,3.25,19.5,0
561029,22303,12490,2011-07-24,6,2.55,15.3,0
561029,23204,12490,2011-07-24,10,0.85,8.5,0
561029,23206,12490,2011-07-24,10,1.65,16.5,0
561029,21156,12490,2011-07-24,8,1.95,15.6,0
561029,20724,12490,2011-07-24,10,0.85,8.5,0
561029,21122,12490,2011-07-24,24,1.25,30.0,0
561029,22356,12490,2011-07-24,10,0.85,8.5,0
561029,22386,12490,2011-07-24,10,2.08,20.8,0
561029,22381,12490,2011-07-24,5,2.1,10.5,0
561029,23203,12490,2011-07-24,10,2.08,20.8,0
561029,20712,12490,2011-07-24,10,2.08,20.8,0
561029,20719,12490,2011-07-24,10,0.85,8.5,0
561029,20726,12490,2011-07-24,10,1.65,16.5,0
561029,22898,12490,2011-07-24,8,1.95,15.6,0
561029,23241,12490,2011-07-24,6,2.08,12.48,0
561029,21915,12490,2011-07-24,12,1.25,15.0,0
561029,22139,12490,2011-07-24,3,4.95,14.85,0
561029,21559,12490,2011-07-24,6,2.55,15.3,0
561029,22659,12490,2011-07-24,12,1.95,23.4,0
561029,21121,12490,2011-07-24,24,1.25,30.0,0
561029,21731,12490,2011-07-24,12,1.65,19.8,0
561029,POST,12490,2011-07-24,2,18.0,36.0,0
561470,23035,12523,2011-07-27,12,1.45,17.4,0
561470,21877,12523,2011-07-27,12,1.25,15.0,0
561470,22948,12523,2011-07-27,24,0.85,20.4,0
561470,22759,12523,2011-07-27,12,1.65,19.8,0
561470,22966,12523,2011-07-27,12,1.25,15.0,0
561470,22139,12523,2011-07-27,3,4.95,14.85,0
561470,23233,12523,2011-07-27,25,0.42,10.5,0
561470,23231,12523,2011-07-27,25,0.42,10.5,0
561470,22295,12523,2011-07-27,12,1.65,19.8,0
561470,POST,12523,2011-07-27,1,18.0,18.0,0
561470,21843,12523,2011-07-27,1,10.95,10.95,0
561470,23298,12523,2011-07-27,3,4.95,14.85,0
561470,22904,12523,2011-07-27,6,2.95,17.7,0
C561621,85066,12722,2011-07-28,-1,12.75,-12.75,1
C561621,22797,12722,2011-07-28,-2,16.95,-33.9,1
561795,21212,12716,2011-07-29,24,0.55,13.2,0
561795,47566,12716,2011-07-29,4,4.95,19.8,0
561795,21121,12716,2011-07-29,24,1.25,30.0,0
561795,21498,12716,2011-07-29,25,0.42,10.5,0
561795,23230,12716,2011-07-29,25,0.42,10.5,0
561795,22431,12716,2011-07-29,6,1.95,11.7,0
561795,22432,12716,2011-07-29,6,1.95,11.7,0
561795,21380,12716,2011-07-29,6,2.95,17.7,0
561795,22090,12716,2011-07-29,6,2.95,17.7,0
561795,21207,12716,2011-07-29,12,1.65,19.8,0
561795,22895,12716,2011-07-29,6,3.25,19.5,0
561795,22898,12716,2011-07-29,8,1.95,15.6,0
561795,22897,12716,2011-07-29,10,1.45,14.5,0
561795,21154,12716,2011-07-29,10,1.25,12.5,0
561795,21976,12716,2011-07-29,24,0.55,13.2,0
561795,79191C,12716,2011-07-29,12,0.85,10.2,0
561795,21987,12716,2011-07-29,12,0.65,7.8,0
561795,21086,12716,2011-07-29,12,0.65,7.8,0
561795,21988,12716,2011-07-29,12,0.85,10.2,0
561795,21094,12716,2011-07-29,12,0.85,10.2,0
561795,22346,12716,2011-07-29,12,0.85,10.2,0
561795,22343,12716,2011-07-29,12,0.85,10.2,0
561795,22344,12716,2011-07-29,12,0.85,10.2,0
561795,21245,12716,2011-07-29,8,1.69,13.52,0
561795,21242,12716,2011-07-29,8,1.69,13.52,0
561795,21243,12716,2011-07-29,8,1.69,13.52,0
561795,22303,12716,2011-07-29,6,2.55,15.3,0
561795,22302,12716,2011-07-29,6,2.55,15.3,0
561795,22894,12716,2011-07-29,2,9.95,19.9,0
561795,22437,12716,2011-07-29,20,0.85,17.0,0
561795,22436,12716,2011-07-29,20,0.65,13.0,0
561795,23238,12716,2011-07-29,6,4.15,24.9,0
561795,23240,12716,2011-07-29,6,4.15,24.9,0
561795,23308,12716,2011-07-29,24,0.55,13.2,0
561795,22608,12716,2011-07-29,36,0.19,6.84,0
561795,21709,12716,2011-07-29,4,4.95,19.8,0
561795,21238,12716,2011-07-29,8,0.85,6.8,0
561795,21239,12716,2011-07-29,8,0.85,6.8,0
561795,21240,12716,2011-07-29,8,0.85,6.8,0
561795,22328,12716,2011-07-29,6,2.95,17.7,0
561795,21558,12716,2011-07-29,6,2.55,15.3,0
561795,21559,12716,2011-07-29,6,2.55,15.3,0
561795,21706,12716,2011-07-29,4,4.95,19.8,0
561795,20674,12716,2011-07-29,8,1.25,10.0,0
561795,POST,12716,2011-07-29,3,18.0,54.0,0
562039,21731,12593,2011-08-02,12,1.65,19.8,0
562039,22662,12593,2011-08-02,10,1.65,16.5,0
562039,20726,12593,2011-08-02,10,1.65,16.5,0
562039,23206,12593,2011-08-02,10,1.65,16.5,0
562039,20727,12593,2011-08-02,10,1.65,16.5,0
562207,21747,12643,2011-08-03,48,1.06,50.88,0
562207,21746,12643,2011-08-03,144,1.06,152.64,0
562207,21212,12643,2011-08-03,120,0.42,50.4,0
562207,21213,12643,2011-08-03,120,0.42,50.4,0
562207,22085,12643,2011-08-03,40,2.55,102.0,0
562207,21380,12643,2011-08-03,168,2.55,428.4,0
562207,47590B,12643,2011-08-03,50,4.65,232.5,0
562207,POST,12643,2011-08-03,9,15.0,135.0,0
562275,23289,12689,2011-08-04,8,1.25,10.0,0
562275,23290,12689,2011-08-04,8,1.25,10.0,0
562275,23291,12689,2011-08-04,8,1.25,10.0,0
562275,23292,12689,2011-08-04,8,1.25,10.0,0
562275,23287,12689,2011-08-04,8,0.85,6.8,0
562275,23313,12689,2011-08-04,5,4.95,24.75,0
562275,23345,12689,2011-08-04,12,1.25,15.0,0
562275,23346,12689,2011-08-04,12,1.25,15.0,0
562275,22449,12689,2011-08-04,6,3.35,20.1,0
562275,22029,12689,2011-08-04,12,0.42,5.04,0
562275,22712,12689,2011-08-04,12,0.42,5.04,0
562275,22637,12689,2011-08-04,4,2.55,10.2,0
562275,22551,12689,2011-08-04,12,1.65,19.8,0
562275,22554,12689,2011-08-04,12,1.65,19.8,0
562275,21731,12689,2011-08-04,12,1.65,19.8,0
562275,20719,12689,2011-08-04,10,0.85,8.5,0
562275,22661,12689,2011-08-04,10,0.85,8.5,0
562275,21578,12689,2011-08-04,6,2.25,13.5,0
562275,22635,12689,2011-08-04,2,9.95,19.9,0
562275,22634,12689,2011-08-04,2,9.95,19.9,0
562275,22367,12689,2011-08-04,8,1.95,15.6,0
562275,21156,12689,2011-08-04,8,1.95,15.6,0
562275,21249,12689,2011-08-04,6,2.95,17.7,0
562275,21452,12689,2011-08-04,6,2.95,17.7,0
562275,22975,12689,2011-08-04,12,1.25,15.0,0
562275,22977,12689,2011-08-04,12,1.25,15.0,0
562275,22898,12689,2011-08-04,8,1.95,15.6,0
562275,23206,12689,2011-08-04,10,1.65,16.5,0
562275,22899,12689,2011-08-04,6,2.1,12.6,0
562275,22382,12689,2011-08-04,10,1.65,16.5,0
562275,22390,12689,2011-08-04,6,2.55,15.3,0
562275,22389,12689,2011-08-04,6,2.55,15.3,0
562275,21892,12689,2011-08-04,12,1.25,15.0,0
562275,POST,12689,2011-08-04,2,18.0,36.0,0
562450,22752,12562,2011-08-05,6,8.5,51.0,0
562450,22743,12562,2011-08-05,12,2.95,35.4,0
562450,23176,12562,2011-08-05,8,2.25,18.0,0
562450,22139,12562,2011-08-05,12,4.95,59.4,0
562450,22326,12562,2011-08-05,6,2.95,17.7,0
562450,23076,12562,2011-08-05,48,1.25,60.0,0
562450,22385,12562,2011-08-05,10,2.08,20.8,0
562450,22663,12562,2011-08-05,20,2.08,41.6,0
562450,22662,12562,2011-08-05,10,1.65,16.5,0
562450,22431,12562,2011-08-05,6,1.95,11.7,0
562450,23289,12562,2011-08-05,8,1.25,10.0,0
562450,23287,12562,2011-08-05,8,0.85,6.8,0
562450,23291,12562,2011-08-05,8,1.25,10.0,0
562450,23213,12562,2011-08-05,12,1.25,15.0,0
562450,23345,12562,2011-08-05,12,1.25,15.0,0
562450,20712,12562,2011-08-05,10,2.08,20.8,0
562450,21931,12562,2011-08-05,10,2.08,20.8,0
562450,22386,12562,2011-08-05,10,2.08,20.8,0
562450,23203,12562,2011-08-05,10,2.08,20.8,0
562450,23201,12562,2011-08-05,10,2.08,20.8,0
562450,23202,12562,2011-08-05,10,2.08,20.8,0
562450,21452,12562,2011-08-05,6,2.95,17.7,0
562450,22637,12562,2011-08-05,4,2.55,10.2,0
562450,22418,12562,2011-08-05,24,0.85,20.4,0
562450,20719,12562,2011-08-05,10,0.85,8.5,0
562450,22661,12562,2011-08-05,10,0.85,8.5,0
562450,22355,12562,2011-08-05,10,0.85,8.5,0
562450,23204,12562,2011-08-05,10,0.85,8.5,0
562450,POST,12562,2011-08-05,3,18.0,54.0,0
562520,21746,12599,2011-08-05,48,1.25,60.0,0
562520,21094,12599,2011-08-05,48,0.85,40.8,0
562520,21086,12599,2011-08-05,36,0.65,23.4,0
562520,21080,12599,2011-08-05,24,0.85,20.4,0
562520,22090,12599,2011-08-05,6,2.95,17.7,0
562520,POST,12599,2011-08-05,1,18.0,18.0,0
562894,22129,12571,2011-08-10,12,0.85,10.2,0
562894,20979,12571,2011-08-10,16,1.25,20.0,0
562894,21121,12571,2011-08-10,24,1.25,30.0,0
562894,21124,12571,2011-08-10,24,1.25,30.0,0
562894,21122,12571,2011-08-10,24,1.25,30.0,0
562894,21125,12571,2011-08-10,12,1.25,15.0,0
562894,21126,12571,2011-08-10,12,1.25,15.0,0
562894,21086,12571,2011-08-10,12,0.65,7.8,0
562894,21094,12571,2011-08-10,12,0.85,10.2,0
562894,21080,12571,2011-08-10,12,0.85,10.2,0
562894,21731,12571,2011-08-10,12,1.65,19.8,0
562894,20977,12571,2011-08-10,16,1.25,20.0,0
562894,22139,12571,2011-08-10,3,4.95,14.85,0
562894,22583,12571,2011-08-10,6,2.55,15.3,0
C563109,21936,12656,2011-08-12,-4,2.95,-11.8,1
C563109,20725,12656,2011-08-12,-6,1.65,-9.9,1
563189,23295,12682,2011-08-12,8,0.83,6.64,0
563189,23296,12682,2011-08-12,8,1.25,10.0,0
563189,23307,12682,2011-08-12,24,0.55,13.2,0
563189,23297,12682,2011-08-12,16,1.65,26.4,0
563189,23317,12682,2011-08-12,2,9.95,19.9,0
563189,47566,12682,2011-08-12,4,4.95,19.8,0
563189,23298,12682,2011-08-12,3,4.95,14.85,0
563189,23240,12682,2011-08-12,6,4.15,24.9,0
563189,23209,12682,2011-08-12,10,1.65,16.5,0
563189,23203,12682,2011-08-12,10,2.08,20.8,0
563189,20750,12682,2011-08-12,2,7.95,15.9,0
563189,21039,12682,2011-08-12,6,2.55,15.3,0
563189,22859,12682,2011-08-12,6,1.65,9.9,0
563189,22432,12682,2011-08-12,6,1.95,11.7,0
563189,20749,12682,2011-08-12,2,7.95,15.9,0
563189,23293,12682,2011-08-12,8,0.83,6.64,0
563189,22467,12682,2011-08-12,6,2.55,15.3,0
563189,22961,12682,2011-08-12,12,1.45,17.4,0
563189,22912,12682,2011-08-12,3,4.95,14.85,0
563189,22352,12682,2011-08-12,6,2.55,15.3,0
563189,21559,12682,2011-08-12,6,2.55,15.3,0
563189,22326,12682,2011-08-12,6,2.95,17.7,0
563189,22328,12682,2011-08-12,6,2.95,17.7,0
563189,22966,12682,2011-08-12,12,1.25,15.0,0
563189,POST,12682,2011-08-12,2,18.0,36.0,0
563202,85066,12722,2011-08-14,1,12.75,12.75,0
563202,22797,12722,2011-08-14,2,16.95,33.9,0
563288,20726,12656,2011-08-15,20,1.65,33.0,0
563288,22382,12656,2011-08-15,20,1.65,33.0,0
563288,22662,12656,2011-08-15,20,1.65,33.0,0
563288,22383,12656,2011-08-15,10,1.65,16.5,0
563288,23206,12656,2011-08-15,20,1.65,33.0,0
563288,23233,12656,2011-08-15,25,0.42,10.5,0
563288,21499,12656,2011-08-15,25,0.42,10.5,0
563288,22321,12656,2011-08-15,12,0.85,10.2,0
563288,22322,12656,2011-08-15,12,0.85,10.2,0
563288,22320,12656,2011-08-15,3,5.95,17.85,0
563288,22367,12656,2011-08-15,50,1.65,82.5,0
563288,22939,12656,2011-08-15,8,4.95,39.6,0
563288,22899,12656,2011-08-15,50,1.85,92.5,0
563288,22326,12656,2011-08-15,18,2.95,53.1,0
563288,22629,12656,2011-08-15,24,1.95,46.8,0
563288,22628,12656,2011-08-15,4,4.95,19.8,0
563288,23245,12656,2011-08-15,8,4.95,39.6,0
563288,21539,12656,2011-08-15,6,4.95,29.7,0
563288,22423,12656,2011-08-15,6,12.75,76.5,0
563288,20725,12656,2011-08-15,20,1.65,33.0,0
563288,20727,12656,2011-08-15,10,1.65,16.5,0
563288,22898,12656,2011-08-15,50,1.65,82.5,0
563288,22892,12656,2011-08-15,12,1.25,15.0,0
563288,23289,12656,2011-08-15,16,1.25,20.0,0
563288,23290,12656,2011-08-15,16,1.25,20.0,0
563288,23291,12656,2011-08-15,16,1.25,20.0,0
563288,23292,12656,2011-08-15,16,1.25,20.0,0
563288,37475,12656,2011-08-15,1,9.95,9.95,0
563288,23007,12656,2011-08-15,2,16.95,33.9,0
563288,23008,12656,2011-08-15,1,16.95,16.95,0
563288,47367B,12656,2011-08-15,4,3.75,15.0,0
563288,22492,12656,2011-08-15,36,0.65,23.4,0
563288,47593B,12656,2011-08-15,48,0.39,18.72,0
563288,23209,12656,2011-08-15,10,1.65,16.5,0
563288,22634,12656,2011-08-15,2,9.95,19.9,0
563288,22635,12656,2011-08-15,2,9.95,19.9,0
563288,POST,12656,2011-08-15,4,18.0,72.0,0
563502,23035,12722,2011-08-17,12,1.45,17.4,0
563502,48194,12722,2011-08-17,2,7.95,15.9,0
563502,85123A,12722,2011-08-17,32,2.55,81.6,0
563502,22960,12722,2011-08-17,6,4.25,25.5,0
563502,23318,12722,2011-08-17,12,2.49,29.88,0
563502,23319,12722,2011-08-17,12,2.49,29.88,0
563502,22065,12722,2011-08-17,12,1.45,17.4,0
563502,85045,12722,2011-08-17,4,4.95,19.8,0
563502,23323,12722,2011-08-17,6,2.1,12.6,0
563502,21813,12722,2011-08-17,12,4.95,59.4,0
563502,35953,12722,2011-08-17,24,1.25,30.0,0
563502,23269,12722,2011-08-17,12,1.45,17.4,0
563502,23268,12722,2011-08-17,12,1.45,17.4,0
563502,23266,12722,2011-08-17,12,1.25,15.0,0
563502,23264,12722,2011-08-17,12,1.25,15.0,0
563502,23222,12722,2011-08-17,12,0.83,9.96,0
563502,23213,12722,2011-08-17,12,1.25,15.0,0
563502,23216,12722,2011-08-17,12,1.25,15.0,0
563502,23212,12722,2011-08-17,12,1.25,15.0,0
563502,22815,12722,2011-08-17,12,0.42,5.04,0
563502,22044,12722,2011-08-17,24,0.42,10.08,0
563502,23354,12722,2011-08-17,24,0.83,19.92,0
563502,23353,12722,2011-08-17,12,0.83,9.96,0
563502,23349,12722,2011-08-17,12,1.25,15.0,0
563502,22959,12722,2011-08-17,25,0.42,10.5,0
563502,16169E,12722,2011-08-17,25,0.42,10.5,0
563502,23219,12722,2011-08-17,12,1.25,15.0,0
563502,23221,12722,2011-08-17,12,0.83,9.96,0
563502,23351,12722,2011-08-17,12,1.25,15.0,0
563662,22745,12729,2011-08-18,12,2.1,25.2,0
563662,22746,12729,2011-08-18,12,2.1,25.2,0
563662,22748,12729,2011-08-18,12,2.1,25.2,0
563662,21578,12729,2011-08-18,6,2.25,13.5,0
563662,20719,12729,2011-08-18,10,0.85,8.5,0
563662,20724,12729,2011-08-18,10,0.85,8.5,0
563662,85088,12729,2011-08-18,6,2.1,12.6,0
563662,21249,12729,2011-08-18,6,2.95,17.7,0
563662,21251,12729,2011-08-18,6,2.95,17.7,0
563662,20979,12729,2011-08-18,16,1.25,20.0,0
563662,20977,12729,2011-08-18,16,1.25,20.0,0
563662,22138,12729,2011-08-18,3,4.95,14.85,0
563662,20704,12729,2011-08-18,2,6.95,13.9,0
563662,20718,12729,2011-08-18,10,1.25,12.5,0
563662,22530,12729,2011-08-18,24,0.42,10.08,0
563662,22534,12729,2011-08-18,24,0.42,10.08,0
563662,22551,12729,2011-08-18,12,1.65,19.8,0
563662,22554,12729,2011-08-18,12,1.65,19.8,0
563662,22634,12729,2011-08-18,2,9.95,19.9,0
563662,22635,12729,2011-08-18,2,9.95,19.9,0
563662,22964,12729,2011-08-18,6,2.1,12.6,0
563662,23080,12729,2011-08-18,2,8.25,16.5,0
563662,23192,12729,2011-08-18,12,1.65,19.8,0
563662,23254,12729,2011-08-18,4,4.15,16.6,0
563662,23256,12729,2011-08-18,4,4.15,16.6,0
563662,POST,12729,2011-08-18,2,18.0,36.0,0
563712,21981,12680,2011-08-18,24,0.29,6.96,0
563712,21986,12680,2011-08-18,24,0.29,6.96,0
563712,22037,12680,2011-08-18,12,0.42,5.04,0
563712,23190,12680,2011-08-18,12,1.65,19.8,0
563712,22555,12680,2011-08-18,12,1.65,19.8,0
563712,22629,12680,2011-08-18,12,1.95,23.4,0
563712,22980,12680,2011-08-18,12,1.65,19.8,0
563712,22979,12680,2011-08-18,12,1.45,17.4,0
563712,22712,12680,2011-08-18,12,0.42,5.04,0
563712,22630,12680,2011-08-18,12,1.95,23.4,0
563712,22899,12680,2011-08-18,6,2.1,12.6,0
563712,23254,12680,2011-08-18,4,4.15,16.6,0
563712,22367,12680,2011-08-18,8,1.95,15.6,0
563712,22029,12680,2011-08-18,12,0.42,5.04,0
563712,23256,12680,2011-08-18,4,4.15,16.6,0
563712,22728,12680,2011-08-18,4,3.75,15.0,0
563712,22727,12680,2011-08-18,4,3.75,15.0,0
563712,22099,12680,2011-08-18,36,0.39,14.04,0
563712,22326,12680,2011-08-18,6,2.95,17.7,0
563712,POST,12680,2011-08-18,2,18.0,36.0,0
563753,20719,12513,2011-08-19,10,0.85,8.5,0
563753,22355,12513,2011-08-19,10,0.85,8.5,0
563753,22356,12513,2011-08-19,10,0.85,8.5,0
563753,21930,12513,2011-08-19,10,2.08,20.8,0
563753,20712,12513,2011-08-19,10,2.08,20.8,0
563753,21121,12513,2011-08-19,24,1.25,30.0,0
563753,21122,12513,2011-08-19,24,1.25,30.0,0
563753,21126,12513,2011-08-19,12,1.25,15.0,0
563753,21495,12513,2011-08-19,25,0.42,10.5,0
563753,16161U,12513,2011-08-19,25,0.42,10.5,0
563753,21497,12513,2011-08-19,25,0.42,10.5,0
563753,21500,12513,2011-08-19,25,0.42,10.5,0
563753,21987,12513,2011-08-19,12,0.65,7.8,0
563753,21988,12513,2011-08-19,12,0.85,10.2,0
563753,22554,12513,2011-08-19,12,1.65,19.8,0
563753,22557,12513,2011-08-19,12,1.65,19.8,0
563753,22553,12513,2011-08-19,12,1.65,19.8,0
563753,21882,12513,2011-08-19,12,0.65,7.8,0
563753,22437,12513,2011-08-19,20,0.85,17.0,0
563753,22435,12513,2011-08-19,12,1.25,15.0,0
563753,20727,12513,2011-08-19,10,1.65,16.5,0
563753,20726,12513,2011-08-19,20,1.65,33.0,0
563753,22384,12513,2011-08-19,10,1.65,16.5,0
563753,22383,12513,2011-08-19,10,1.65,16.5,0
563753,21558,12513,2011-08-19,6,2.55,15.3,0
563753,21559,12513,2011-08-19,6,2.55,15.3,0
563753,21469,12513,2011-08-19,6,3.75,22.5,0
563753,22236,12513,2011-08-19,3,12.75,38.25,0
563753,21989,12513,2011-08-19,12,0.85,10.2,0
563753,21080,12513,2011-08-19,12,0.85,10.2,0
563753,22961,12513,2011-08-19,12,1.45,17.4,0
563753,22960,12513,2011-08-19,6,4.25,25.5,0
563753,21213,12513,2011-08-19,24,0.55,13.2,0
563753,23295,12513,2011-08-19,8,0.83,6.64,0
563753,POST,12513,2011-08-19,3,18.0,54.0,0
563897,POST,12523,2011-08-21,1,18.0,18.0,0
563897,20914,12523,2011-08-21,6,2.95,17.7,0
563897,22619,12523,2011-08-21,4,3.75,15.0,0
563897,22617,12523,2011-08-21,3,4.95,14.85,0
563897,22138,12523,2011-08-21,3,4.95,14.85,0
563897,22139,12523,2011-08-21,3,4.95,14.85,0
563897,23177,12523,2011-08-21,8,2.25,18.0,0
563897,21531,12523,2011-08-21,6,2.55,15.3,0
563926,21936,12553,2011-08-21,5,2.95,14.75,0
563926,23196,12553,2011-08-21,12,1.45,17.4,0
563926,22622,12553,2011-08-21,2,11.95,23.9,0
563926,22385,12553,2011-08-21,10,2.08,20.8,0
563926,23202,12553,2011-08-21,10,2.08,20.8,0
563926,85099B,12553,2011-08-21,10,2.08,20.8,0
563926,21931,12553,2011-08-21,10,2.08,20.8,0
563926,21221,12553,2011-08-21,10,1.25,12.5,0
563926,21219,12553,2011-08-21,10,1.25,12.5,0
563926,22437,12553,2011-08-21,20,0.85,17.0,0
563926,22554,12553,2011-08-21,12,1.65,19.8,0
563926,22553,12553,2011-08-21,12,1.65,19.8,0
563926,22556,12553,2011-08-21,12,1.65,19.8,0
563926,22569,12553,2011-08-21,4,3.75,15.0,0
563926,22749,12553,2011-08-21,4,3.75,15.0,0
563926,22750,12553,2011-08-21,4,3.75,15.0,0
563926,21672,12553,2011-08-21,12,1.25,15.0,0
563926,22139,12553,2011-08-21,3,4.95,14.85,0
563926,21731,12553,2011-08-21,12,1.65,19.8,0
563926,84077,12553,2011-08-21,48,0.29,13.92,0
563926,22435,12553,2011-08-21,12,1.25,15.0,0
563926,POST,12553,2011-08-21,2,18.0,36.0,0
564159,20726,12593,2011-08-23,10,1.65,16.5,0
564159,22382,12593,2011-08-23,10,1.65,16.5,0
564159,22384,12593,2011-08-23,10,1.65,16.5,0
564159,22630,12593,2011-08-23,12,1.95,23.4,0
564159,22629,12593,2011-08-23,12,1.95,23.4,0
564173,22991,12567,2011-08-23,12,1.95,23.4,0
564173,21990,12567,2011-08-23,12,1.25,15.0,0
564173,22492,12567,2011-08-23,36,0.65,23.4,0
564173,23168,12567,2011-08-23,12,1.25,15.0,0
564173,23287,12567,2011-08-23,8,0.85,6.8,0
564173,22551,12567,2011-08-23,12,1.65,19.8,0
564173,22556,12567,2011-08-23,12,1.65,19.8,0
564173,22326,12567,2011-08-23,6,2.95,17.7,0
564173,22631,12567,2011-08-23,12,1.95,23.4,0
564173,22630,12567,2011-08-23,12,1.95,23.4,0
564173,22659,12567,2011-08-23,12,1.95,23.4,0
564173,22071,12567,2011-08-23,6,3.75,22.5,0
564173,15056BL,12567,2011-08-23,3,5.95,17.85,0
564173,85014A,12567,2011-08-23,3,5.95,17.85,0
564173,85014B,12567,2011-08-23,3,5.95,17.85,0
564173,20725,12567,2011-08-23,10,1.65,16.5,0
564173,21286,12567,2011-08-23,12,2.55,30.6,0
564173,21402,12567,2011-08-23,24,0.12,2.88,0
564173,22975,12567,2011-08-23,12,1.25,15.0,0
564173,22976,12567,2011-08-23,12,1.25,15.0,0
564173,22072,12567,2011-08-23,8,3.75,30.0,0
564173,23326,12567,2011-08-23,48,0.63,30.24,0
564173,20718,12567,2011-08-23,10,1.25,12.5,0
564173,22432,12567,2011-08-23,6,1.95,11.7,0
564173,22431,12567,2011-08-23,6,1.95,11.7,0
564173,21375,12567,2011-08-23,2,5.45,10.9,0
564173,21377,12567,2011-08-23,6,1.65,9.9,0
564173,23207,12567,2011-08-23,10,1.65,16.5,0
564173,23206,12567,2011-08-23,10,1.65,16.5,0
564173,22382,12567,2011-08-23,10,1.65,16.5,0
564173,23235,12567,2011-08-23,6,2.89,17.34,0
564173,23237,12567,2011-08-23,6,4.15,24.9,0
564173,23238,12567,2011-08-23,6,4.15,24.9,0
564173,23239,12567,2011-08-23,6,4.15,24.9,0
564173,21936,12567,2011-08-23,10,2.95,29.5,0
564173,22668,12567,2011-08-23,5,2.95,14.75,0
564173,23298,12567,2011-08-23,6,4.95,29.7,0
564173,21922,12567,2011-08-23,10,7.95,79.5,0
564173,POST,12567,2011-08-23,4,18.0,72.0,0
564226,POST,12523,2011-08-24,2,18.0,36.0,0
564226,21080,12523,2011-08-24,12,0.85,10.2,0
564226,22139,12523,2011-08-24,3,4.95,14.85,0
564226,22546,12523,2011-08-24,24,0.42,10.08,0
564226,23231,12523,2011-08-24,25,0.42,10.5,0
564226,21535,12523,2011-08-24,6,2.55,15.3,0
564226,21533,12523,2011-08-24,3,4.95,14.85,0
564226,21232,12523,2011-08-24,12,1.25,15.0,0
564226,22059,12523,2011-08-24,12,1.49,17.88,0
564226,22649,12523,2011-08-24,8,4.95,39.6,0
564314,23245,12695,2011-08-24,4,4.95,19.8,0
564314,23309,12695,2011-08-24,24,0.55,13.2,0
564314,22689,12695,2011-08-24,6,7.95,47.7,0
564314,21955,12695,2011-08-24,2,7.95,15.9,0
564314,48138,12695,2011-08-24,4,7.95,31.8,0
564314,21411,12695,2011-08-24,3,4.25,12.75,0
564314,21624,12695,2011-08-24,3,5.95,17.85,0
564314,21408,12695,2011-08-24,3,4.25,12.75,0
564314,22900,12695,2011-08-24,6,3.25,19.5,0
564314,20971,12695,2011-08-24,12,1.25,15.0,0
564314,21650,12695,2011-08-24,24,0.19,4.56,0
564314,22091,12695,2011-08-24,36,0.39,14.04,0
564314,22340,12695,2011-08-24,12,1.65,19.8,0
564372,16048,12714,2011-08-25,24,0.12,2.88,0
564372,21933,12714,2011-08-25,10,1.65,16.5,0
564372,21932,12714,2011-08-25,10,1.65,16.5,0
564372,22396,12714,2011-08-25,12,0.39,4.68,0
564372,22398,12714,2011-08-25,12,0.39,4.68,0
564372,22403,12714,2011-08-25,12,0.39,4.68,0
564372,22400,12714,2011-08-25,12,0.39,4.68,0
564372,22402,12714,2011-08-25,12,0.39,4.68,0
564372,POST,12714,2011-08-25,6,18.0,108.0,0
564372,23287,12714,2011-08-25,16,0.85,13.6,0
564372,23288,12714,2011-08-25,16,0.85,13.6,0
564372,23285,12714,2011-08-25,16,0.85,13.6,0
564372,23286,12714,2011-08-25,16,0.85,13.6,0
564372,23290,12714,2011-08-25,8,1.25,10.0,0
564372,23292,12714,2011-08-25,8,1.25,10.0,0
564372,23291,12714,2011-08-25,8,1.25,10.0,0
564372,23289,12714,2011-08-25,8,1.25,10.0,0
564372,23293,12714,2011-08-25,8,0.83,6.64,0
564372,23296,12714,2011-08-25,8,1.25,10.0,0
564372,23294,12714,2011-08-25,8,0.83,6.64,0
564372,23345,12714,2011-08-25,12,1.25,15.0,0
564372,23352,12714,2011-08-25,12,1.25,15.0,0
564372,23350,12714,2011-08-25,12,1.25,15.0,0
564372,23353,12714,2011-08-25,12,0.83,9.96,0
564372,23346,12714,2011-08-25,12,1.25,15.0,0
564372,23354,12714,2011-08-25,12,0.83,9.96,0
564372,20750,12714,2011-08-25,6,7.95,47.7,0
564372,20749,12714,2011-08-25,4,7.95,31.8,0
564372,22449,12714,2011-08-25,6,3.35,20.1,0
564372,20679,12714,2011-08-25,3,5.95,17.85,0
564372,20725,12714,2011-08-25,30,1.65,49.5,0
564372,20728,12714,2011-08-25,10,1.65,16.5,0
564372,22382,12714,2011-08-25,20,1.65,33.0,0
564372,20727,12714,2011-08-25,20,1.65,33.0,0
564372,23206,12714,2011-08-25,20,1.65,33.0,0
564372,23207,12714,2011-08-25,20,1.65,33.0,0
564372,23208,12714,2011-08-25,10,1.65,16.5,0
564372,23209,12714,2011-08-25,10,1.65,16.5,0
564372,22383,12714,2011-08-25,10,1.65,16.5,0
564372,21936,12714,2011-08-25,5,2.95,14.75,0
564372,22326,12714,2011-08-25,6,2.95,17.7,0
564372,22328,12714,2011-08-25,6,2.95,17.7,0
564372,21218,12714,2011-08-25,6,3.75,22.5,0
564372,22348,12714,2011-08-25,12,0.85,10.2,0
564372,22027,12714,2011-08-25,12,0.42,5.04,0
564372,21509,12714,2011-08-25,12,0.42,5.04,0
564372,21507,12714,2011-08-25,12,0.42,5.04,0
564372,22024,12714,2011-08-25,12,0.42,5.04,0
564372,22028,12714,2011-08-25,12,0.42,5.04,0
564372,22716,12714,2011-08-25,12,0.42,5.04,0
564372,22029,12714,2011-08-25,12,0.42,5.04,0
564372,22817,12714,2011-08-25,12,0.42,5.04,0
564372,22983,12714,2011-08-25,12,0.42,5.04,0
564372,22585,12714,2011-08-25,12,1.25,15.0,0
564372,22715,12714,2011-08-25,12,0.42,5.04,0
564372,22906,12714,2011-08-25,12,1.65,19.8,0
564372,22984,12714,2011-08-25,12,0.42,5.04,0
564372,84674,12714,2011-08-25,6,2.95,17.7,0
564372,21207,12714,2011-08-25,12,1.65,19.8,0
564372,21205,12714,2011-08-25,6,2.55,15.3,0
564372,21204,12714,2011-08-25,12,1.65,19.8,0
564372,22551,12714,2011-08-25,12,1.65,19.8,0
564372,22556,12714,2011-08-25,12,1.65,19.8,0
564372,22557,12714,2011-08-25,12,1.65,19.8,0
564372,21731,12714,2011-08-25,12,1.65,19.8,0
564372,22466,12714,2011-08-25,12,1.95,23.4,0
564372,22418,12714,2011-08-25,24,0.85,20.4,0
564372,46000S,12714,2011-08-25,4,1.45,5.8,0
564372,22637,12714,2011-08-25,4,2.55,10.2,0
564471,22081,12583,2011-08-25,10,1.65,16.5,0
564471,22082,12583,2011-08-25,10,1.65,16.5,0
564471,22080,12583,2011-08-25,20,1.65,33.0,0
564471,21210,12583,2011-08-25,12,1.45,17.4,0
564471,21156,12583,2011-08-25,8,1.95,15.6,0
564471,21080,12583,2011-08-25,24,0.85,20.4,0
564471,21086,12583,2011-08-25,24,0.65,15.6,0
564471,21094,12583,2011-08-25,24,0.85,20.4,0
564471,23445,12583,2011-08-25,20,0.83,16.6,0
564471,22326,12583,2011-08-25,18,2.95,53.1,0
564471,POST,12583,2011-08-25,1,18.0,18.0,0
564479,15056BL,12682,2011-08-25,6,5.95,35.7,0
564479,20679,12682,2011-08-25,3,5.95,17.85,0
564479,85014B,12682,2011-08-25,3,5.95,17.85,0
564479,85014A,12682,2011-08-25,3,5.95,17.85,0
564479,23238,12682,2011-08-25,6,4.15,24.9,0
564479,23347,12682,2011-08-25,12,1.25,15.0,0
564479,22556,12682,2011-08-25,12,1.65,19.8,0
564479,22551,12682,2011-08-25,12,1.65,19.8,0
564479,22554,12682,2011-08-25,12,1.65,19.8,0
564479,21731,12682,2011-08-25,12,1.65,19.8,0
564479,22892,12682,2011-08-25,12,1.25,15.0,0
564479,22197,12682,2011-08-25,12,0.85,10.2,0
564479,23298,12682,2011-08-25,3,4.95,14.85,0
564479,22432,12682,2011-08-25,6,1.95,11.7,0
564479,23203,12682,2011-08-25,20,2.08,41.6,0
564479,22382,12682,2011-08-25,10,1.65,16.5,0
564479,23206,12682,2011-08-25,10,1.65,16.5,0
564479,23209,12682,2011-08-25,10,1.65,16.5,0
564479,23199,12682,2011-08-25,10,2.08,20.8,0
564479,85099B,12682,2011-08-25,10,2.08,20.8,0
564479,22385,12682,2011-08-25,10,2.08,20.8,0
564479,22411,12682,2011-08-25,10,2.08,20.8,0
564479,POST,12682,2011-08-25,2,18.0,36.0,0
564531,22110,12624,2011-08-25,6,2.55,15.3,0
564531,21484,12624,2011-08-25,4,3.45,13.8,0
564531,22759,12624,2011-08-25,12,1.65,19.8,0
564531,21430,12624,2011-08-25,4,3.75,15.0,0
564531,21703,12624,2011-08-25,12,0.42,5.04,0
564531,22423,12624,2011-08-25,1,12.75,12.75,0
564531,21584,12624,2011-08-25,20,1.65,33.0,0
564531,22319,12624,2011-08-25,12,0.65,7.8,0
564531,21485,12624,2011-08-25,6,4.95,29.7,0
564531,22595,12624,2011-08-25,12,0.85,10.2,0
564531,21429,12624,2011-08-25,8,1.95,15.6,0
564531,21249,12624,2011-08-25,6,2.95,17.7,0
564531,21576,12624,2011-08-25,6,2.25,13.5,0
564531,21577,12624,2011-08-25,6,2.25,13.5,0
564531,21754,12624,2011-08-25,3,5.95,17.85,0
564531,22629,12624,2011-08-25,12,1.95,23.4,0
564531,22631,12624,2011-08-25,12,1.95,23.4,0
564531,23356,12624,2011-08-25,3,5.95,17.85,0
564531,POST,12624,2011-08-25,2,18.0,36.0,0
564670,21086,12683,2011-08-26,12,0.65,7.8,0
564670,21988,12683,2011-08-26,12,0.85,10.2,0
564670,21094,12683,2011-08-26,12,0.85,10.2,0
564670,21080,12683,2011-08-26,12,0.85,10.2,0
564670,21989,12683,2011-08-26,12,0.85,10.2,0
564670,22908,12683,2011-08-26,12,0.85,10.2,0
564670,22895,12683,2011-08-26,6,3.25,19.5,0
564670,22437,12683,2011-08-26,20,0.85,17.0,0
564670,22435,12683,2011-08-26,90,1.06,95.4,0
564670,23159,12683,2011-08-26,36,2.08,74.88,0
564670,23298,12683,2011-08-26,3,4.95,14.85,0
564670,47566,12683,2011-08-26,4,4.95,19.8,0
564670,22974,12683,2011-08-26,12,1.65,19.8,0
564670,84375,12683,2011-08-26,12,2.1,25.2,0
564670,21719,12683,2011-08-26,12,0.85,10.2,0
564670,23293,12683,2011-08-26,8,0.83,6.64,0
564670,23296,12683,2011-08-26,8,1.25,10.0,0
564670,23297,12683,2011-08-26,16,1.65,26.4,0
564670,23325,12683,2011-08-26,12,1.65,19.8,0
564670,23348,12683,2011-08-26,6,2.08,12.48,0
564670,23346,12683,2011-08-26,12,1.25,15.0,0
564670,23345,12683,2011-08-26,12,1.25,15.0,0
564670,23156,12683,2011-08-26,12,2.08,24.96,0
564670,21196,12683,2011-08-26,12,1.65,19.8,0
564670,21197,12683,2011-08-26,12,1.65,19.8,0
564670,21198,12683,2011-08-26,12,1.65,19.8,0
564670,21199,12683,2011-08-26,12,1.65,19.8,0
564670,22631,12683,2011-08-26,12,1.95,23.4,0
564670,23252,12683,2011-08-26,4,3.75,15.0,0
564670,23251,12683,2011-08-26,12,1.25,15.0,0
564670,23250,12683,2011-08-26,12,1.25,15.0,0
564670,23249,12683,2011-08-26,12,1.65,19.8,0
564670,22842,12683,2011-08-26,2,6.75,13.5,0
564670,22843,12683,2011-08-26,2,6.75,13.5,0
564670,22262,12683,2011-08-26,24,0.85,20.4,0
564670,23236,12683,2011-08-26,6,2.89,17.34,0
564670,22972,12683,2011-08-26,12,1.65,19.8,0
564670,22973,12683,2011-08-26,12,1.65,19.8,0
564670,22976,12683,2011-08-26,12,1.25,15.0,0
564670,22975,12683,2011-08-26,12,1.25,15.0,0
564670,22046,12683,2011-08-26,25,0.42,10.5,0
564670,22708,12683,2011-08-26,25,0.42,10.5,0
564670,23231,12683,2011-08-26,25,0.42,10.5,0
564670,22704,12683,2011-08-26,25,0.42,10.5,0
564670,22705,12683,2011-08-26,25,0.42,10.5,0
564670,22423,12683,2011-08-26,16,10.95,175.2,0
564670,21987,12683,2011-08-26,12,0.65,7.8,0
564670,POST,12683,2011-08-26,6,18.0,108.0,0
564862,POST,12678,2011-08-31,1,145.0,145.0,0
564897,22554,12678,2011-08-31,60,1.65,99.0,0
564897,22556,12678,2011-08-31,60,1.65,99.0,0
564897,22551,12678,2011-08-31,60,1.65,99.0,0
564897,22726,12678,2011-08-31,20,3.75,75.0,0
564897,22728,12678,2011-08-31,20,3.75,75.0,0
564897,23084,12678,2011-08-31,288,1.79,515.52,0
564897,23296,12678,2011-08-31,72,1.25,90.0,0
564897,23293,12678,2011-08-31,72,0.83,59.76,0
564897,23295,12678,2011-08-31,72,0.83,59.76,0
564897,23297,12678,2011-08-31,96,1.65,158.4,0
564906,23084,12682,2011-08-31,120,1.79,214.8,0
564906,POST,12682,2011-08-31,2,18.0,36.0,0
564912,POST,12490,2011-08-31,3,18.0,54.0,0
564912,23084,12490,2011-08-31,24,1.79,42.96,0
564912,23199,12490,2011-08-31,20,2.08,41.6,0
564912,22704,12490,2011-08-31,25,0.42,10.5,0
564912,23200,12490,2011-08-31,10,2.08,20.8,0
564912,21238,12490,2011-08-31,8,0.85,6.8,0
564912,22352,12490,2011-08-31,6,2.55,15.3,0
564912,21080,12490,2011-08-31,12,0.85,10.2,0
564912,22090,12490,2011-08-31,6,2.95,17.7,0
564912,20685,12490,2011-08-31,2,7.95,15.9,0
564912,85099B,12490,2011-08-31,20,2.08,41.6,0
564912,22379,12490,2011-08-31,5,2.1,10.5,0
564912,23203,12490,2011-08-31,10,2.08,20.8,0
564912,20712,12490,2011-08-31,10,2.08,20.8,0
564912,23202,12490,2011-08-31,10,2.08,20.8,0
564912,84997B,12490,2011-08-31,4,4.15,16.6,0
564912,84997D,12490,2011-08-31,4,4.15,16.6,0
564912,22385,12490,2011-08-31,10,2.08,20.8,0
564912,21731,12490,2011-08-31,12,1.65,19.8,0
565239,85014A,12670,2011-09-02,6,5.95,35.7,0
565239,21883,12670,2011-09-02,12,0.65,7.8,0
565239,21881,12670,2011-09-02,12,0.65,7.8,0
565239,21880,12670,2011-09-02,12,0.65,7.8,0
565239,22991,12670,2011-09-02,12,1.95,23.4,0
565239,22992,12670,2011-09-02,12,1.95,23.4,0
565239,22561,12670,2011-09-02,12,1.65,19.8,0
565239,22382,12670,2011-09-02,10,1.65,16.5,0
565239,22352,12670,2011-09-02,12,2.55,30.6,0
565239,21559,12670,2011-09-02,12,2.55,30.6,0
565239,23084,12670,2011-09-02,6,2.08,12.48,0
565239,21731,12670,2011-09-02,36,1.65,59.4,0
565239,21452,12670,2011-09-02,18,2.95,53.1,0
565239,23079,12670,2011-09-02,6,8.95,53.7,0
565239,20725,12670,2011-09-02,10,1.65,16.5,0
565239,20726,12670,2011-09-02,10,1.65,16.5,0
565239,22659,12670,2011-09-02,12,1.95,23.4,0
565239,22629,12670,2011-09-02,12,1.95,23.4,0
565239,22631,12670,2011-09-02,12,1.95,23.4,0
565239,23206,12670,2011-09-02,10,1.65,16.5,0
565239,23445,12670,2011-09-02,20,0.83,16.6,0
565239,85014B,12670,2011-09-02,6,5.95,35.7,0
565239,POST,12670,2011-09-02,3,18.0,54.0,0
565321,22423,12437,2011-09-02,6,12.75,76.5,0
565321,21121,12437,2011-09-02,24,1.25,30.0,0
565321,21080,12437,2011-09-02,24,0.85,20.4,0
565321,21208,12437,2011-09-02,12,0.39,4.68,0
565321,21843,12437,2011-09-02,6,10.95,65.7,0
565321,21987,12437,2011-09-02,12,0.65,7.8,0
565321,21558,12437,2011-09-02,6,2.55,15.3,0
565321,22333,12437,2011-09-02,8,1.65,13.2,0
565321,POST,12437,2011-09-02,2,18.0,36.0,0
565322,21058,12437,2011-09-02,12,0.85,10.2,0
565322,22331,12437,2011-09-02,16,1.65,26.4,0
565322,20676,12437,2011-09-02,8,1.25,10.0,0
565322,20675,12437,2011-09-02,8,1.25,10.0,0
565322,22356,12437,2011-09-02,10,0.85,8.5,0
565443,23345,12567,2011-09-04,12,1.25,15.0,0
565443,23346,12567,2011-09-04,12,1.25,15.0,0
565443,22423,12567,2011-09-04,4,12.75,51.0,0
565443,47566,12567,2011-09-04,4,4.95,19.8,0
565443,84707B,12567,2011-09-04,2,9.95,19.9,0
565443,21643,12567,2011-09-04,12,1.25,15.0,0
565443,15036,12567,2011-09-04,12,0.83,9.96,0
565443,21121,12567,2011-09-04,24,1.25,30.0,0
565443,22181,12567,2011-09-04,12,0.85,10.2,0
565443,21380,12567,2011-09-04,6,2.95,17.7,0
565443,21672,12567,2011-09-04,12,1.25,15.0,0
565443,22341,12567,2011-09-04,12,1.65,19.8,0
565443,22948,12567,2011-09-04,24,0.85,20.4,0
565443,84879,12567,2011-09-04,16,1.69,27.04,0
565443,15044C,12567,2011-09-04,6,2.95,17.7,0
565443,22326,12567,2011-09-04,6,2.95,17.7,0
565443,79191C,12567,2011-09-04,12,0.85,10.2,0
565443,79190A,12567,2011-09-04,15,0.42,6.3,0
565443,21731,12567,2011-09-04,12,1.65,19.8,0
565443,21833,12567,2011-09-04,12,1.69,20.28,0
565443,22561,12567,2011-09-04,12,1.65,19.8,0
565443,21990,12567,2011-09-04,12,1.25,15.0,0
565443,20983,12567,2011-09-04,12,0.85,10.2,0
565443,20981,12567,2011-09-04,12,0.85,10.2,0
565443,23191,12567,2011-09-04,12,1.65,19.8,0
565443,21883,12567,2011-09-04,12,0.65,7.8,0
565443,21880,12567,2011-09-04,12,0.65,7.8,0
565443,23194,12567,2011-09-04,8,2.25,18.0,0
565443,23193,12567,2011-09-04,8,2.25,18.0,0
565443,23078,12567,2011-09-04,24,1.25,30.0,0
565443,21915,12567,2011-09-04,12,1.25,15.0,0
565443,11001,12567,2011-09-04,16,1.69,27.04,0
565443,22492,12567,2011-09-04,36,0.65,23.4,0
565443,22895,12567,2011-09-04,6,3.25,19.5,0
565443,22378,12567,2011-09-04,5,2.1,10.5,0
565443,23049,12567,2011-09-04,2,8.25,16.5,0
565443,23051,12567,2011-09-04,2,8.25,16.5,0
565443,23054,12567,2011-09-04,2,8.25,16.5,0
565443,23052,12567,2011-09-04,2,8.25,16.5,0
565443,23289,12567,2011-09-04,8,1.25,10.0,0
565443,23291,12567,2011-09-04,8,1.25,10.0,0
565443,23290,12567,2011-09-04,8,1.25,10.0,0
565443,23292,12567,2011-09-04,8,1.25,10.0,0
565443,21871,12567,2011-09-04,12,1.25,15.0,0
565443,23254,12567,2011-09-04,4,4.15,16.6,0
565443,23256,12567,2011-09-04,4,4.15,16.6,0
565443,22554,12567,2011-09-04,12,1.65,19.8,0
565443,22374,12567,2011-09-04,4,4.25,17.0,0
565443,22371,12567,2011-09-04,4,4.25,17.0,0
565443,POST,12567,2011-09-04,3,18.0,54.0,0
565587,23024,12727,2011-09-05,24,2.89,69.36,0
565587,22795,12727,2011-09-05,4,6.75,27.0,0
565587,15056N,12727,2011-09-05,12,5.95,71.4,0
565587,22215,12727,2011-09-05,24,7.65,183.6,0
565587,22151,12727,2011-09-05,72,0.42,30.24,0
565587,82484,12727,2011-09-05,6,7.95,47.7,0
565587,POST,12727,2011-09-05,6,18.0,108.0,0
565612,23289,12616,2011-09-05,8,1.25,10.0,0
565612,23290,12616,2011-09-05,8,1.25,10.0,0
565612,23291,12616,2011-09-05,8,1.25,10.0,0
565612,23292,12616,2011-09-05,8,1.25,10.0,0
565612,21791,12616,2011-09-05,12,1.25,15.0,0
565612,22548,12616,2011-09-05,12,1.25,15.0,0
565612,22549,12616,2011-09-05,12,1.45,17.4,0
565612,20750,12616,2011-09-05,8,7.95,63.6,0
565612,20749,12616,2011-09-05,6,7.95,47.7,0
565612,21156,12616,2011-09-05,8,1.95,15.6,0
565612,22367,12616,2011-09-05,8,1.95,15.6,0
565612,22899,12616,2011-09-05,6,2.1,12.6,0
565612,22554,12616,2011-09-05,12,1.65,19.8,0
565612,22551,12616,2011-09-05,12,1.65,19.8,0
565612,22555,12616,2011-09-05,12,1.65,19.8,0
565612,22556,12616,2011-09-05,12,1.65,19.8,0
565612,20981,12616,2011-09-05,12,0.85,10.2,0
565612,20983,12616,2011-09-05,12,0.85,10.2,0
565612,22634,12616,2011-09-05,4,9.95,39.8,0
565612,22635,12616,2011-09-05,4,9.95,39.8,0
565612,POST,12616,2011-09-05,2,18.0,36.0,0
C565615,22423,12683,2011-09-05,-1,12.75,-12.75,1
C565615,23325,12683,2011-09-05,-7,1.65,-11.55,1
C565615,21197,12683,2011-09-05,-21,1.65,-34.65,1
C565615,22976,12683,2011-09-05,-1,1.25,-1.25,1
C565615,22972,12683,2011-09-05,-10,1.65,-16.5,1
C565615,23236,12683,2011-09-05,-1,2.89,-2.89,1
C565615,23249,12683,2011-09-05,-6,1.65,-9.9,1
C565615,22842,12683,2011-09-05,-2,6.75,-13.5,1
C565615,23348,12683,2011-09-05,-6,2.08,-12.48,1
565801,22630,12685,2011-09-07,12,1.95,23.4,0
565801,22661,12685,2011-09-07,10,0.85,8.5,0
565801,22949,12685,2011-09-07,12,1.45,17.4,0
565801,22663,12685,2011-09-07,10,2.08,20.8,0
565801,22416,12685,2011-09-07,12,1.45,17.4,0
565801,22551,12685,2011-09-07,12,1.65,19.8,0
565801,22382,12685,2011-09-07,10,1.65,16.5,0
565801,22726,12685,2011-09-07,4,3.75,15.0,0
565801,22729,12685,2011-09-07,4,3.75,15.0,0
565801,23203,12685,2011-09-07,20,2.08,41.6,0
565801,23231,12685,2011-09-07,25,0.42,10.5,0
565801,23209,12685,2011-09-07,10,1.65,16.5,0
565801,23236,12685,2011-09-07,6,2.89,17.34,0
565801,20712,12685,2011-09-07,10,2.08,20.8,0
565801,21424,12685,2011-09-07,6,2.95,17.7,0
565801,20726,12685,2011-09-07,10,1.65,16.5,0
565801,22554,12685,2011-09-07,12,1.65,19.8,0
565801,22326,12685,2011-09-07,6,2.95,17.7,0
565801,84510A,12685,2011-09-07,10,1.25,12.5,0
565801,22386,12685,2011-09-07,10,2.08,20.8,0
565801,84997A,12685,2011-09-07,16,4.15,66.4,0
565801,22423,12685,2011-09-07,2,12.75,25.5,0
565801,22962,12685,2011-09-07,12,0.85,10.2,0
565801,22963,12685,2011-09-07,12,0.85,10.2,0
565801,22961,12685,2011-09-07,12,1.45,17.4,0
565801,POST,12685,2011-09-07,3,18.0,54.0,0
565854,21122,12490,2011-09-07,24,1.25,30.0,0
565854,22382,12490,2011-09-07,10,1.65,16.5,0
565854,22029,12490,2011-09-07,24,0.42,10.08,0
565854,22367,12490,2011-09-07,8,1.95,15.6,0
565854,22613,12490,2011-09-07,24,0.85,20.4,0
565854,22629,12490,2011-09-07,12,1.95,23.4,0
565854,23256,12490,2011-09-07,8,4.15,33.2,0
565854,23290,12490,2011-09-07,8,1.25,10.0,0
565854,20726,12490,2011-09-07,20,1.65,33.0,0
565854,20727,12490,2011-09-07,10,1.65,16.5,0
565854,23445,12490,2011-09-07,20,0.83,16.6,0
565854,21731,12490,2011-09-07,36,1.65,59.4,0
565854,21564,12490,2011-09-07,6,2.95,17.7,0
565854,21563,12490,2011-09-07,6,2.95,17.7,0
565854,22326,12490,2011-09-07,18,2.95,53.1,0
565854,23159,12490,2011-09-07,12,2.08,24.96,0
565854,22197,12490,2011-09-07,36,0.85,30.6,0
565854,20963,12490,2011-09-07,10,1.25,12.5,0
565854,21915,12490,2011-09-07,12,1.25,15.0,0
565854,21914,12490,2011-09-07,12,1.25,15.0,0
565854,22898,12490,2011-09-07,8,1.95,15.6,0
565854,21094,12490,2011-09-07,24,0.85,20.4,0
565854,21086,12490,2011-09-07,24,0.65,15.6,0
565854,21080,12490,2011-09-07,24,0.85,20.4,0
565854,21936,12490,2011-09-07,10,2.95,29.5,0
565854,22343,12490,2011-09-07,12,0.85,10.2,0
565854,22131,12490,2011-09-07,12,1.95,23.4,0
565854,22922,12490,2011-09-07,12,0.85,10.2,0
565854,22027,12490,2011-09-07,24,0.42,10.08,0
565854,21098,12490,2011-09-07,36,1.25,45.0,0
565854,23206,12490,2011-09-07,20,1.65,33.0,0
565854,22328,12490,2011-09-07,12,2.95,35.4,0
565854,21121,12490,2011-09-07,24,1.25,30.0,0
565854,22315,12490,2011-09-07,12,1.25,15.0,0
565854,21354,12490,2011-09-07,12,1.25,15.0,0
565854,21124,12490,2011-09-07,24,1.25,30.0,0
565854,23254,12490,2011-09-07,8,4.15,33.2,0
565854,84997D,12490,2011-09-07,8,4.15,33.2,0
565854,22313,12490,2011-09-07,6,2.95,17.7,0
565854,84997C,12490,2011-09-07,8,4.15,33.2,0
565854,POST,12490,2011-09-07,4,18.0,72.0,0
565854,20725,12490,2011-09-07,10,1.65,16.5,0
565865,23200,12637,2011-09-07,10,2.08,20.8,0
565865,22302,12637,2011-09-07,6,2.55,15.3,0
565865,22303,12637,2011-09-07,6,2.55,15.3,0
565865,23199,12637,2011-09-07,10,2.08,20.8,0
565865,23204,12637,2011-09-07,10,0.85,8.5,0
565865,23206,12637,2011-09-07,10,1.65,16.5,0
565865,22752,12637,2011-09-07,2,8.5,17.0,0
565865,23201,12637,2011-09-07,10,2.08,20.8,0
565865,21329,12637,2011-09-07,12,1.65,19.8,0
565865,21328,12637,2011-09-07,12,1.65,19.8,0
565865,22551,12637,2011-09-07,12,1.65,19.8,0
565865,23205,12637,2011-09-07,10,0.85,8.5,0
565865,23207,12637,2011-09-07,10,1.65,16.5,0
565865,23190,12637,2011-09-07,12,1.65,19.8,0
565865,23192,12637,2011-09-07,12,1.65,19.8,0
565865,23241,12637,2011-09-07,6,2.08,12.48,0
565865,23290,12637,2011-09-07,8,1.25,10.0,0
565865,23256,12637,2011-09-07,4,4.15,16.6,0
565865,23229,12637,2011-09-07,6,3.75,22.5,0
565865,22382,12637,2011-09-07,10,1.65,16.5,0
565865,22385,12637,2011-09-07,10,2.08,20.8,0
565865,22940,12637,2011-09-07,8,4.25,34.0,0
565865,22556,12637,2011-09-07,24,1.65,39.6,0
565865,22631,12637,2011-09-07,12,1.95,23.4,0
565865,22531,12637,2011-09-07,24,0.42,10.08,0
565865,22398,12637,2011-09-07,12,0.39,4.68,0
565865,22661,12637,2011-09-07,10,0.85,8.5,0
565865,22662,12637,2011-09-07,10,1.65,16.5,0
565865,22663,12637,2011-09-07,10,2.08,20.8,0
565865,22712,12637,2011-09-07,12,0.42,5.04,0
565865,23108,12637,2011-09-07,12,5.39,64.68,0
565865,23254,12637,2011-09-07,4,4.15,16.6,0
565865,23291,12637,2011-09-07,8,1.25,10.0,0
565865,23345,12637,2011-09-07,12,1.25,15.0,0
565865,23289,12637,2011-09-07,8,1.25,10.0,0
565865,22492,12637,2011-09-07,36,0.65,23.4,0
565865,22750,12637,2011-09-07,8,3.75,30.0,0
565865,22659,12637,2011-09-07,12,1.95,23.4,0
565865,23347,12637,2011-09-07,12,1.25,15.0,0
565865,23238,12637,2011-09-07,6,4.15,24.9,0
565865,22384,12637,2011-09-07,10,1.65,16.5,0
565865,22356,12637,2011-09-07,10,0.85,8.5,0
565865,23173,12637,2011-09-07,2,9.95,19.9,0
565865,23170,12637,2011-09-07,12,1.65,19.8,0
565865,22174,12637,2011-09-07,12,1.65,19.8,0
565865,22727,12637,2011-09-07,12,3.75,45.0,0
565865,22728,12637,2011-09-07,12,3.75,45.0,0
565865,22726,12637,2011-09-07,12,3.75,45.0,0
565865,22729,12637,2011-09-07,8,3.75,30.0,0
565865,22730,12637,2011-09-07,8,3.75,30.0,0
565865,84692,12637,2011-09-07,25,0.42,10.5,0
565865,20750,12637,2011-09-07,6,7.95,47.7,0
565865,20682,12637,2011-09-07,12,3.25,39.0,0
565865,20724,12637,2011-09-07,10,0.85,8.5,0
565865,21094,12637,2011-09-07,12,0.85,10.2,0
565865,21080,12637,2011-09-07,12,0.85,10.2,0
565865,20979,12637,2011-09-07,16,1.25,20.0,0
565865,21086,12637,2011-09-07,12,0.65,7.8,0
565865,21880,12637,2011-09-07,12,0.65,7.8,0
565865,22321,12637,2011-09-07,12,0.85,10.2,0
565865,22352,12637,2011-09-07,6,2.55,15.3,0
565865,21558,12637,2011-09-07,6,2.55,15.3,0
565865,22029,12637,2011-09-07,12,0.42,5.04,0
565865,23209,12637,2011-09-07,10,1.65,16.5,0
565865,22326,12637,2011-09-07,6,2.95,17.7,0
565865,22554,12637,2011-09-07,12,1.65,19.8,0
565865,21680,12637,2011-09-07,12,0.85,10.2,0
565930,22559,12685,2011-09-08,12,1.25,15.0,0
565930,22748,12685,2011-09-08,6,2.1,12.6,0
565930,22745,12685,2011-09-08,6,2.1,12.6,0
565930,20819,12685,2011-09-08,4,3.75,15.0,0
565930,20979,12685,2011-09-08,16,1.25,20.0,0
565930,22174,12685,2011-09-08,12,1.65,19.8,0
565930,20712,12685,2011-09-08,10,2.08,20.8,0
565930,22118,12685,2011-09-08,3,4.95,14.85,0
565930,22727,12685,2011-09-08,4,3.75,15.0,0
565930,22729,12685,2011-09-08,4,3.75,15.0,0
565930,22726,12685,2011-09-08,4,3.75,15.0,0
565930,22386,12685,2011-09-08,10,2.08,20.8,0
565930,22728,12685,2011-09-08,4,3.75,15.0,0
565930,22966,12685,2011-09-08,12,1.25,15.0,0
565930,22930,12685,2011-09-08,6,2.55,15.3,0
565930,23242,12685,2011-09-08,6,2.08,12.48,0
565930,22617,12685,2011-09-08,3,4.95,14.85,0
565930,23241,12685,2011-09-08,6,2.08,12.48,0
565930,23296,12685,2011-09-08,8,1.25,10.0,0
565930,POST,12685,2011-09-08,5,18.0,90.0,0
565930,20866,12685,2011-09-08,12,1.25,15.0,0
565930,23280,12685,2011-09-08,12,0.83,9.96,0
565930,84509B,12685,2011-09-08,4,3.75,15.0,0
565930,23159,12685,2011-09-08,12,2.08,24.96,0
565930,35970,12685,2011-09-08,12,1.69,20.28,0
565930,16169E,12685,2011-09-08,25,0.42,10.5,0
565930,23213,12685,2011-09-08,12,1.25,15.0,0
565930,23264,12685,2011-09-08,12,1.25,15.0,0
565930,23268,12685,2011-09-08,12,1.45,17.4,0
565930,22571,12685,2011-09-08,12,0.85,10.2,0
565930,22572,12685,2011-09-08,12,0.85,10.2,0
565930,22940,12685,2011-09-08,4,4.25,17.0,0
565930,22601,12685,2011-09-08,12,0.85,10.2,0
565930,22142,12685,2011-09-08,12,1.45,17.4,0
565930,22732,12685,2011-09-08,18,1.25,22.5,0
565930,40001,12685,2011-09-08,12,0.85,10.2,0
565930,21791,12685,2011-09-08,12,1.25,15.0,0
565930,23295,12685,2011-09-08,8,0.83,6.64,0
565930,23293,12685,2011-09-08,8,0.83,6.64,0
565930,23285,12685,2011-09-08,8,0.85,6.8,0
565930,22138,12685,2011-09-08,3,4.95,14.85,0
565930,22955,12685,2011-09-08,6,2.1,12.6,0
565930,22956,12685,2011-09-08,6,2.1,12.6,0
565930,22333,12685,2011-09-08,8,1.65,13.2,0
565930,22331,12685,2011-09-08,8,1.65,13.2,0
565930,21380,12685,2011-09-08,6,2.95,17.7,0
565930,84692,12685,2011-09-08,25,0.42,10.5,0
565930,22434,12685,2011-09-08,8,1.95,15.6,0
565930,22029,12685,2011-09-08,12,0.42,5.04,0
565930,22554,12685,2011-09-08,12,1.65,19.8,0
565930,22110,12685,2011-09-08,6,2.55,15.3,0
565930,22372,12685,2011-09-08,4,4.25,17.0,0
565930,22551,12685,2011-09-08,12,1.65,19.8,0
565930,21485,12685,2011-09-08,3,4.95,14.85,0
565930,84086C,12685,2011-09-08,6,2.95,17.7,0
565930,23076,12685,2011-09-08,24,1.25,30.0,0
565930,21706,12685,2011-09-08,4,4.95,19.8,0
565930,21710,12685,2011-09-08,4,4.95,19.8,0
565930,23320,12685,2011-09-08,12,2.89,34.68,0
565930,22027,12685,2011-09-08,24,0.42,10.08,0
565930,21509,12685,2011-09-08,24,0.42,10.08,0
565930,22024,12685,2011-09-08,24,0.42,10.08,0
565930,22810,12685,2011-09-08,12,2.95,35.4,0
565930,22037,12685,2011-09-08,24,0.42,10.08,0
565931,23194,12683,2011-09-08,8,2.25,18.0,0
565931,21715,12683,2011-09-08,8,2.55,20.4,0
565931,23241,12683,2011-09-08,6,2.08,12.48,0
565931,23345,12683,2011-09-08,12,1.25,15.0,0
565931,21242,12683,2011-09-08,8,1.69,13.52,0
565931,23346,12683,2011-09-08,12,1.25,15.0,0
565931,20676,12683,2011-09-08,8,1.25,10.0,0
565931,23289,12683,2011-09-08,8,1.25,10.0,0
565931,23290,12683,2011-09-08,8,1.25,10.0,0
565931,22558,12683,2011-09-08,12,1.65,19.8,0
565931,22632,12683,2011-09-08,12,2.1,25.2,0
565931,23205,12683,2011-09-08,10,0.85,8.5,0
565931,21481,12683,2011-09-08,4,3.75,15.0,0
565931,20685,12683,2011-09-08,4,8.25,33.0,0
565931,22960,12683,2011-09-08,6,4.25,25.5,0
565931,21407,12683,2011-09-08,3,4.25,12.75,0
565931,22181,12683,2011-09-08,12,0.85,10.2,0
565931,22629,12683,2011-09-08,12,1.95,23.4,0
565931,22630,12683,2011-09-08,12,1.95,23.4,0
565931,22551,12683,2011-09-08,12,1.65,19.8,0
565931,23377,12683,2011-09-08,24,0.39,9.36,0
565931,23176,12683,2011-09-08,8,2.25,18.0,0
565931,POST,12683,2011-09-08,2,18.0,36.0,0
566074,22624,12535,2011-09-09,2,8.5,17.0,0
566074,22138,12535,2011-09-09,6,4.95,29.7,0
566074,90184C,12535,2011-09-09,4,8.95,35.8,0
566074,21155,12535,2011-09-09,12,2.55,30.6,0
566074,22558,12535,2011-09-09,12,1.65,19.8,0
566074,22112,12535,2011-09-09,3,4.95,14.85,0
566074,22111,12535,2011-09-09,6,4.95,29.7,0
566074,23398,12535,2011-09-09,24,0.85,20.4,0
566074,23395,12535,2011-09-09,4,3.75,15.0,0
566074,23396,12535,2011-09-09,4,3.75,15.0,0
566074,23393,12535,2011-09-09,4,3.75,15.0,0
566074,46000S,12535,2011-09-09,12,1.45,17.4,0
566074,22626,12535,2011-09-09,2,8.5,17.0,0
566074,22625,12535,2011-09-09,2,8.5,17.0,0
566074,21485,12535,2011-09-09,3,4.95,14.85,0
566074,90184B,12535,2011-09-09,4,8.95,35.8,0
566115,POST,12674,2011-09-09,1,18.0,18.0,0
566115,23119,12674,2011-09-09,12,0.62,7.44,0
566115,23076,12674,2011-09-09,24,1.25,30.0,0
566115,23290,12674,2011-09-09,8,1.25,10.0,0
566115,22614,12674,2011-09-09,24,0.29,6.96,0
566115,23381,12674,2011-09-09,24,0.39,9.36,0
566115,23237,12674,2011-09-09,6,4.15,24.9,0
566115,22753,12674,2011-09-09,12,0.85,10.2,0
566115,22449,12674,2011-09-09,6,3.35,20.1,0
566115,21981,12674,2011-09-09,24,0.29,6.96,0
566115,20981,12674,2011-09-09,12,0.85,10.2,0
566115,21680,12674,2011-09-09,12,0.85,10.2,0
566115,22326,12674,2011-09-09,12,2.95,35.4,0
566115,22418,12674,2011-09-09,48,0.85,40.8,0
566115,22029,12674,2011-09-09,12,0.42,5.04,0
566115,22712,12674,2011-09-09,12,0.42,5.04,0
566115,22727,12674,2011-09-09,8,3.75,30.0,0
566115,22726,12674,2011-09-09,8,3.75,30.0,0
566115,22728,12674,2011-09-09,4,3.75,15.0,0
566115,23254,12674,2011-09-09,8,4.15,33.2,0
566115,84997D,12674,2011-09-09,8,4.15,33.2,0
566115,23256,12674,2011-09-09,8,4.15,33.2,0
566163,22661,12637,2011-09-09,10,0.85,8.5,0
566163,22662,12637,2011-09-09,10,1.65,16.5,0
566163,22663,12637,2011-09-09,10,2.08,20.8,0
566163,22712,12637,2011-09-09,12,0.42,5.04,0
566163,23108,12637,2011-09-09,12,5.39,64.68,0
566163,23254,12637,2011-09-09,4,4.15,16.6,0
566163,23291,12637,2011-09-09,8,1.25,10.0,0
566163,23345,12637,2011-09-09,12,1.25,15.0,0
566163,23289,12637,2011-09-09,8,1.25,10.0,0
566163,22492,12637,2011-09-09,36,0.65,23.4,0
566163,22750,12637,2011-09-09,8,3.75,30.0,0
566163,22659,12637,2011-09-09,12,1.95,23.4,0
566163,23347,12637,2011-09-09,12,1.25,15.0,0
566163,23238,12637,2011-09-09,6,4.15,24.9,0
566163,22384,12637,2011-09-09,10,1.65,16.5,0
566163,22356,12637,2011-09-09,10,0.85,8.5,0
566163,23173,12637,2011-09-09,2,9.95,19.9,0
566163,23170,12637,2011-09-09,12,1.65,19.8,0
566163,22174,12637,2011-09-09,12,1.65,19.8,0
566163,22727,12637,2011-09-09,12,3.75,45.0,0
566163,22728,12637,2011-09-09,12,3.75,45.0,0
566163,22726,12637,2011-09-09,12,3.75,45.0,0
566163,22729,12637,2011-09-09,8,3.75,30.0,0
566163,22730,12637,2011-09-09,8,3.75,30.0,0
566163,84692,12637,2011-09-09,25,0.42,10.5,0
566163,20750,12637,2011-09-09,6,7.95,47.7,0
566163,20682,12637,2011-09-09,12,3.25,39.0,0
566163,20724,12637,2011-09-09,10,0.85,8.5,0
566163,21094,12637,2011-09-09,12,0.85,10.2,0
566163,21080,12637,2011-09-09,12,0.85,10.2,0
566163,20979,12637,2011-09-09,16,1.25,20.0,0
566163,21086,12637,2011-09-09,12,0.65,7.8,0
566163,21880,12637,2011-09-09,12,0.65,7.8,0
566163,22321,12637,2011-09-09,12,0.85,10.2,0
566163,22352,12637,2011-09-09,6,2.55,15.3,0
566163,21558,12637,2011-09-09,6,2.55,15.3,0
566163,22029,12637,2011-09-09,12,0.42,5.04,0
566163,23209,12637,2011-09-09,10,1.65,16.5,0
566163,22326,12637,2011-09-09,6,2.95,17.7,0
566163,22554,12637,2011-09-09,12,1.65,19.8,0
566163,21680,12637,2011-09-09,12,0.85,10.2,0
566163,23200,12637,2011-09-09,10,2.08,20.8,0
566163,22302,12637,2011-09-09,6,2.55,15.3,0
566163,22303,12637,2011-09-09,6,2.55,15.3,0
566163,23199,12637,2011-09-09,10,2.08,20.8,0
566163,23204,12637,2011-09-09,10,0.85,8.5,0
566163,23206,12637,2011-09-09,10,1.65,16.5,0
566163,22752,12637,2011-09-09,2,8.5,17.0,0
566163,23201,12637,2011-09-09,10,2.08,20.8,0
566163,21329,12637,2011-09-09,12,1.65,19.8,0
566163,21328,12637,2011-09-09,12,1.65,19.8,0
566163,22551,12637,2011-09-09,12,1.65,19.8,0
566163,23205,12637,2011-09-09,10,0.85,8.5,0
566163,23207,12637,2011-09-09,10,1.65,16.5,0
566163,23190,12637,2011-09-09,12,1.65,19.8,0
566163,23192,12637,2011-09-09,12,1.65,19.8,0
566163,23241,12637,2011-09-09,6,2.08,12.48,0
566163,23290,12637,2011-09-09,8,1.25,10.0,0
566163,23256,12637,2011-09-09,4,4.15,16.6,0
566163,23229,12637,2011-09-09,6,3.75,22.5,0
566163,22382,12637,2011-09-09,10,1.65,16.5,0
566163,22385,12637,2011-09-09,10,2.08,20.8,0
566163,22940,12637,2011-09-09,8,4.25,34.0,0
566163,22556,12637,2011-09-09,24,1.65,39.6,0
566163,22631,12637,2011-09-09,12,1.95,23.4,0
566163,22531,12637,2011-09-09,24,0.42,10.08,0
566163,22398,12637,2011-09-09,12,0.39,4.68,0
566256,22730,12680,2011-09-11,4,3.75,15.0,0
566256,22726,12680,2011-09-11,4,3.75,15.0,0
566256,20682,12680,2011-09-11,6,3.25,19.5,0
566256,37495,12680,2011-09-11,4,3.75,15.0,0
566256,21208,12680,2011-09-11,12,0.39,4.68,0
566256,20751,12680,2011-09-11,12,2.1,25.2,0
566256,POST,12680,2011-09-11,1,18.0,18.0,0
566492,POST,12679,2011-09-13,1,18.0,18.0,0
566492,21232,12679,2011-09-13,72,1.06,76.32,0
566736,22704,12726,2011-09-14,25,0.42,10.5,0
566736,21498,12726,2011-09-14,25,0.42,10.5,0
566736,22964,12726,2011-09-14,6,2.1,12.6,0
566736,21883,12726,2011-09-14,12,0.65,7.8,0
566736,22082,12726,2011-09-14,10,1.65,16.5,0
566736,22080,12726,2011-09-14,10,1.65,16.5,0
566736,22529,12726,2011-09-14,24,0.42,10.08,0
566736,22535,12726,2011-09-14,24,0.42,10.08,0
566736,21988,12726,2011-09-14,24,0.85,20.4,0
566736,21094,12726,2011-09-14,24,0.85,20.4,0
566736,22437,12726,2011-09-14,20,0.85,17.0,0
566736,85175,12726,2011-09-14,16,0.42,6.72,0
566736,21080,12726,2011-09-14,24,0.85,20.4,0
566736,21679,12726,2011-09-14,24,0.85,20.4,0
566736,21987,12726,2011-09-14,24,0.65,15.6,0
566736,21086,12726,2011-09-14,24,0.65,15.6,0
566736,21207,12726,2011-09-14,24,1.65,39.6,0
566736,22908,12726,2011-09-14,24,0.85,20.4,0
566736,22531,12726,2011-09-14,48,0.42,20.16,0
566736,22544,12726,2011-09-14,24,0.42,10.08,0
566736,POST,12726,2011-09-14,2,18.0,36.0,0
566816,22662,12731,2011-09-15,20,1.65,33.0,0
566816,23346,12731,2011-09-15,24,1.25,30.0,0
566816,23008,12731,2011-09-15,12,14.95,179.4,0
566816,22629,12731,2011-09-15,24,1.95,46.8,0
566816,23007,12731,2011-09-15,12,14.95,179.4,0
566816,23009,12731,2011-09-15,6,14.95,89.7,0
566816,22423,12731,2011-09-15,16,10.95,175.2,0
566816,23171,12731,2011-09-15,24,1.65,39.6,0
566816,23170,12731,2011-09-15,48,1.45,69.6,0
566816,22971,12731,2011-09-15,24,2.55,61.2,0
566816,21915,12731,2011-09-15,48,1.25,60.0,0
566816,21914,12731,2011-09-15,48,1.25,60.0,0
566816,22492,12731,2011-09-15,36,0.65,23.4,0
566816,22367,12731,2011-09-15,24,1.95,46.8,0
566816,22899,12731,2011-09-15,24,2.1,50.4,0
566816,20725,12731,2011-09-15,20,1.65,33.0,0
566816,22382,12731,2011-09-15,20,1.65,33.0,0
566816,21524,12731,2011-09-15,10,7.08,70.8,0
566816,48138,12731,2011-09-15,10,7.08,70.8,0
566816,22688,12731,2011-09-15,10,7.08,70.8,0
566816,22690,12731,2011-09-15,10,7.08,70.8,0
566816,23349,12731,2011-09-15,24,1.25,30.0,0
566816,23352,12731,2011-09-15,24,1.25,30.0,0
566816,84029G,12731,2011-09-15,12,4.25,51.0,0
566816,84029E,12731,2011-09-15,24,3.75,90.0,0
566816,21479,12731,2011-09-15,12,4.25,51.0,0
566816,21481,12731,2011-09-15,36,3.39,122.04,0
566816,84879,12731,2011-09-15,160,1.45,232.0,0
566816,23222,12731,2011-09-15,144,0.72,103.68,0
566816,23224,12731,2011-09-15,144,0.72,103.68,0
566816,20685,12731,2011-09-15,10,7.08,70.8,0
566873,21731,12682,2011-09-15,24,1.65,39.6,0
566873,20682,12682,2011-09-15,6,3.25,19.5,0
566873,23389,12682,2011-09-15,4,4.15,16.6,0
566873,23390,12682,2011-09-15,4,4.15,16.6,0
566873,23391,12682,2011-09-15,4,4.15,16.6,0
566873,23388,12682,2011-09-15,4,4.15,16.6,0
566873,22029,12682,2011-09-15,12,0.42,5.04,0
566873,22631,12682,2011-09-15,12,1.95,23.4,0
566873,22630,12682,2011-09-15,12,1.95,23.4,0
566873,21212,12682,2011-09-15,24,0.55,13.2,0
566873,21086,12682,2011-09-15,12,0.65,7.8,0
566873,22027,12682,2011-09-15,12,0.42,5.04,0
566873,20725,12682,2011-09-15,10,1.65,16.5,0
566873,21080,12682,2011-09-15,12,0.85,10.2,0
566873,21094,12682,2011-09-15,12,0.85,10.2,0
566918,POST,12722,2011-09-15,1,18.0,18.0,0
566918,35599B,12722,2011-09-15,2,8.49,16.98,0
566918,48194,12722,2011-09-15,4,8.25,33.0,0
C566960,22634,12616,2011-09-15,-3,9.95,-29.85,1
C567091,22960,12513,2011-09-16,-6,4.25,-25.5,1
567191,23388,12562,2011-09-19,4,4.15,16.6,0
567191,23389,12562,2011-09-19,4,4.15,16.6,0
567191,23390,12562,2011-09-19,4,4.15,16.6,0
567191,21394,12562,2011-09-19,36,0.39,14.04,0
567191,22355,12562,2011-09-19,10,0.85,8.5,0
567191,22661,12562,2011-09-19,10,0.85,8.5,0
567191,23287,12562,2011-09-19,16,0.85,13.6,0
567191,23286,12562,2011-09-19,8,0.85,6.8,0
567191,21731,12562,2011-09-19,12,1.65,19.8,0
567191,22466,12562,2011-09-19,12,1.95,23.4,0
567191,79191C,12562,2011-09-19,12,0.85,10.2,0
567191,20725,12562,2011-09-19,10,1.65,16.5,0
567191,22382,12562,2011-09-19,10,1.65,16.5,0
567191,22383,12562,2011-09-19,10,1.65,16.5,0
567191,22629,12562,2011-09-19,12,1.95,23.4,0
567191,22630,12562,2011-09-19,12,1.95,23.4,0
567191,22384,12562,2011-09-19,10,1.65,16.5,0
567191,23206,12562,2011-09-19,10,1.65,16.5,0
567191,23209,12562,2011-09-19,20,1.65,33.0,0
567191,21452,12562,2011-09-19,6,2.95,17.7,0
567191,POST,12562,2011-09-19,3,18.0,54.0,0
567293,21535,12640,2011-09-19,6,2.55,15.3,0
567293,21531,12640,2011-09-19,6,2.55,15.3,0
567293,22072,12640,2011-09-19,4,3.75,15.0,0
567293,22348,12640,2011-09-19,12,0.85,10.2,0
567293,23174,12640,2011-09-19,4,4.15,16.6,0
567293,23175,12640,2011-09-19,4,3.25,13.0,0
567293,22847,12640,2011-09-19,2,16.95,33.9,0
567293,22645,12640,2011-09-19,12,1.45,17.4,0
567293,21703,12640,2011-09-19,12,0.42,5.04,0
567293,21889,12640,2011-09-19,12,1.25,15.0,0
567293,21890,12640,2011-09-19,6,3.25,19.5,0
567293,21891,12640,2011-09-19,12,1.45,17.4,0
567293,22619,12640,2011-09-19,4,3.75,15.0,0
567293,23101,12640,2011-09-19,12,0.83,9.96,0
567293,22961,12640,2011-09-19,12,1.45,17.4,0
567293,22727,12640,2011-09-19,4,3.75,15.0,0
567293,22730,12640,2011-09-19,4,3.75,15.0,0
567293,22726,12640,2011-09-19,4,3.75,15.0,0
567293,22192,12640,2011-09-19,2,8.5,17.0,0
567293,22191,12640,2011-09-19,2,8.5,17.0,0
567293,22193,12640,2011-09-19,2,8.5,17.0,0
567293,22467,12640,2011-09-19,6,2.55,15.3,0
567293,22423,12640,2011-09-19,3,12.75,38.25,0
567293,22697,12640,2011-09-19,6,2.95,17.7,0
567293,23160,12640,2011-09-19,12,1.25,15.0,0
567293,22698,12640,2011-09-19,6,2.95,17.7,0
567293,23161,12640,2011-09-19,12,1.25,15.0,0
567293,23164,12640,2011-09-19,4,4.95,19.8,0
567293,22699,12640,2011-09-19,6,2.95,17.7,0
567293,22624,12640,2011-09-19,2,8.5,17.0,0
567293,23319,12640,2011-09-19,6,2.49,14.94,0
567293,22785,12640,2011-09-19,2,6.75,13.5,0
567293,21622,12640,2011-09-19,4,4.95,19.8,0
567293,48138,12640,2011-09-19,2,8.25,16.5,0
567293,22207,12640,2011-09-19,4,4.25,17.0,0
567293,22377,12640,2011-09-19,5,2.1,10.5,0
567293,22379,12640,2011-09-19,5,2.1,10.5,0
567293,23343,12640,2011-09-19,10,2.08,20.8,0
567293,20749,12640,2011-09-19,2,7.95,15.9,0
567293,21485,12640,2011-09-19,3,4.95,14.85,0
567293,22111,12640,2011-09-19,3,4.95,14.85,0
567293,POST,12640,2011-09-19,5,18.0,90.0,0
567296,15056BL,12682,2011-09-19,6,5.95,35.7,0
567296,23427,12682,2011-09-19,2,12.5,25.0,0
567296,23433,12682,2011-09-19,12,0.83,9.96,0
567296,23397,12682,2011-09-19,2,9.95,19.9,0
567296,23411,12682,2011-09-19,6,4.95,29.7,0
567296,23445,12682,2011-09-19,20,0.83,16.6,0
567296,20725,12682,2011-09-19,20,1.65,33.0,0
567296,20726,12682,2011-09-19,10,1.65,16.5,0
567296,23296,12682,2011-09-19,8,1.25,10.0,0
567296,20750,12682,2011-09-19,4,7.95,31.8,0
567296,21210,12682,2011-09-19,12,1.45,17.4,0
567296,20749,12682,2011-09-19,2,7.95,15.9,0
567296,15056N,12682,2011-09-19,3,5.95,17.85,0
567296,22998,12682,2011-09-19,24,0.42,10.08,0
567296,23004,12682,2011-09-19,24,0.42,10.08,0
567296,22027,12682,2011-09-19,12,0.42,5.04,0
567296,23209,12682,2011-09-19,10,1.65,16.5,0
567296,POST,12682,2011-09-19,1,18.0,18.0,0
567300,22629,12724,2011-09-19,12,1.95,23.4,0
567300,22964,12724,2011-09-19,6,2.1,12.6,0
567300,23256,12724,2011-09-19,4,4.15,16.6,0
567300,22631,12724,2011-09-19,12,1.95,23.4,0
567300,23255,12724,2011-09-19,4,4.15,16.6,0
567300,22630,12724,2011-09-19,12,1.95,23.4,0
567300,23108,12724,2011-09-19,2,6.25,12.5,0
567300,23254,12724,2011-09-19,4,4.15,16.6,0
567300,22659,12724,2011-09-19,12,1.95,23.4,0
567300,23347,12724,2011-09-19,12,1.25,15.0,0
567300,23238,12724,2011-09-19,6,4.15,24.9,0
567300,84997D,12724,2011-09-19,4,4.15,16.6,0
567300,23346,12724,2011-09-19,12,1.25,15.0,0
567300,23237,12724,2011-09-19,12,4.15,49.8,0
567300,23240,12724,2011-09-19,6,4.15,24.9,0
567300,22121,12724,2011-09-19,3,5.95,17.85,0
567300,22326,12724,2011-09-19,6,2.95,17.7,0
567300,23445,12724,2011-09-19,20,0.83,16.6,0
567300,23388,12724,2011-09-19,4,4.15,16.6,0
567300,23391,12724,2011-09-19,4,4.15,16.6,0
567300,23389,12724,2011-09-19,4,4.15,16.6,0
567300,23392,12724,2011-09-19,6,2.08,12.48,0
567300,23390,12724,2011-09-19,4,4.15,16.6,0
567300,23559,12724,2011-09-19,6,2.08,12.48,0
567300,21561,12724,2011-09-19,6,2.55,15.3,0
567300,21559,12724,2011-09-19,6,2.55,15.3,0
567300,POST,12724,2011-09-19,3,18.0,54.0,0
567380,21262,12620,2011-09-20,6,2.95,17.7,0
567380,21394,12620,2011-09-20,48,0.39,18.72,0
567380,21845,12620,2011-09-20,36,0.79,28.44,0
567380,23187,12620,2011-09-20,48,0.29,13.92,0
567380,47504K,12620,2011-09-20,12,0.79,9.48,0
567380,22969,12620,2011-09-20,12,1.45,17.4,0
567380,21216,12620,2011-09-20,4,4.95,19.8,0
567380,85159B,12620,2011-09-20,12,1.95,23.4,0
567380,21217,12620,2011-09-20,1,9.95,9.95,0
567380,21533,12620,2011-09-20,6,4.95,29.7,0
567380,21535,12620,2011-09-20,12,2.55,30.6,0
567380,21531,12620,2011-09-20,12,2.55,30.6,0
567380,79190A,12620,2011-09-20,15,0.42,6.3,0
567380,79191C,12620,2011-09-20,12,0.85,10.2,0
567380,21579,12620,2011-09-20,6,2.25,13.5,0
567380,21039,12620,2011-09-20,6,2.55,15.3,0
567380,20724,12620,2011-09-20,10,0.85,8.5,0
567380,23204,12620,2011-09-20,10,0.85,8.5,0
567380,20728,12620,2011-09-20,10,1.65,16.5,0
567380,21539,12620,2011-09-20,3,4.95,14.85,0
567380,20674,12620,2011-09-20,8,1.25,10.0,0
567380,20677,12620,2011-09-20,8,1.25,10.0,0
567380,23288,12620,2011-09-20,8,0.85,6.8,0
567380,23574,12620,2011-09-20,1,7.5,7.5,0
567552,23169,12583,2011-09-21,6,4.15,24.9,0
567552,22326,12583,2011-09-21,12,2.95,35.4,0
567552,22492,12583,2011-09-21,72,0.65,46.8,0
567552,21039,12583,2011-09-21,6,2.55,15.3,0
567552,21210,12583,2011-09-21,12,1.45,17.4,0
567552,22659,12583,2011-09-21,12,1.95,23.4,0
567552,22726,12583,2011-09-21,8,3.75,30.0,0
567552,22727,12583,2011-09-21,12,3.75,45.0,0
567552,22728,12583,2011-09-21,8,3.75,30.0,0
567552,22333,12583,2011-09-21,16,1.65,26.4,0
567552,22466,12583,2011-09-21,12,1.95,23.4,0
567552,23328,12583,2011-09-21,4,3.75,15.0,0
567552,23388,12583,2011-09-21,4,4.15,16.6,0
567552,23389,12583,2011-09-21,4,4.15,16.6,0
567552,23390,12583,2011-09-21,4,4.15,16.6,0
567552,23373,12583,2011-09-21,10,0.82,8.2,0
567552,23374,12583,2011-09-21,20,0.82,16.4,0
567552,22991,12583,2011-09-21,12,1.95,23.4,0
567552,21731,12583,2011-09-21,12,1.65,19.8,0
567552,22778,12583,2011-09-21,4,3.95,15.8,0
567552,POST,12583,2011-09-21,3,18.0,54.0,0
567552,22197,12583,2011-09-21,24,0.85,20.4,0
567618,23388,12721,2011-09-21,4,4.15,16.6,0
567618,23390,12721,2011-09-21,4,4.15,16.6,0
567618,23389,12721,2011-09-21,4,4.15,16.6,0
567618,23445,12721,2011-09-21,20,0.83,16.6,0
567618,21915,12721,2011-09-21,12,1.25,15.0,0
567618,22663,12721,2011-09-21,10,2.08,20.8,0
567618,22385,12721,2011-09-21,10,2.08,20.8,0
567618,22045,12721,2011-09-21,25,0.42,10.5,0
567618,16156S,12721,2011-09-21,50,0.42,21.0,0
567618,22708,12721,2011-09-21,25,0.42,10.5,0
567618,21498,12721,2011-09-21,25,0.42,10.5,0
567618,22046,12721,2011-09-21,25,0.42,10.5,0
567618,22704,12721,2011-09-21,25,0.42,10.5,0
567618,22986,12721,2011-09-21,25,0.42,10.5,0
567618,23231,12721,2011-09-21,25,0.42,10.5,0
567618,16161P,12721,2011-09-21,25,0.42,10.5,0
567618,84992,12721,2011-09-21,24,0.55,13.2,0
567618,22417,12721,2011-09-21,24,0.55,13.2,0
567618,22951,12721,2011-09-21,24,0.55,13.2,0
567618,47599A,12721,2011-09-21,6,2.1,12.6,0
567618,20725,12721,2011-09-21,10,1.65,16.5,0
567618,22899,12721,2011-09-21,6,2.1,12.6,0
567618,22367,12721,2011-09-21,8,1.95,15.6,0
567618,POST,12721,2011-09-21,1,18.0,18.0,0
567640,22898,12604,2011-09-21,8,1.95,15.6,0
567640,47591D,12604,2011-09-21,8,1.95,15.6,0
567640,21880,12604,2011-09-21,24,0.65,15.6,0
567640,21156,12604,2011-09-21,8,1.95,15.6,0
567640,23293,12604,2011-09-21,8,0.83,6.64,0
567640,23295,12604,2011-09-21,8,0.83,6.64,0
567657,23231,12523,2011-09-21,25,0.42,10.5,0
567657,22866,12523,2011-09-21,12,2.1,25.2,0
567657,22776,12523,2011-09-21,1,9.95,9.95,0
567657,23147,12523,2011-09-21,12,1.45,17.4,0
567657,23241,12523,2011-09-21,6,2.08,12.48,0
567657,22192,12523,2011-09-21,2,8.5,17.0,0
567657,22625,12523,2011-09-21,2,8.5,17.0,0
567657,21539,12523,2011-09-21,3,4.95,14.85,0
567756,21976,12678,2011-09-22,48,0.55,26.4,0
567756,85053,12678,2011-09-22,12,2.1,25.2,0
567756,23293,12678,2011-09-22,56,0.83,46.48,0
567756,23295,12678,2011-09-22,56,0.83,46.48,0
567756,23294,12678,2011-09-22,56,0.83,46.48,0
567756,23296,12678,2011-09-22,40,1.25,50.0,0
567756,22893,12678,2011-09-22,120,0.42,50.4,0
567756,21977,12678,2011-09-22,48,0.55,26.4,0
567756,21212,12678,2011-09-22,48,0.55,26.4,0
567756,POST,12678,2011-09-22,3,18.0,54.0,0
567793,22894,12657,2011-09-22,2,9.95,19.9,0
567793,23204,12657,2011-09-22,10,0.85,8.5,0
567793,22625,12657,2011-09-22,2,8.5,17.0,0
567793,22627,12657,2011-09-22,2,8.5,17.0,0
567793,21212,12657,2011-09-22,24,0.55,13.2,0
567793,23309,12657,2011-09-22,24,0.55,13.2,0
567793,22697,12657,2011-09-22,6,2.95,17.7,0
567793,22423,12657,2011-09-22,2,12.75,25.5,0
567793,23174,12657,2011-09-22,4,4.15,16.6,0
567793,23175,12657,2011-09-22,4,3.25,13.0,0
567793,23163,12657,2011-09-22,8,2.49,19.92,0
567793,23171,12657,2011-09-22,12,1.65,19.8,0
567793,23169,12657,2011-09-22,6,4.15,24.9,0
567793,23209,12657,2011-09-22,10,1.65,16.5,0
567793,22710,12657,2011-09-22,25,0.42,10.5,0
567793,22971,12657,2011-09-22,36,2.1,75.6,0
567793,22988,12657,2011-09-22,12,1.25,15.0,0
567793,22900,12657,2011-09-22,6,3.25,19.5,0
567793,82484,12657,2011-09-22,2,7.95,15.9,0
567793,22485,12657,2011-09-22,2,12.75,25.5,0
567793,22784,12657,2011-09-22,3,4.95,14.85,0
567793,21326,12657,2011-09-22,12,0.65,7.8,0
567793,21174,12657,2011-09-22,12,2.08,24.96,0
567793,21166,12657,2011-09-22,12,2.08,24.96,0
567793,22721,12657,2011-09-22,3,4.95,14.85,0
567793,22897,12657,2011-09-22,10,1.45,14.5,0
567793,POST,12657,2011-09-22,4,18.0,72.0,0
567793,23173,12657,2011-09-22,4,9.95,39.8,0
567910,22435,12437,2011-09-22,24,1.25,30.0,0
567910,21124,12437,2011-09-22,24,1.25,30.0,0
567910,22090,12437,2011-09-22,12,2.95,35.4,0
567910,21989,12437,2011-09-22,24,0.85,20.4,0
567910,21213,12437,2011-09-22,24,0.55,13.2,0
567910,21987,12437,2011-09-22,24,0.65,15.6,0
567910,21988,12437,2011-09-22,12,0.85,10.2,0
567910,21122,12437,2011-09-22,24,1.25,30.0,0
567910,47566,12437,2011-09-22,4,4.95,19.8,0
567910,POST,12437,2011-09-22,1,18.0,18.0,0
567915,20749,12579,2011-09-22,2,7.95,15.9,0
567915,20750,12579,2011-09-22,2,7.95,15.9,0
567915,20665,12579,2011-09-22,6,2.95,17.7,0
567915,20866,12579,2011-09-22,12,1.25,15.0,0
567915,20686,12579,2011-09-22,6,3.25,19.5,0
567915,20682,12579,2011-09-22,6,3.25,19.5,0
567915,62018,12579,2011-09-22,6,1.95,11.7,0
567915,21581,12579,2011-09-22,6,2.25,13.5,0
567915,22661,12579,2011-09-22,10,0.85,8.5,0
567915,23204,12579,2011-09-22,10,0.85,8.5,0
567915,20719,12579,2011-09-22,10,0.85,8.5,0
567915,16156L,12579,2011-09-22,25,0.42,10.5,0
567915,16161P,12579,2011-09-22,25,0.42,10.5,0
567915,21495,12579,2011-09-22,25,0.42,10.5,0
567915,21498,12579,2011-09-22,25,0.42,10.5,0
567915,22526,12579,2011-09-22,1,12.75,12.75,0
567915,21746,12579,2011-09-22,12,1.25,15.0,0
567915,22432,12579,2011-09-22,6,1.95,11.7,0
567915,22423,12579,2011-09-22,1,12.75,12.75,0
567915,23289,12579,2011-09-22,8,1.25,10.0,0
567915,23290,12579,2011-09-22,8,1.25,10.0,0
567915,21244,12579,2011-09-22,8,1.69,13.52,0
567915,21240,12579,2011-09-22,8,0.85,6.8,0
567915,22551,12579,2011-09-22,12,1.65,19.8,0
567915,22554,12579,2011-09-22,12,1.65,19.8,0
567915,21563,12579,2011-09-22,6,2.95,17.7,0
567915,20977,12579,2011-09-22,16,1.25,20.0,0
567915,21715,12579,2011-09-22,8,2.55,20.4,0
567915,POST,12579,2011-09-22,3,18.0,54.0,0
C567916,POST,12579,2011-09-22,-1,18.0,-18.0,1
568040,21137,12681,2011-09-23,4,3.75,15.0,0
568040,23159,12681,2011-09-23,12,2.08,24.96,0
568040,22556,12681,2011-09-23,12,1.65,19.8,0
568040,22627,12681,2011-09-23,4,8.5,34.0,0
568040,23196,12681,2011-09-23,12,1.45,17.4,0
568040,20750,12681,2011-09-23,4,7.95,31.8,0
568040,22904,12681,2011-09-23,6,2.95,17.7,0
568040,22312,12681,2011-09-23,12,2.95,35.4,0
568040,20682,12681,2011-09-23,6,3.25,19.5,0
568040,22024,12681,2011-09-23,12,0.42,5.04,0
568040,22314,12681,2011-09-23,6,2.95,17.7,0
568040,84692,12681,2011-09-23,25,0.42,10.5,0
568040,22348,12681,2011-09-23,12,0.85,10.2,0
568040,21731,12681,2011-09-23,24,1.65,39.6,0
568040,23559,12681,2011-09-23,6,2.08,12.48,0
568040,22467,12681,2011-09-23,36,2.1,75.6,0
568040,22197,12681,2011-09-23,12,0.85,10.2,0
568040,21883,12681,2011-09-23,12,0.65,7.8,0
568040,22652,12681,2011-09-23,10,1.65,16.5,0
568040,22894,12681,2011-09-23,2,9.95,19.9,0
568040,21967,12681,2011-09-23,24,0.39,9.36,0
568040,22301,12681,2011-09-23,6,2.55,15.3,0
568040,22037,12681,2011-09-23,12,0.42,5.04,0
568040,22027,12681,2011-09-23,12,0.42,5.04,0
568040,23168,12681,2011-09-23,12,1.25,15.0,0
568040,22616,12681,2011-09-23,24,0.39,9.36,0
568040,22555,12681,2011-09-23,12,1.65,19.8,0
568040,21544,12681,2011-09-23,12,0.85,10.2,0
568040,23204,12681,2011-09-23,10,0.85,8.5,0
568040,21559,12681,2011-09-23,6,2.55,15.3,0
568040,23158,12681,2011-09-23,12,2.08,24.96,0
568040,22554,12681,2011-09-23,12,1.65,19.8,0
568040,23445,12681,2011-09-23,40,0.83,33.2,0
568040,21706,12681,2011-09-23,8,4.95,39.6,0
568040,21121,12681,2011-09-23,24,1.25,30.0,0
568040,20724,12681,2011-09-23,10,0.85,8.5,0
568040,22356,12681,2011-09-23,10,0.85,8.5,0
568040,POST,12681,2011-09-23,4,18.0,72.0,0
568137,22175,12488,2011-09-25,6,2.95,17.7,0
568137,22176,12488,2011-09-25,6,2.95,17.7,0
568137,22139,12488,2011-09-25,3,4.95,14.85,0
568137,22747,12488,2011-09-25,6,2.1,12.6,0
568137,22748,12488,2011-09-25,6,2.1,12.6,0
568137,22746,12488,2011-09-25,6,2.1,12.6,0
568137,22745,12488,2011-09-25,6,2.1,12.6,0
568137,21090,12488,2011-09-25,12,0.39,4.68,0
568137,21084,12488,2011-09-25,24,0.19,4.56,0
568137,21249,12488,2011-09-25,6,2.95,17.7,0
568137,20749,12488,2011-09-25,2,7.95,15.9,0
568137,20750,12488,2011-09-25,2,7.95,15.9,0
568137,21731,12488,2011-09-25,24,1.65,39.6,0
568137,22468,12488,2011-09-25,6,6.75,40.5,0
568137,22179,12488,2011-09-25,6,6.75,40.5,0
568137,23007,12488,2011-09-25,5,16.95,84.75,0
568137,21481,12488,2011-09-25,8,3.75,30.0,0
568137,22384,12488,2011-09-25,10,1.65,16.5,0
568137,22992,12488,2011-09-25,12,1.95,23.4,0
568137,23009,12488,2011-09-25,5,16.95,84.75,0
568137,22779,12488,2011-09-25,8,4.25,34.0,0
568176,23388,12685,2011-09-25,4,4.15,16.6,0
568176,23390,12685,2011-09-25,4,4.15,16.6,0
568176,23372,12685,2011-09-25,16,1.25,20.0,0
568176,85015,12685,2011-09-25,24,0.65,15.6,0
568176,22423,12685,2011-09-25,1,12.75,12.75,0
568176,21739,12685,2011-09-25,6,2.95,17.7,0
568176,23231,12685,2011-09-25,25,0.42,10.5,0
568176,22720,12685,2011-09-25,3,4.95,14.85,0
568176,22722,12685,2011-09-25,4,3.95,15.8,0
568176,22326,12685,2011-09-25,6,2.95,17.7,0
568176,23209,12685,2011-09-25,10,1.65,16.5,0
568176,22726,12685,2011-09-25,4,3.75,15.0,0
568176,22728,12685,2011-09-25,4,3.75,15.0,0
568176,POST,12685,2011-09-25,1,18.0,18.0,0
C568244,23169,12583,2011-09-26,-1,4.15,-4.15,1
C568244,22197,12583,2011-09-26,-13,0.85,-11.05,1
568518,22555,12680,2011-09-27,12,1.65,19.8,0
568518,22556,12680,2011-09-27,12,1.65,19.8,0
568518,22630,12680,2011-09-27,12,1.95,23.4,0
568518,22629,12680,2011-09-27,12,1.95,23.4,0
568518,22634,12680,2011-09-27,2,9.95,19.9,0
568518,22635,12680,2011-09-27,2,9.95,19.9,0
568518,22726,12680,2011-09-27,4,3.75,15.0,0
568518,22728,12680,2011-09-27,4,3.75,15.0,0
568518,22727,12680,2011-09-27,4,3.75,15.0,0
568518,POST,12680,2011-09-27,1,18.0,18.0,0
C568534,22432,12579,2011-09-27,-6,1.95,-11.7,1
C568557,22301,12681,2011-09-27,-4,2.55,-10.2,1
C568557,20682,12681,2011-09-27,-1,3.25,-3.25,1
568645,23108,12656,2011-09-28,2,6.25,12.5,0
568645,22383,12656,2011-09-28,10,1.65,16.5,0
568645,20712,12656,2011-09-28,10,2.08,20.8,0
568645,23200,12656,2011-09-28,10,2.08,20.8,0
568645,22663,12656,2011-09-28,10,2.08,20.8,0
568645,22385,12656,2011-09-28,10,2.08,20.8,0
568645,23203,12656,2011-09-28,10,2.08,20.8,0
568645,85099B,12656,2011-09-28,10,2.08,20.8,0
568645,22960,12656,2011-09-28,6,4.25,25.5,0
568645,22726,12656,2011-09-28,4,3.75,15.0,0
568645,22729,12656,2011-09-28,4,3.75,15.0,0
568645,22630,12656,2011-09-28,12,1.95,23.4,0
568645,22551,12656,2011-09-28,12,1.65,19.8,0
568645,22725,12656,2011-09-28,4,3.75,15.0,0
568645,22139,12656,2011-09-28,3,4.95,14.85,0
568645,22728,12656,2011-09-28,4,3.75,15.0,0
568645,22629,12656,2011-09-28,24,1.95,46.8,0
568645,22554,12656,2011-09-28,12,1.65,19.8,0
568645,23390,12656,2011-09-28,4,4.15,16.6,0
568645,23388,12656,2011-09-28,4,4.15,16.6,0
568645,22727,12656,2011-09-28,4,3.75,15.0,0
568645,20726,12656,2011-09-28,20,1.65,33.0,0
568645,22382,12656,2011-09-28,10,1.65,16.5,0
568645,23389,12656,2011-09-28,4,4.15,16.6,0
568645,22662,12656,2011-09-28,20,1.65,33.0,0
568645,20725,12656,2011-09-28,30,1.65,49.5,0
568645,23206,12656,2011-09-28,10,1.65,16.5,0
568645,21906,12656,2011-09-28,2,6.75,13.5,0
568645,POST,12656,2011-09-28,3,18.0,54.0,0
568798,23445,12615,2011-09-29,40,0.83,33.2,0
568798,23546,12615,2011-09-29,25,0.42,10.5,0
568798,23545,12615,2011-09-29,25,0.42,10.5,0
568798,23350,12615,2011-09-29,12,1.25,15.0,0
568798,23189,12615,2011-09-29,12,2.89,34.68,0
568798,21929,12615,2011-09-29,10,2.08,20.8,0
568798,20712,12615,2011-09-29,10,2.08,20.8,0
568798,85099B,12615,2011-09-29,10,2.08,20.8,0
568798,20749,12615,2011-09-29,2,7.95,15.9,0
568798,20750,12615,2011-09-29,2,7.95,15.9,0
568798,85014A,12615,2011-09-29,3,5.95,17.85,0
568798,85014B,12615,2011-09-29,3,5.95,17.85,0
568798,21481,12615,2011-09-29,6,2.95,17.7,0
568798,22111,12615,2011-09-29,3,4.95,14.85,0
568798,22961,12615,2011-09-29,12,1.45,17.4,0
568798,20725,12615,2011-09-29,10,1.65,16.5,0
568798,22352,12615,2011-09-29,6,2.55,15.3,0
568798,22629,12615,2011-09-29,12,1.95,23.4,0
568798,22630,12615,2011-09-29,12,1.95,23.4,0
568798,22349,12615,2011-09-29,6,3.75,22.5,0
568798,22350,12615,2011-09-29,6,2.55,15.3,0
568798,21731,12615,2011-09-29,12,1.65,19.8,0
568798,84077,12615,2011-09-29,48,0.29,13.92,0
568798,22312,12615,2011-09-29,6,2.95,17.7,0
568798,22314,12615,2011-09-29,6,2.95,17.7,0
568798,22992,12615,2011-09-29,12,1.95,23.4,0
568798,21915,12615,2011-09-29,12,1.25,15.0,0
568798,21914,12615,2011-09-29,12,1.25,15.0,0
568798,POST,12615,2011-09-29,3,18.0,54.0,0
568953,21242,12728,2011-09-29,16,1.69,27.04,0
568953,22467,12728,2011-09-29,6,2.55,15.3,0
568953,21535,12728,2011-09-29,6,2.55,15.3,0
568953,84086C,12728,2011-09-29,6,2.95,17.7,0
568953,22319,12728,2011-09-29,24,0.65,15.6,0
568953,22741,12728,2011-09-29,48,0.85,40.8,0
568953,23021,12728,2011-09-29,4,4.15,16.6,0
568953,22197,12728,2011-09-29,12,0.85,10.2,0
568953,22109,12728,2011-09-29,4,3.75,15.0,0
568953,22983,12728,2011-09-29,12,0.42,5.04,0
568953,22037,12728,2011-09-29,12,0.42,5.04,0
568953,22961,12728,2011-09-29,12,1.45,17.4,0
568953,POST,12728,2011-09-29,1,18.0,18.0,0
568988,23377,12718,2011-09-29,24,0.39,9.36,0
568988,22818,12718,2011-09-29,12,0.42,5.04,0
568988,22950,12718,2011-09-29,12,1.45,17.4,0
568988,22142,12718,2011-09-29,12,1.45,17.4,0
568988,22144,12718,2011-09-29,6,2.1,12.6,0
568988,22027,12718,2011-09-29,12,0.42,5.04,0
568988,22028,12718,2011-09-29,12,0.42,5.04,0
568988,22983,12718,2011-09-29,12,0.42,5.04,0
568988,22819,12718,2011-09-29,12,0.42,5.04,0
568988,85169D,12718,2011-09-29,12,1.25,15.0,0
568988,15056N,12718,2011-09-29,3,5.95,17.85,0
568988,23175,12718,2011-09-29,4,3.25,13.0,0
568988,21210,12718,2011-09-29,12,1.45,17.4,0
568988,22699,12718,2011-09-29,6,2.95,17.7,0
568988,23173,12718,2011-09-29,2,9.95,19.9,0
568988,22133,12718,2011-09-29,12,0.85,10.2,0
568988,21084,12718,2011-09-29,24,0.19,4.56,0
568988,21090,12718,2011-09-29,12,0.39,4.68,0
568988,POST,12718,2011-09-29,2,18.0,36.0,0
568994,20719,12598,2011-09-29,10,0.85,8.5,0
568994,23204,12598,2011-09-29,20,0.85,17.0,0
568994,20724,12598,2011-09-29,20,0.85,17.0,0
568994,22661,12598,2011-09-29,10,0.85,8.5,0
568994,22551,12598,2011-09-29,24,1.65,39.6,0
568994,22556,12598,2011-09-29,24,1.65,39.6,0
568994,22554,12598,2011-09-29,24,1.65,39.6,0
568994,22630,12598,2011-09-29,12,1.95,23.4,0
568994,23445,12598,2011-09-29,20,0.83,16.6,0
568994,23559,12598,2011-09-29,6,2.08,12.48,0
568994,23372,12598,2011-09-29,16,1.25,20.0,0
568994,23371,12598,2011-09-29,16,1.25,20.0,0
568994,22609,12598,2011-09-29,36,0.19,6.84,0
568994,22610,12598,2011-09-29,36,0.19,6.84,0
568994,23388,12598,2011-09-29,4,4.15,16.6,0
568994,23389,12598,2011-09-29,4,4.15,16.6,0
568994,23390,12598,2011-09-29,4,4.15,16.6,0
568994,POST,12598,2011-09-29,2,18.0,36.0,0
569097,23508,12731,2011-09-30,20,0.42,8.4,0
569097,23506,12731,2011-09-30,20,0.42,8.4,0
569097,23509,12731,2011-09-30,20,0.42,8.4,0
569097,23510,12731,2011-09-30,20,0.42,8.4,0
569097,23507,12731,2011-09-30,20,0.42,8.4,0
569097,23010,12731,2011-09-30,12,14.95,179.4,0
569097,20727,12731,2011-09-30,30,1.65,49.5,0
569097,20725,12731,2011-09-30,30,1.65,49.5,0
569097,22551,12731,2011-09-30,36,1.65,59.4,0
569097,22554,12731,2011-09-30,24,1.65,39.6,0
569097,22555,12731,2011-09-30,24,1.65,39.6,0
569097,22553,12731,2011-09-30,48,1.65,79.2,0
569097,21563,12731,2011-09-30,12,2.95,35.4,0
569097,20682,12731,2011-09-30,12,3.25,39.0,0
569097,22558,12731,2011-09-30,48,1.45,69.6,0
569097,22748,12731,2011-09-30,12,2.1,25.2,0
569097,22747,12731,2011-09-30,12,2.1,25.2,0
569097,22746,12731,2011-09-30,12,2.1,25.2,0
569097,22745,12731,2011-09-30,12,2.1,25.2,0
569097,21558,12731,2011-09-30,24,2.55,61.2,0
569097,22352,12731,2011-09-30,24,2.55,61.2,0
569097,21156,12731,2011-09-30,24,1.95,46.8,0
569097,22630,12731,2011-09-30,24,1.95,46.8,0
569097,22382,12731,2011-09-30,20,1.65,33.0,0
569097,22662,12731,2011-09-30,20,1.65,33.0,0
569097,10125,12731,2011-09-30,150,0.85,127.5,0
569120,23368,12583,2011-09-30,16,0.65,10.4,0
569120,23367,12583,2011-09-30,16,0.65,10.4,0
569120,23506,12583,2011-09-30,20,0.42,8.4,0
569120,23509,12583,2011-09-30,20,0.42,8.4,0
569120,22629,12583,2011-09-30,12,1.95,23.4,0
569120,21559,12583,2011-09-30,6,2.55,15.3,0
569120,21156,12583,2011-09-30,16,1.95,31.2,0
569120,20750,12583,2011-09-30,12,6.35,76.2,0
569120,22090,12583,2011-09-30,12,2.95,35.4,0
569120,23298,12583,2011-09-30,3,4.95,14.85,0
569120,22539,12583,2011-09-30,24,0.42,10.08,0
569120,POST,12583,2011-09-30,2,18.0,36.0,0
569120,23389,12583,2011-09-30,4,4.15,16.6,0
569120,22352,12583,2011-09-30,12,2.55,30.6,0
569122,21080,12694,2011-09-30,12,0.85,10.2,0
569122,22845,12694,2011-09-30,2,6.35,12.7,0
569122,22080,12694,2011-09-30,10,1.65,16.5,0
569122,22492,12694,2011-09-30,36,0.65,23.4,0
569122,21200,12694,2011-09-30,12,1.65,19.8,0
569122,22620,12694,2011-09-30,12,1.45,17.4,0
569122,21843,12694,2011-09-30,5,10.95,54.75,0
569122,22215,12694,2011-09-30,4,8.5,34.0,0
569122,22236,12694,2011-09-30,4,12.75,51.0,0
569122,22423,12694,2011-09-30,4,12.75,51.0,0
569122,22669,12694,2011-09-30,10,2.95,29.5,0
569122,23294,12694,2011-09-30,8,0.83,6.64,0
569122,23295,12694,2011-09-30,8,0.83,6.64,0
569122,23293,12694,2011-09-30,8,0.83,6.64,0
569122,21094,12694,2011-09-30,24,0.85,20.4,0
569122,21086,12694,2011-09-30,24,0.65,15.6,0
569122,POST,12694,2011-09-30,3,18.0,54.0,0
569332,POST,12637,2011-10-03,2,18.0,36.0,0
569332,23391,12637,2011-10-03,3,4.15,12.45,0
569332,23390,12637,2011-10-03,1,4.15,4.15,0
569332,23388,12637,2011-10-03,1,4.15,4.15,0
569332,22943,12637,2011-10-03,1,4.95,4.95,0
569332,20914,12637,2011-10-03,2,2.95,5.9,0
569332,23242,12637,2011-10-03,2,2.08,4.16,0
569332,23191,12637,2011-10-03,2,1.65,3.3,0
569332,23192,12637,2011-10-03,2,1.65,3.3,0
569332,23190,12637,2011-10-03,3,1.65,4.95,0
569332,21217,12637,2011-10-03,2,9.95,19.9,0
569332,22900,12637,2011-10-03,3,3.25,9.75,0
569332,22720,12637,2011-10-03,1,4.95,4.95,0
569332,23354,12637,2011-10-03,1,0.83,0.83,0
569332,23353,12637,2011-10-03,1,0.83,0.83,0
569332,23265,12637,2011-10-03,2,1.25,2.5,0
569332,22398,12637,2011-10-03,2,0.39,0.78,0
569332,22399,12637,2011-10-03,7,1.25,8.75,0
569332,22396,12637,2011-10-03,7,0.39,2.73,0
569332,23308,12637,2011-10-03,1,0.55,0.55,0
569332,23309,12637,2011-10-03,3,0.55,1.65,0
569332,22628,12637,2011-10-03,1,4.95,4.95,0
569332,23268,12637,2011-10-03,6,1.45,8.7,0
569332,84596B,12637,2011-10-03,4,0.42,1.68,0
569332,84596F,12637,2011-10-03,4,0.42,1.68,0
569332,22555,12637,2011-10-03,2,1.65,3.3,0
569332,22328,12637,2011-10-03,1,2.95,2.95,0
569332,22652,12637,2011-10-03,2,1.65,3.3,0
569332,23493,12637,2011-10-03,4,1.95,7.8,0
569332,22554,12637,2011-10-03,2,1.65,3.3,0
569332,22556,12637,2011-10-03,2,1.65,3.3,0
569332,22551,12637,2011-10-03,2,1.65,3.3,0
569332,22553,12637,2011-10-03,1,1.65,1.65,0
569332,22662,12637,2011-10-03,1,1.65,1.65,0
569332,23207,12637,2011-10-03,3,1.65,4.95,0
569332,22383,12637,2011-10-03,2,1.65,3.3,0
569332,23202,12637,2011-10-03,3,2.08,6.24,0
569332,23201,12637,2011-10-03,2,2.08,4.16,0
569332,20728,12637,2011-10-03,2,1.65,3.3,0
569332,23208,12637,2011-10-03,2,1.65,3.3,0
569332,20725,12637,2011-10-03,4,1.65,6.6,0
569332,20726,12637,2011-10-03,2,1.65,3.3,0
569332,22382,12637,2011-10-03,2,1.65,3.3,0
569332,20727,12637,2011-10-03,3,1.65,4.95,0
569332,23117,12637,2011-10-03,3,4.95,14.85,0
569332,23114,12637,2011-10-03,1,4.95,4.95,0
569332,23115,12637,2011-10-03,1,4.95,4.95,0
569332,23203,12637,2011-10-03,2,2.08,4.16,0
569332,23206,12637,2011-10-03,1,1.65,1.65,0
569332,23308,12637,2011-10-03,2,0.55,1.1,0
569332,22553,12637,2011-10-03,1,1.65,1.65,0
569332,22124,12637,2011-10-03,1,2.95,2.95,0
569332,21035,12637,2011-10-03,1,3.25,3.25,0
569332,20713,12637,2011-10-03,3,2.08,6.24,0
569332,22124,12637,2011-10-03,1,2.95,2.95,0
569332,85099B,12637,2011-10-03,2,2.08,4.16,0
569332,21930,12637,2011-10-03,3,2.08,6.24,0
569332,23209,12637,2011-10-03,2,1.65,3.3,0
569332,22629,12637,2011-10-03,1,1.95,1.95,0
569332,23241,12637,2011-10-03,1,2.08,2.08,0
569332,23244,12637,2011-10-03,6,1.95,11.7,0
569332,22326,12637,2011-10-03,2,2.95,5.9,0
569332,22328,12637,2011-10-03,1,2.95,2.95,0
569332,23199,12637,2011-10-03,2,2.08,4.16,0
569332,23206,12637,2011-10-03,1,1.65,1.65,0
569332,21035,12637,2011-10-03,1,3.25,3.25,0
569332,22631,12637,2011-10-03,1,1.95,1.95,0
569332,22629,12637,2011-10-03,1,1.95,1.95,0
569332,22138,12637,2011-10-03,3,4.95,14.85,0
569332,22659,12637,2011-10-03,1,1.95,1.95,0
569332,23242,12637,2011-10-03,1,2.08,2.08,0
569332,21039,12637,2011-10-03,1,2.55,2.55,0
569332,23202,12637,2011-10-03,1,2.08,2.08,0
569332,22383,12637,2011-10-03,1,1.65,1.65,0
569332,84050,12637,2011-10-03,1,1.65,1.65,0
569332,22385,12637,2011-10-03,1,2.08,2.08,0
569332,85099B,12637,2011-10-03,1,2.08,2.08,0
569402,23393,12413,2011-10-04,4,3.75,15.0,0
569402,23201,12413,2011-10-04,10,2.08,20.8,0
569402,85099B,12413,2011-10-04,10,2.08,20.8,0
569402,20724,12413,2011-10-04,10,0.85,8.5,0
569402,22356,12413,2011-10-04,10,0.85,8.5,0
569402,22457,12413,2011-10-04,6,2.95,17.7,0
569402,22326,12413,2011-10-04,12,2.95,35.4,0
569402,22555,12413,2011-10-04,12,1.65,19.8,0
569402,22138,12413,2011-10-04,6,4.95,29.7,0
569402,POST,12413,2011-10-04,1,18.0,18.0,0
569531,21621,12695,2011-10-04,2,8.5,17.0,0
569531,21922,12695,2011-10-04,2,7.95,15.9,0
569531,23355,12695,2011-10-04,8,4.95,39.6,0
569531,23301,12695,2011-10-04,12,1.65,19.8,0
569531,23284,12695,2011-10-04,10,7.08,70.8,0
569568,84535B,12700,2011-10-05,16,0.65,10.4,0
569568,23445,12700,2011-10-05,40,0.83,33.2,0
569568,22179,12700,2011-10-05,2,6.75,13.5,0
569568,22468,12700,2011-10-05,2,6.75,13.5,0
569568,23377,12700,2011-10-05,24,0.39,9.36,0
569568,23379,12700,2011-10-05,24,0.39,9.36,0
569568,23381,12700,2011-10-05,24,0.39,9.36,0
569568,23392,12700,2011-10-05,6,2.08,12.48,0
569568,23559,12700,2011-10-05,6,2.08,12.48,0
569568,23551,12700,2011-10-05,24,0.39,9.36,0
569568,22728,12700,2011-10-05,4,3.75,15.0,0
569568,20725,12700,2011-10-05,10,1.65,16.5,0
569568,22661,12700,2011-10-05,10,0.85,8.5,0
569568,16258A,12700,2011-10-05,36,0.42,15.12,0
569568,16048,12700,2011-10-05,24,0.12,2.88,0
569568,22561,12700,2011-10-05,12,1.65,19.8,0
569568,23196,12700,2011-10-05,12,1.45,17.4,0
569568,22393,12700,2011-10-05,6,2.55,15.3,0
569568,22299,12700,2011-10-05,24,1.25,30.0,0
569568,22989,12700,2011-10-05,6,3.25,19.5,0
569568,22895,12700,2011-10-05,6,3.25,19.5,0
569568,22990,12700,2011-10-05,2,4.95,9.9,0
569568,23065,12700,2011-10-05,2,12.5,25.0,0
569568,23066,12700,2011-10-05,2,8.25,16.5,0
569568,22026,12700,2011-10-05,12,0.42,5.04,0
569568,16236,12700,2011-10-05,28,0.21,5.88,0
569568,16238,12700,2011-10-05,28,0.21,5.88,0
569568,84879,12700,2011-10-05,8,1.69,13.52,0
569568,23191,12700,2011-10-05,12,1.65,19.8,0
569568,23192,12700,2011-10-05,12,1.65,19.8,0
569568,22729,12700,2011-10-05,4,3.75,15.0,0
569568,23204,12700,2011-10-05,20,0.85,17.0,0
569568,22382,12700,2011-10-05,10,1.65,16.5,0
569568,23205,12700,2011-10-05,10,0.85,8.5,0
569568,23202,12700,2011-10-05,10,2.08,20.8,0
569568,22328,12700,2011-10-05,6,2.95,17.7,0
569568,22326,12700,2011-10-05,6,2.95,17.7,0
569568,22423,12700,2011-10-05,2,12.75,25.5,0
569568,22973,12700,2011-10-05,12,1.65,19.8,0
569568,22974,12700,2011-10-05,12,1.65,19.8,0
569568,22972,12700,2011-10-05,12,1.65,19.8,0
569568,22698,12700,2011-10-05,6,2.95,17.7,0
569568,22697,12700,2011-10-05,6,2.95,17.7,0
569568,22977,12700,2011-10-05,12,1.25,15.0,0
569568,22976,12700,2011-10-05,12,1.25,15.0,0
569568,23255,12700,2011-10-05,4,4.15,16.6,0
569568,23254,12700,2011-10-05,4,4.15,16.6,0
569568,84997D,12700,2011-10-05,4,4.15,16.6,0
569568,22894,12700,2011-10-05,2,9.95,19.9,0
569568,23053,12700,2011-10-05,2,8.25,16.5,0
569568,23049,12700,2011-10-05,2,8.25,16.5,0
569568,23054,12700,2011-10-05,2,8.25,16.5,0
569568,23051,12700,2011-10-05,2,8.25,16.5,0
569568,22899,12700,2011-10-05,6,2.1,12.6,0
569568,47591D,12700,2011-10-05,8,1.95,15.6,0
569568,22730,12700,2011-10-05,4,3.75,15.0,0
569568,23206,12700,2011-10-05,10,1.65,16.5,0
569568,23199,12700,2011-10-05,10,2.08,20.8,0
569568,23237,12700,2011-10-05,6,4.15,24.9,0
569568,85099B,12700,2011-10-05,10,2.08,20.8,0
569568,22024,12700,2011-10-05,12,0.42,5.04,0
569568,22714,12700,2011-10-05,12,0.42,5.04,0
569568,20750,12700,2011-10-05,2,7.95,15.9,0
569568,23298,12700,2011-10-05,3,4.95,14.85,0
569568,47566,12700,2011-10-05,4,4.95,19.8,0
569568,21429,12700,2011-10-05,8,1.95,15.6,0
569568,23077,12700,2011-10-05,20,1.25,25.0,0
569568,22551,12700,2011-10-05,12,1.65,19.8,0
569568,22556,12700,2011-10-05,12,1.65,19.8,0
569568,23292,12700,2011-10-05,8,1.25,10.0,0
569568,23291,12700,2011-10-05,8,1.25,10.0,0
569568,21915,12700,2011-10-05,12,1.25,15.0,0
569568,22619,12700,2011-10-05,4,3.75,15.0,0
569568,22637,12700,2011-10-05,4,2.55,10.2,0
569568,84536A,12700,2011-10-05,16,0.42,6.72,0
569568,22726,12700,2011-10-05,4,3.75,15.0,0
569568,22629,12700,2011-10-05,12,1.95,23.4,0
569568,22659,12700,2011-10-05,12,1.95,23.4,0
569568,22630,12700,2011-10-05,12,1.95,23.4,0
569568,21558,12700,2011-10-05,6,2.55,15.3,0
569568,21559,12700,2011-10-05,6,2.55,15.3,0
569568,21561,12700,2011-10-05,6,2.55,15.3,0
569568,84536B,12700,2011-10-05,16,0.42,6.72,0
569568,22727,12700,2011-10-05,8,3.75,30.0,0
569568,22352,12700,2011-10-05,6,2.55,15.3,0
569568,20723,12700,2011-10-05,10,0.85,8.5,0
569568,22725,12700,2011-10-05,4,3.75,15.0,0
569568,22964,12700,2011-10-05,6,2.1,12.6,0
569568,POST,12700,2011-10-05,5,18.0,90.0,0
569686,23309,12719,2011-10-05,24,0.55,13.2,0
569686,22358,12719,2011-10-05,6,2.95,17.7,0
569686,22993,12719,2011-10-05,12,1.25,15.0,0
569686,23162,12719,2011-10-05,4,3.75,15.0,0
569686,22970,12719,2011-10-05,6,2.55,15.3,0
569686,22971,12719,2011-10-05,6,2.55,15.3,0
569686,21790,12719,2011-10-05,12,0.85,10.2,0
569686,72741,12719,2011-10-05,9,1.45,13.05,0
569686,90201C,12719,2011-10-05,6,2.95,17.7,0
569686,90201B,12719,2011-10-05,6,2.95,17.7,0
569686,23365,12719,2011-10-05,16,0.65,10.4,0
569686,23368,12719,2011-10-05,16,0.65,10.4,0
569686,23391,12719,2011-10-05,4,4.15,16.6,0
569686,22111,12719,2011-10-05,3,4.95,14.85,0
569686,23341,12719,2011-10-05,2,8.5,17.0,0
569686,21977,12719,2011-10-05,24,0.55,13.2,0
569686,22619,12719,2011-10-05,4,3.75,15.0,0
569686,POST,12719,2011-10-05,2,18.0,36.0,0
569699,23415,12723,2011-10-05,1,1.65,1.65,0
569699,22970,12723,2011-10-05,6,2.55,15.3,0
569699,22971,12723,2011-10-05,6,2.55,15.3,0
569699,22659,12723,2011-10-05,3,1.95,5.85,0
569699,22630,12723,2011-10-05,2,1.95,3.9,0
569699,22809,12723,2011-10-05,2,2.95,5.9,0
569699,21470,12723,2011-10-05,1,3.75,3.75,0
569699,21471,12723,2011-10-05,1,3.75,3.75,0
569699,21469,12723,2011-10-05,1,3.75,3.75,0
569699,23346,12723,2011-10-05,2,1.25,2.5,0
569699,23347,12723,2011-10-05,3,1.25,3.75,0
569699,22750,12723,2011-10-05,1,3.75,3.75,0
569699,22751,12723,2011-10-05,1,3.75,3.75,0
569699,21621,12723,2011-10-05,1,8.5,8.5,0
569699,22940,12723,2011-10-05,2,4.25,8.5,0
569699,22115,12723,2011-10-05,4,0.79,3.16,0
569699,21843,12723,2011-10-05,1,10.95,10.95,0
569699,23009,12723,2011-10-05,3,16.95,50.85,0
569699,23504,12723,2011-10-05,3,1.25,3.75,0
569699,23505,12723,2011-10-05,3,1.25,3.75,0
569699,22023,12723,2011-10-05,12,0.42,5.04,0
569699,23501,12723,2011-10-05,10,1.25,12.5,0
569699,23367,12723,2011-10-05,4,0.65,2.6,0
569699,23365,12723,2011-10-05,4,0.65,2.6,0
569699,23369,12723,2011-10-05,2,1.25,2.5,0
569699,22716,12723,2011-10-05,12,0.42,5.04,0
569699,22037,12723,2011-10-05,12,0.42,5.04,0
569699,22718,12723,2011-10-05,12,0.42,5.04,0
569699,22027,12723,2011-10-05,12,0.42,5.04,0
569699,22713,12723,2011-10-05,24,0.42,10.08,0
569699,22911,12723,2011-10-05,3,2.95,8.85,0
569699,23319,12723,2011-10-05,2,2.49,4.98,0
569699,23318,12723,2011-10-05,2,2.49,4.98,0
569699,22616,12723,2011-10-05,24,0.39,9.36,0
569699,22900,12723,2011-10-05,6,3.25,19.5,0
569701,23009,12723,2011-10-05,2,16.95,33.9,0
569921,23427,12523,2011-10-06,1,12.5,12.5,0
569921,23395,12523,2011-10-06,4,3.75,15.0,0
569921,46000S,12523,2011-10-06,8,1.45,11.6,0
569921,23396,12523,2011-10-06,4,3.75,15.0,0
569921,23397,12523,2011-10-06,2,9.95,19.9,0
569921,23468,12523,2011-10-06,4,8.25,33.0,0
569921,23466,12523,2011-10-06,4,8.25,33.0,0
569921,22624,12523,2011-10-06,2,8.5,17.0,0
C569981,22312,12679,2011-10-06,-2,2.95,-5.9,1
C569981,22314,12679,2011-10-06,-2,2.95,-5.9,1
570020,22553,12684,2011-10-07,24,1.65,39.6,0
570020,20974,12684,2011-10-07,24,0.65,15.6,0
570020,22992,12684,2011-10-07,12,1.95,23.4,0
570020,21915,12684,2011-10-07,24,1.25,30.0,0
570020,22557,12684,2011-10-07,24,1.65,39.6,0
570020,22728,12684,2011-10-07,8,3.75,30.0,0
570020,22493,12684,2011-10-07,12,1.65,19.8,0
570020,21650,12684,2011-10-07,24,0.19,4.56,0
570020,21058,12684,2011-10-07,12,0.85,10.2,0
570020,22437,12684,2011-10-07,20,0.85,17.0,0
570020,POST,12684,2011-10-07,1,18.0,18.0,0
570030,21977,12740,2011-10-07,24,0.55,13.2,0
570030,22437,12740,2011-10-07,40,0.85,34.0,0
570030,22553,12740,2011-10-07,12,1.65,19.8,0
570030,22467,12740,2011-10-07,6,2.55,15.3,0
570030,22090,12740,2011-10-07,6,2.95,17.7,0
570030,21207,12740,2011-10-07,12,1.65,19.8,0
570030,22554,12740,2011-10-07,12,1.65,19.8,0
570030,22555,12740,2011-10-07,12,1.65,19.8,0
570030,20750,12740,2011-10-07,4,7.95,31.8,0
570030,22432,12740,2011-10-07,6,1.95,11.7,0
570030,22431,12740,2011-10-07,6,1.95,11.7,0
570030,22636,12740,2011-10-07,2,8.5,17.0,0
570030,23254,12740,2011-10-07,4,4.15,16.6,0
570030,23256,12740,2011-10-07,4,4.15,16.6,0
570030,23255,12740,2011-10-07,4,4.15,16.6,0
570030,20979,12740,2011-10-07,16,1.25,20.0,0
570030,20977,12740,2011-10-07,16,1.25,20.0,0
570030,22613,12740,2011-10-07,12,0.85,10.2,0
570030,21080,12740,2011-10-07,12,0.85,10.2,0
570030,21989,12740,2011-10-07,12,0.85,10.2,0
570030,21988,12740,2011-10-07,12,0.85,10.2,0
570030,21094,12740,2011-10-07,12,0.85,10.2,0
570030,21987,12740,2011-10-07,12,0.65,7.8,0
570030,21086,12740,2011-10-07,12,0.65,7.8,0
570030,21212,12740,2011-10-07,24,0.55,13.2,0
570030,21213,12740,2011-10-07,24,0.55,13.2,0
570030,22417,12740,2011-10-07,24,0.55,13.2,0
570267,22361,12682,2011-10-10,6,2.95,17.7,0
570267,23287,12682,2011-10-10,8,0.85,6.8,0
570267,23285,12682,2011-10-10,8,0.85,6.8,0
570267,23286,12682,2011-10-10,8,0.85,6.8,0
570267,22973,12682,2011-10-10,12,1.65,19.8,0
570267,22972,12682,2011-10-10,12,1.65,19.8,0
570267,22326,12682,2011-10-10,6,2.95,17.7,0
570267,POST,12682,2011-10-10,1,18.0,18.0,0
C570291,20727,12731,2011-10-10,-10,1.65,-16.5,1
570409,22976,12682,2011-10-10,12,1.25,15.0,0
570409,22859,12682,2011-10-10,6,1.65,9.9,0
570409,22435,12682,2011-10-10,12,1.25,15.0,0
570409,23202,12682,2011-10-10,20,2.08,41.6,0
570409,21212,12682,2011-10-10,24,0.55,13.2,0
570409,23427,12682,2011-10-10,2,12.5,25.0,0
570409,23200,12682,2011-10-10,10,2.08,20.8,0
570409,21731,12682,2011-10-10,12,1.65,19.8,0
570409,23209,12682,2011-10-10,10,1.65,16.5,0
570409,23293,12682,2011-10-10,8,0.83,6.64,0
570409,23493,12682,2011-10-10,10,1.95,19.5,0
570409,23517,12682,2011-10-10,6,2.89,17.34,0
570409,23203,12682,2011-10-10,10,2.08,20.8,0
570409,23199,12682,2011-10-10,10,2.08,20.8,0
570409,22352,12682,2011-10-10,6,2.55,15.3,0
570409,POST,12682,2011-10-10,2,18.0,36.0,0
C570515,90201C,12719,2011-10-11,-6,2.95,-17.7,1
C570515,90201B,12719,2011-10-11,-6,2.95,-17.7,1
C570515,72741,12719,2011-10-11,-1,1.45,-1.45,1
570672,17012A,12536,2011-10-11,24,0.85,20.4,0
570672,17012B,12536,2011-10-11,24,0.85,20.4,0
570672,20665,12536,2011-10-11,6,2.95,17.7,0
570672,20674,12536,2011-10-11,16,1.25,20.0,0
570672,20675,12536,2011-10-11,8,1.25,10.0,0
570672,20676,12536,2011-10-11,8,1.25,10.0,0
570672,20677,12536,2011-10-11,8,1.25,10.0,0
570672,20682,12536,2011-10-11,6,3.25,19.5,0
570672,20704,12536,2011-10-11,2,6.95,13.9,0
570672,20717,12536,2011-10-11,10,1.25,12.5,0
570672,20718,12536,2011-10-11,10,1.25,12.5,0
570672,20719,12536,2011-10-11,10,0.85,8.5,0
570672,20723,12536,2011-10-11,10,0.85,8.5,0
570672,20724,12536,2011-10-11,10,0.85,8.5,0
570672,20750,12536,2011-10-11,2,7.95,15.9,0
570672,20832,12536,2011-10-11,24,0.39,9.36,0
570672,20914,12536,2011-10-11,6,2.95,17.7,0
570672,20978,12536,2011-10-11,16,1.25,20.0,0
570672,20979,12536,2011-10-11,16,1.25,20.0,0
570672,20984,12536,2011-10-11,24,0.29,6.96,0
570672,21039,12536,2011-10-11,6,2.55,15.3,0
570672,21055,12536,2011-10-11,1,8.95,8.95,0
570672,21114,12536,2011-10-11,10,1.25,12.5,0
570672,21121,12536,2011-10-11,24,1.25,30.0,0
570672,21122,12536,2011-10-11,24,1.25,30.0,0
570672,21125,12536,2011-10-11,12,1.25,15.0,0
570672,21136,12536,2011-10-11,8,1.69,13.52,0
570672,21155,12536,2011-10-11,6,2.55,15.3,0
570672,21164,12536,2011-10-11,6,2.95,17.7,0
570672,21212,12536,2011-10-11,24,0.55,13.2,0
570672,21218,12536,2011-10-11,6,3.75,22.5,0
570672,21219,12536,2011-10-11,10,1.25,12.5,0
570672,21224,12536,2011-10-11,10,1.25,12.5,0
570672,21232,12536,2011-10-11,24,1.25,30.0,0
570672,21242,12536,2011-10-11,8,1.69,13.52,0
570672,21245,12536,2011-10-11,8,1.69,13.52,0
570672,21354,12536,2011-10-11,12,1.25,15.0,0
570672,21356,12536,2011-10-11,12,1.25,15.0,0
570672,21424,12536,2011-10-11,6,2.95,17.7,0
570672,21428,12536,2011-10-11,4,4.25,17.0,0
570672,21430,12536,2011-10-11,4,3.75,15.0,0
570672,21439,12536,2011-10-11,12,1.25,15.0,0
570672,21524,12536,2011-10-11,2,8.25,16.5,0
570672,21531,12536,2011-10-11,6,2.55,15.3,0
570672,21533,12536,2011-10-11,3,4.95,14.85,0
570672,21535,12536,2011-10-11,6,2.55,15.3,0
570672,21555,12536,2011-10-11,6,2.55,15.3,0
570672,21576,12536,2011-10-11,6,2.25,13.5,0
570672,21577,12536,2011-10-11,6,2.25,13.5,0
570672,21591,12536,2011-10-11,24,1.25,30.0,0
570672,21648,12536,2011-10-11,24,1.25,30.0,0
570672,21703,12536,2011-10-11,12,0.42,5.04,0
570672,21704,12536,2011-10-11,12,0.85,10.2,0
570672,21715,12536,2011-10-11,8,2.55,20.4,0
570672,21770,12536,2011-10-11,2,4.95,9.9,0
570672,21832,12536,2011-10-11,12,1.65,19.8,0
570672,21844,12536,2011-10-11,6,2.95,17.7,0
570672,21866,12536,2011-10-11,12,1.25,15.0,0
570672,21871,12536,2011-10-11,12,1.65,19.8,0
570672,21872,12536,2011-10-11,48,1.06,50.88,0
570672,21875,12536,2011-10-11,12,1.25,15.0,0
570672,21877,12536,2011-10-11,12,1.65,19.8,0
570672,21888,12536,2011-10-11,4,3.75,15.0,0
570672,21889,12536,2011-10-11,12,1.25,15.0,0
570672,21891,12536,2011-10-11,12,1.45,17.4,0
570672,21905,12536,2011-10-11,12,0.79,9.48,0
570672,21906,12536,2011-10-11,2,6.75,13.5,0
570672,21915,12536,2011-10-11,12,1.25,15.0,0
570672,21916,12536,2011-10-11,24,0.42,10.08,0
570672,21918,12536,2011-10-11,24,0.42,10.08,0
570672,21934,12536,2011-10-11,10,1.65,16.5,0
570672,21947,12536,2011-10-11,12,1.25,15.0,0
570672,22070,12536,2011-10-11,6,3.75,22.5,0
570672,22071,12536,2011-10-11,6,3.75,22.5,0
570672,22091,12536,2011-10-11,36,0.39,14.04,0
570672,22115,12536,2011-10-11,12,0.79,9.48,0
570672,22131,12536,2011-10-11,6,1.95,11.7,0
570672,22132,12536,2011-10-11,24,0.85,20.4,0
570672,22133,12536,2011-10-11,12,0.85,10.2,0
570672,22138,12536,2011-10-11,3,4.95,14.85,0
570672,22139,12536,2011-10-11,3,4.95,14.85,0
570672,22149,12536,2011-10-11,6,2.1,12.6,0
570672,22180,12536,2011-10-11,4,9.95,39.8,0
570672,22199,12536,2011-10-11,4,4.25,17.0,0
570672,22200,12536,2011-10-11,4,4.25,17.0,0
570672,22203,12536,2011-10-11,4,3.75,15.0,0
570672,22204,12536,2011-10-11,4,3.75,15.0,0
570672,22207,12536,2011-10-11,4,4.25,17.0,0
570672,22232,12536,2011-10-11,16,0.59,9.44,0
570672,22271,12536,2011-10-11,6,2.95,17.7,0
570672,22273,12536,2011-10-11,6,2.95,17.7,0
570672,22309,12536,2011-10-11,6,2.55,15.3,0
570672,22315,12536,2011-10-11,12,1.25,15.0,0
570672,22318,12536,2011-10-11,6,2.95,17.7,0
570672,22320,12536,2011-10-11,3,5.95,17.85,0
570672,22324,12536,2011-10-11,12,1.95,23.4,0
570672,22326,12536,2011-10-11,6,2.95,17.7,0
570672,22328,12536,2011-10-11,6,2.95,17.7,0
570672,22348,12536,2011-10-11,12,0.85,10.2,0
570672,22356,12536,2011-10-11,20,0.85,17.0,0
570672,22357,12536,2011-10-11,4,4.25,17.0,0
570672,22371,12536,2011-10-11,4,4.25,17.0,0
570672,22372,12536,2011-10-11,4,4.25,17.0,0
570672,22389,12536,2011-10-11,6,2.55,15.3,0
570672,22390,12536,2011-10-11,6,2.55,15.3,0
570672,22393,12536,2011-10-11,6,2.55,15.3,0
570672,22396,12536,2011-10-11,24,0.39,9.36,0
570672,22398,12536,2011-10-11,24,0.39,9.36,0
570672,22400,12536,2011-10-11,24,0.39,9.36,0
570672,22403,12536,2011-10-11,12,0.39,4.68,0
570672,22408,12536,2011-10-11,12,1.25,15.0,0
570672,22413,12536,2011-10-11,6,2.95,17.7,0
570672,22423,12536,2011-10-11,2,12.75,25.5,0
570672,22445,12536,2011-10-11,6,2.95,17.7,0
570672,22449,12536,2011-10-11,6,3.35,20.1,0
570672,22483,12536,2011-10-11,6,2.95,17.7,0
570672,22485,12536,2011-10-11,2,12.75,25.5,0
570672,22489,12536,2011-10-11,24,0.42,10.08,0
570672,22491,12536,2011-10-11,12,0.85,10.2,0
570672,22499,12536,2011-10-11,3,5.95,17.85,0
570672,22505,12536,2011-10-11,4,4.95,19.8,0
570672,22507,12536,2011-10-11,4,4.95,19.8,0
570672,22508,12536,2011-10-11,4,3.75,15.0,0
570672,22530,12536,2011-10-11,24,0.42,10.08,0
570672,22532,12536,2011-10-11,24,0.42,10.08,0
570672,22534,12536,2011-10-11,24,0.42,10.08,0
570672,22537,12536,2011-10-11,24,0.42,10.08,0
570672,22550,12536,2011-10-11,4,3.75,15.0,0
570672,22551,12536,2011-10-11,12,1.65,19.8,0
570672,22554,12536,2011-10-11,12,1.65,19.8,0
570672,22555,12536,2011-10-11,12,1.65,19.8,0
570672,22556,12536,2011-10-11,12,1.65,19.8,0
570672,22561,12536,2011-10-11,12,1.65,19.8,0
570672,22567,12536,2011-10-11,12,1.45,17.4,0
570672,22571,12536,2011-10-11,12,0.85,10.2,0
570672,22595,12536,2011-10-11,12,0.85,10.2,0
570672,22608,12536,2011-10-11,36,0.19,6.84,0
570672,22610,12536,2011-10-11,36,0.19,6.84,0
570672,22616,12536,2011-10-11,24,0.39,9.36,0
570672,22619,12536,2011-10-11,4,3.75,15.0,0
570672,22620,12536,2011-10-11,12,1.45,17.4,0
570672,22628,12536,2011-10-11,4,4.95,19.8,0
570672,22633,12536,2011-10-11,12,2.1,25.2,0
570672,22634,12536,2011-10-11,2,9.95,19.9,0
570672,22635,12536,2011-10-11,2,9.95,19.9,0
570672,22636,12536,2011-10-11,2,8.5,17.0,0
570672,22659,12536,2011-10-11,12,1.95,23.4,0
570672,22689,12536,2011-10-11,2,8.25,16.5,0
570672,22692,12536,2011-10-11,2,8.25,16.5,0
570672,22702,12536,2011-10-11,6,2.1,12.6,0
570672,22745,12536,2011-10-11,6,2.1,12.6,0
570672,22746,12536,2011-10-11,6,2.1,12.6,0
570672,22747,12536,2011-10-11,6,2.1,12.6,0
570672,22748,12536,2011-10-11,6,2.1,12.6,0
570672,22749,12536,2011-10-11,4,3.75,15.0,0
570672,22750,12536,2011-10-11,4,3.75,15.0,0
570672,22759,12536,2011-10-11,24,1.65,39.6,0
570672,22768,12536,2011-10-11,2,9.95,19.9,0
570672,22807,12536,2011-10-11,6,2.95,17.7,0
570672,22840,12536,2011-10-11,2,7.95,15.9,0
570672,22842,12536,2011-10-11,2,6.75,13.5,0
570672,22844,12536,2011-10-11,2,8.5,17.0,0
570672,22846,12536,2011-10-11,1,16.95,16.95,0
570672,22847,12536,2011-10-11,1,16.95,16.95,0
570672,22852,12536,2011-10-11,4,4.25,17.0,0
570672,22859,12536,2011-10-11,6,1.65,9.9,0
570672,22866,12536,2011-10-11,12,2.1,25.2,0
570672,22900,12536,2011-10-11,6,3.25,19.5,0
570672,22902,12536,2011-10-11,12,2.1,25.2,0
570672,22945,12536,2011-10-11,12,0.85,10.2,0
570672,22959,12536,2011-10-11,25,0.42,10.5,0
570672,22960,12536,2011-10-11,6,4.25,25.5,0
570672,22970,12536,2011-10-11,6,2.55,15.3,0
570672,22971,12536,2011-10-11,6,2.55,15.3,0
570672,22988,12536,2011-10-11,24,1.25,30.0,0
570672,22989,12536,2011-10-11,6,3.25,19.5,0
570672,22994,12536,2011-10-11,24,0.42,10.08,0
570672,22996,12536,2011-10-11,24,0.42,10.08,0
570672,22998,12536,2011-10-11,24,0.42,10.08,0
570672,23005,12536,2011-10-11,24,0.42,10.08,0
570672,23007,12536,2011-10-11,3,16.95,50.85,0
570672,23008,12536,2011-10-11,3,16.95,50.85,0
570672,23010,12536,2011-10-11,1,16.95,16.95,0
570672,23076,12536,2011-10-11,24,1.25,30.0,0
570672,23077,12536,2011-10-11,20,1.25,25.0,0
570672,23078,12536,2011-10-11,24,1.25,30.0,0
570672,23108,12536,2011-10-11,2,6.25,12.5,0
570672,23123,12536,2011-10-11,12,0.83,9.96,0
570672,23156,12536,2011-10-11,12,2.08,24.96,0
570672,23157,12536,2011-10-11,12,2.08,24.96,0
570672,23159,12536,2011-10-11,24,2.08,49.92,0
570672,23170,12536,2011-10-11,12,1.65,19.8,0
570672,23173,12536,2011-10-11,2,9.95,19.9,0
570672,23174,12536,2011-10-11,4,4.15,16.6,0
570672,23176,12536,2011-10-11,8,2.25,18.0,0
570672,23190,12536,2011-10-11,12,1.65,19.8,0
570672,23192,12536,2011-10-11,12,1.65,19.8,0
570672,23194,12536,2011-10-11,8,2.25,18.0,0
570672,23198,12536,2011-10-11,12,1.45,17.4,0
570672,23204,12536,2011-10-11,10,0.85,8.5,0
570672,23234,12536,2011-10-11,6,2.89,17.34,0
570672,23236,12536,2011-10-11,6,2.89,17.34,0
570672,23238,12536,2011-10-11,6,4.15,24.9,0
570672,23241,12536,2011-10-11,6,2.08,12.48,0
570672,23245,12536,2011-10-11,12,4.95,59.4,0
570672,23247,12536,2011-10-11,6,2.89,17.34,0
570672,23253,12536,2011-10-11,2,15.95,31.9,0
570672,23263,12536,2011-10-11,12,1.25,15.0,0
570672,23266,12536,2011-10-11,12,1.25,15.0,0
570672,23269,12536,2011-10-11,12,1.45,17.4,0
570672,23270,12536,2011-10-11,12,1.45,17.4,0
570672,23275,12536,2011-10-11,12,1.25,15.0,0
570672,23285,12536,2011-10-11,8,0.85,6.8,0
570672,23286,12536,2011-10-11,8,0.85,6.8,0
570672,23287,12536,2011-10-11,8,0.85,6.8,0
570672,23288,12536,2011-10-11,8,0.85,6.8,0
570672,23309,12536,2011-10-11,24,0.55,13.2,0
570672,23312,12536,2011-10-11,4,4.15,16.6,0
570672,23318,12536,2011-10-11,6,2.49,14.94,0
570672,23325,12536,2011-10-11,12,1.65,19.8,0
570672,23353,12536,2011-10-11,12,0.83,9.96,0
570672,23355,12536,2011-10-11,4,4.95,19.8,0
570672,23365,12536,2011-10-11,16,0.65,10.4,0
570672,23368,12536,2011-10-11,16,0.65,10.4,0
570672,23374,12536,2011-10-11,10,0.82,8.2,0
570672,23424,12536,2011-10-11,4,4.95,19.8,0
570672,23493,12536,2011-10-11,10,1.95,19.5,0
570672,23502,12536,2011-10-11,12,1.25,15.0,0
570672,23546,12536,2011-10-11,25,0.42,10.5,0
570672,35953,12536,2011-10-11,24,0.39,9.36,0
570672,37495,12536,2011-10-11,4,3.75,15.0,0
570672,47578A,12536,2011-10-11,10,0.85,8.5,0
570672,48138,12536,2011-10-11,2,8.25,16.5,0
570672,48173C,12536,2011-10-11,2,8.25,16.5,0
570672,70007,12536,2011-10-11,12,1.65,19.8,0
570672,72586,12536,2011-10-11,36,0.42,15.12,0
570672,84050,12536,2011-10-11,6,1.65,9.9,0
570672,84077,12536,2011-10-11,48,0.29,13.92,0
570672,84279P,12536,2011-10-11,4,3.75,15.0,0
570672,84536A,12536,2011-10-11,16,0.42,6.72,0
570672,84580,12536,2011-10-11,4,3.75,15.0,0
570672,84817,12536,2011-10-11,12,2.1,25.2,0
570672,84819,12536,2011-10-11,3,4.25,12.75,0
570672,84821,12536,2011-10-11,12,0.85,10.2,0
570672,84828,12536,2011-10-11,12,1.25,15.0,0
570672,84879,12536,2011-10-11,8,1.69,13.52,0
570672,84920,12536,2011-10-11,4,3.75,15.0,0
570672,84929,12536,2011-10-11,24,0.19,4.56,0
570672,85014A,12536,2011-10-11,3,5.95,17.85,0
570672,85039A,12536,2011-10-11,12,1.65,19.8,0
570672,85040A,12536,2011-10-11,12,1.65,19.8,0
570672,85095,12536,2011-10-11,8,1.95,15.6,0
570672,85099B,12536,2011-10-11,10,2.08,20.8,0
570672,85170D,12536,2011-10-11,6,2.1,12.6,0
570672,85172,12536,2011-10-11,16,0.42,6.72,0
570672,85175,12536,2011-10-11,16,0.42,6.72,0
570672,85183B,12536,2011-10-11,12,1.25,15.0,0
570672,85199L,12536,2011-10-11,12,0.65,7.8,0
570672,85227,12536,2011-10-11,12,0.85,10.2,0
570724,22622,12602,2011-10-12,2,11.95,23.9,0
570724,23502,12602,2011-10-12,12,1.25,15.0,0
570724,23505,12602,2011-10-12,12,1.25,15.0,0
570724,23504,12602,2011-10-12,12,1.25,15.0,0
570724,23508,12602,2011-10-12,20,0.42,8.4,0
570724,23509,12602,2011-10-12,20,0.42,8.4,0
570724,23507,12602,2011-10-12,20,0.42,8.4,0
570724,23506,12602,2011-10-12,20,0.42,8.4,0
570724,23517,12602,2011-10-12,6,2.89,17.34,0
570724,23512,12602,2011-10-12,6,2.08,12.48,0
570724,23365,12602,2011-10-12,16,0.65,10.4,0
570724,23366,12602,2011-10-12,16,0.65,10.4,0
570798,POST,12679,2011-10-12,2,18.0,36.0,0
570798,21232,12679,2011-10-12,72,1.06,76.32,0
570823,23254,12691,2011-10-12,24,4.15,99.6,0
570823,23256,12691,2011-10-12,24,4.15,99.6,0
570823,22467,12691,2011-10-12,12,2.55,30.6,0
570823,21559,12691,2011-10-12,6,2.55,15.3,0
570823,23289,12691,2011-10-12,8,1.25,10.0,0
570823,23290,12691,2011-10-12,8,1.25,10.0,0
570823,23291,12691,2011-10-12,8,1.25,10.0,0
570823,23292,12691,2011-10-12,8,1.25,10.0,0
570823,POST,12691,2011-10-12,1,18.0,18.0,0
570841,22745,12553,2011-10-12,6,2.1,12.6,0
570841,22355,12553,2011-10-12,10,0.85,8.5,0
570841,20724,12553,2011-10-12,10,0.85,8.5,0
570841,21931,12553,2011-10-12,10,2.08,20.8,0
570841,22379,12553,2011-10-12,5,2.1,10.5,0
570841,23202,12553,2011-10-12,10,2.08,20.8,0
570841,23199,12553,2011-10-12,10,2.08,20.8,0
570841,85099B,12553,2011-10-12,20,2.08,41.6,0
570841,20712,12553,2011-10-12,10,2.08,20.8,0
570841,23389,12553,2011-10-12,4,4.15,16.6,0
570841,23390,12553,2011-10-12,4,4.15,16.6,0
570841,20725,12553,2011-10-12,10,1.65,16.5,0
570841,21731,12553,2011-10-12,24,1.65,39.6,0
570841,21936,12553,2011-10-12,5,2.95,14.75,0
570841,23206,12553,2011-10-12,10,1.65,16.5,0
570841,22090,12553,2011-10-12,6,2.95,17.7,0
570841,22554,12553,2011-10-12,12,1.65,19.8,0
570841,22622,12553,2011-10-12,4,11.95,47.8,0
570841,21039,12553,2011-10-12,12,2.55,30.6,0
570841,21672,12553,2011-10-12,12,1.45,17.4,0
570841,21883,12553,2011-10-12,12,0.65,7.8,0
570841,23350,12553,2011-10-12,12,1.25,15.0,0
570841,POST,12553,2011-10-12,2,18.0,36.0,0
570851,23389,12583,2011-10-12,32,4.15,132.8,0
570851,23388,12583,2011-10-12,16,4.15,66.4,0
570851,23390,12583,2011-10-12,16,4.15,66.4,0
570851,22197,12583,2011-10-12,12,0.85,10.2,0
570851,POST,12583,2011-10-12,1,18.0,18.0,0
570851,20724,12583,2011-10-12,24,0.85,20.4,0
570879,21108,12685,2011-10-13,18,0.79,14.22,0
570879,23078,12685,2011-10-13,24,1.25,30.0,0
570879,22374,12685,2011-10-13,8,4.25,34.0,0
570879,22372,12685,2011-10-13,12,3.95,47.4,0
570879,21739,12685,2011-10-13,6,2.95,17.7,0
570879,20712,12685,2011-10-13,10,2.08,20.8,0
570879,22386,12685,2011-10-13,10,2.08,20.8,0
570879,85099B,12685,2011-10-13,10,2.08,20.8,0
570879,22725,12685,2011-10-13,8,3.75,30.0,0
570879,22727,12685,2011-10-13,12,3.75,45.0,0
570879,22726,12685,2011-10-13,4,3.75,15.0,0
570879,POST,12685,2011-10-13,2,18.0,36.0,0
C571127,35970,12583,2011-10-14,-36,1.69,-60.84,1
571240,23367,12562,2011-10-14,16,0.65,10.4,0
571240,23368,12562,2011-10-14,16,0.65,10.4,0
571240,23382,12562,2011-10-14,4,3.75,15.0,0
571240,23493,12562,2011-10-14,10,1.95,19.5,0
571240,20725,12562,2011-10-14,10,1.65,16.5,0
571240,20726,12562,2011-10-14,10,1.65,16.5,0
571240,22382,12562,2011-10-14,10,1.65,16.5,0
571240,22383,12562,2011-10-14,10,1.65,16.5,0
571240,22384,12562,2011-10-14,10,1.65,16.5,0
571240,23209,12562,2011-10-14,10,1.65,16.5,0
571240,23206,12562,2011-10-14,10,1.65,16.5,0
571240,22662,12562,2011-10-14,10,1.65,16.5,0
571240,23388,12562,2011-10-14,8,4.15,33.2,0
571240,23390,12562,2011-10-14,4,4.15,16.6,0
571240,22637,12562,2011-10-14,4,2.55,10.2,0
571240,21929,12562,2011-10-14,10,2.08,20.8,0
571240,20712,12562,2011-10-14,10,2.08,20.8,0
571240,23200,12562,2011-10-14,10,2.08,20.8,0
571240,22386,12562,2011-10-14,10,2.08,20.8,0
571240,23199,12562,2011-10-14,10,2.08,20.8,0
571240,23203,12562,2011-10-14,10,2.08,20.8,0
571240,23344,12562,2011-10-14,10,2.08,20.8,0
571240,85099B,12562,2011-10-14,10,2.08,20.8,0
571240,23007,12562,2011-10-14,1,16.95,16.95,0
571240,23008,12562,2011-10-14,1,16.95,16.95,0
571240,22728,12562,2011-10-14,4,3.75,15.0,0
571240,22725,12562,2011-10-14,4,3.75,15.0,0
571240,POST,12562,2011-10-14,2,18.0,36.0,0
C571473,21232,12679,2011-10-17,-3,1.06,-3.18,1
C571678,21232,12679,2011-10-18,-1,1.06,-1.06,1
C571680,21232,12679,2011-10-18,-1,1.06,-1.06,1
571864,85014B,12731,2011-10-19,96,4.95,475.2,0
571864,23009,12731,2011-10-19,24,14.95,358.8,0
571864,23007,12731,2011-10-19,24,14.95,358.8,0
571864,22988,12731,2011-10-19,24,1.25,30.0,0
571864,22970,12731,2011-10-19,12,2.55,30.6,0
571864,22555,12731,2011-10-19,48,1.65,79.2,0
571864,22553,12731,2011-10-19,48,1.65,79.2,0
571864,22139,12731,2011-10-19,48,4.25,204.0,0
571864,22492,12731,2011-10-19,72,0.65,46.8,0
571864,84029E,12731,2011-10-19,48,3.75,180.0,0
571864,21481,12731,2011-10-19,36,3.39,122.04,0
571864,21539,12731,2011-10-19,18,4.25,76.5,0
571864,21535,12731,2011-10-19,12,2.55,30.6,0
571864,21531,12731,2011-10-19,12,2.55,30.6,0
571864,21533,12731,2011-10-19,12,4.25,51.0,0
571864,22423,12731,2011-10-19,32,10.95,350.4,0
571923,23296,12685,2011-10-19,8,1.25,10.0,0
571923,23295,12685,2011-10-19,8,0.83,6.64,0
571923,23240,12685,2011-10-19,6,4.15,24.9,0
571923,20914,12685,2011-10-19,6,2.95,17.7,0
571923,21843,12685,2011-10-19,2,10.95,21.9,0
571923,22138,12685,2011-10-19,3,4.95,14.85,0
571923,22377,12685,2011-10-19,5,2.1,10.5,0
571923,85014B,12685,2011-10-19,3,5.95,17.85,0
571923,22728,12685,2011-10-19,4,3.75,15.0,0
571923,22726,12685,2011-10-19,4,3.75,15.0,0
571923,22725,12685,2011-10-19,4,3.75,15.0,0
571923,22727,12685,2011-10-19,4,3.75,15.0,0
571923,23286,12685,2011-10-19,8,0.85,6.8,0
571923,23285,12685,2011-10-19,8,0.85,6.8,0
571923,23344,12685,2011-10-19,10,2.08,20.8,0
571923,22610,12685,2011-10-19,36,0.19,6.84,0
571923,22608,12685,2011-10-19,36,0.19,6.84,0
571923,22663,12685,2011-10-19,10,2.08,20.8,0
571923,POST,12685,2011-10-19,2,18.0,36.0,0
572087,23325,12683,2011-10-20,48,1.45,69.6,0
572087,23445,12683,2011-10-20,20,0.83,16.6,0
572087,21209,12683,2011-10-20,12,0.39,4.68,0
572087,22631,12683,2011-10-20,12,1.95,23.4,0
572087,22630,12683,2011-10-20,12,1.95,23.4,0
572087,22352,12683,2011-10-20,6,2.55,15.3,0
572087,21559,12683,2011-10-20,6,2.55,15.3,0
572087,22625,12683,2011-10-20,2,8.5,17.0,0
572087,22423,12683,2011-10-20,16,10.95,175.2,0
572087,23245,12683,2011-10-20,4,4.95,19.8,0
572087,21121,12683,2011-10-20,48,1.25,60.0,0
572087,21124,12683,2011-10-20,24,1.25,30.0,0
572087,21122,12683,2011-10-20,48,1.25,60.0,0
572087,21123,12683,2011-10-20,24,1.25,30.0,0
572087,21946,12683,2011-10-20,12,0.85,10.2,0
572087,47599B,12683,2011-10-20,6,2.1,12.6,0
572087,21208,12683,2011-10-20,12,0.39,4.68,0
572087,22636,12683,2011-10-20,8,7.65,61.2,0
572087,21947,12683,2011-10-20,12,1.25,15.0,0
572087,21948,12683,2011-10-20,12,1.25,15.0,0
572087,21949,12683,2011-10-20,12,1.25,15.0,0
572087,21943,12683,2011-10-20,12,0.85,10.2,0
572087,23252,12683,2011-10-20,4,3.75,15.0,0
572087,23169,12683,2011-10-20,6,4.15,24.9,0
572087,22842,12683,2011-10-20,2,6.75,13.5,0
572087,23250,12683,2011-10-20,12,1.25,15.0,0
572087,23236,12683,2011-10-20,6,2.89,17.34,0
572087,23156,12683,2011-10-20,12,2.08,24.96,0
572087,23159,12683,2011-10-20,12,2.08,24.96,0
572087,21987,12683,2011-10-20,12,0.65,7.8,0
572087,21086,12683,2011-10-20,12,0.65,7.8,0
572087,21094,12683,2011-10-20,12,0.85,10.2,0
572087,21988,12683,2011-10-20,12,0.85,10.2,0
572087,21080,12683,2011-10-20,12,0.85,10.2,0
572087,21989,12683,2011-10-20,12,0.85,10.2,0
572087,21125,12683,2011-10-20,12,1.25,15.0,0
572087,84375,12683,2011-10-20,12,2.1,25.2,0
572087,23348,12683,2011-10-20,6,2.08,12.48,0
572087,POST,12683,2011-10-20,6,18.0,108.0,0
572925,23485,12523,2011-10-27,1,25.0,25.0,0
572925,23479,12523,2011-10-27,2,7.85,15.7,0
572925,23328,12523,2011-10-27,4,3.75,15.0,0
572925,23213,12523,2011-10-27,12,1.25,15.0,0
572925,23212,12523,2011-10-27,12,1.25,15.0,0
572925,22153,12523,2011-10-27,48,0.42,20.16,0
572925,23512,12523,2011-10-27,6,2.08,12.48,0
572925,23511,12523,2011-10-27,6,2.08,12.48,0
572925,22625,12523,2011-10-27,2,8.5,17.0,0
572925,21539,12523,2011-10-27,3,4.95,14.85,0
572925,23231,12523,2011-10-27,25,0.42,10.5,0
572925,21485,12523,2011-10-27,3,4.95,14.85,0
572925,21481,12523,2011-10-27,6,3.75,22.5,0
572925,20914,12523,2011-10-27,6,2.95,17.7,0
572986,23493,12681,2011-10-27,20,1.95,39.0,0
572986,23534,12681,2011-10-27,3,5.95,17.85,0
572986,23541,12681,2011-10-27,4,8.25,33.0,0
572986,23445,12681,2011-10-27,40,0.83,33.2,0
572986,23204,12681,2011-10-27,20,0.85,17.0,0
572986,22024,12681,2011-10-27,12,0.42,5.04,0
572986,22716,12681,2011-10-27,12,0.42,5.04,0
572986,22961,12681,2011-10-27,12,1.45,17.4,0
572986,23168,12681,2011-10-27,12,1.25,15.0,0
572986,21240,12681,2011-10-27,8,0.85,6.8,0
572986,23317,12681,2011-10-27,4,9.95,39.8,0
572986,21980,12681,2011-10-27,24,0.39,9.36,0
572986,21213,12681,2011-10-27,24,0.55,13.2,0
572986,22314,12681,2011-10-27,6,2.95,17.7,0
572986,22892,12681,2011-10-27,12,1.25,15.0,0
572986,21871,12681,2011-10-27,12,1.65,19.8,0
572986,22973,12681,2011-10-27,12,1.65,19.8,0
572986,22556,12681,2011-10-27,12,1.65,19.8,0
572986,22554,12681,2011-10-27,12,1.65,19.8,0
572986,22895,12681,2011-10-27,6,3.25,19.5,0
572986,21731,12681,2011-10-27,24,1.65,39.6,0
572986,21577,12681,2011-10-27,6,2.25,13.5,0
572986,POST,12681,2011-10-27,3,18.0,54.0,0
572992,23084,12681,2011-10-27,48,1.79,85.92,0
572992,POST,12681,2011-10-27,2,18.0,36.0,0
573036,POST,12437,2011-10-27,2,18.0,36.0,0
573036,22326,12437,2011-10-27,6,2.95,17.7,0
573036,23084,12437,2011-10-27,24,1.79,42.96,0
573036,23112,12437,2011-10-27,2,7.5,15.0,0
573036,23397,12437,2011-10-27,2,9.95,19.9,0
573036,22389,12437,2011-10-27,6,2.55,15.3,0
573036,22390,12437,2011-10-27,6,2.55,15.3,0
573036,22778,12437,2011-10-27,4,3.95,15.8,0
573036,21731,12437,2011-10-27,12,1.65,19.8,0
573036,22580,12437,2011-10-27,6,5.95,35.7,0
573036,23480,12437,2011-10-27,8,3.75,30.0,0
573077,M,12536,2011-10-27,1,4161.06,4161.06,0
C573079,M,12536,2011-10-27,-2,4161.06,-8322.12,1
573080,M,12536,2011-10-27,1,4161.06,4161.06,0
573153,23084,12678,2011-10-28,912,1.79,1632.48,0
573153,23189,12678,2011-10-28,24,2.89,69.36,0
573153,22629,12678,2011-10-28,48,1.95,93.6,0
573153,23238,12678,2011-10-28,24,4.15,99.6,0
573153,23256,12678,2011-10-28,64,4.15,265.6,0
573153,23255,12678,2011-10-28,64,4.15,265.6,0
573153,22659,12678,2011-10-28,24,1.95,46.8,0
573153,22631,12678,2011-10-28,48,1.95,93.6,0
573153,22551,12678,2011-10-28,84,1.65,138.6,0
573153,22556,12678,2011-10-28,84,1.65,138.6,0
573153,22555,12678,2011-10-28,48,1.65,79.2,0
573153,22554,12678,2011-10-28,84,1.65,138.6,0
573153,22553,12678,2011-10-28,48,1.65,79.2,0
573153,22326,12678,2011-10-28,96,2.55,244.8,0
573153,22328,12678,2011-10-28,48,2.55,122.4,0
573153,84997B,12678,2011-10-28,96,3.75,360.0,0
573153,22138,12678,2011-10-28,72,4.25,306.0,0
573153,21914,12678,2011-10-28,108,1.25,135.0,0
573153,21915,12678,2011-10-28,108,1.25,135.0,0
573153,22560,12678,2011-10-28,24,1.25,30.0,0
573153,22492,12678,2011-10-28,108,0.65,70.2,0
573153,22045,12678,2011-10-28,75,0.42,31.5,0
573153,22710,12678,2011-10-28,50,0.42,21.0,0
573153,16161P,12678,2011-10-28,75,0.42,31.5,0
573153,22704,12678,2011-10-28,75,0.42,31.5,0
573153,23231,12678,2011-10-28,75,0.42,31.5,0
573153,22615,12678,2011-10-28,120,0.39,46.8,0
573153,22616,12678,2011-10-28,120,0.39,46.8,0
573153,22386,12678,2011-10-28,300,1.79,537.0,0
573153,23203,12678,2011-10-28,300,1.79,537.0,0
573153,22382,12678,2011-10-28,80,1.65,132.0,0
573153,20725,12678,2011-10-28,80,1.65,132.0,0
573153,23209,12678,2011-10-28,80,1.65,132.0,0
573153,21094,12678,2011-10-28,120,0.64,76.8,0
573153,21086,12678,2011-10-28,120,0.65,78.0,0
573153,21080,12678,2011-10-28,120,0.72,86.4,0
573153,84375,12678,2011-10-28,60,2.1,126.0,0
573153,84378,12678,2011-10-28,48,1.45,69.6,0
573153,23287,12678,2011-10-28,16,0.85,13.6,0
573153,23286,12678,2011-10-28,8,0.85,6.8,0
573153,23285,12678,2011-10-28,8,0.85,6.8,0
573153,22961,12678,2011-10-28,36,1.45,52.2,0
573153,22963,12678,2011-10-28,48,0.72,34.56,0
573153,22962,12678,2011-10-28,48,0.72,34.56,0
573153,22989,12678,2011-10-28,48,3.25,156.0,0
573153,22907,12678,2011-10-28,96,0.72,69.12,0
573153,84988,12678,2011-10-28,48,1.45,69.6,0
573153,23296,12678,2011-10-28,36,1.25,45.0,0
573153,23293,12678,2011-10-28,72,0.83,59.76,0
573153,23295,12678,2011-10-28,48,0.83,39.84,0
573153,23309,12678,2011-10-28,72,0.55,39.6,0
573153,23307,12678,2011-10-28,72,0.55,39.6,0
573153,22417,12678,2011-10-28,72,0.55,39.6,0
573153,84991,12678,2011-10-28,72,0.55,39.6,0
573153,22726,12678,2011-10-28,48,3.75,180.0,0
573153,22728,12678,2011-10-28,48,3.75,180.0,0
573153,23493,12678,2011-10-28,24,1.95,46.8,0
573153,23382,12678,2011-10-28,72,3.29,236.88,0
573153,POST,12678,2011-10-28,3,145.0,435.0,0
573153,22727,12678,2011-10-28,48,3.75,180.0,0
573153,84997D,12678,2011-10-28,48,4.15,199.2,0
573273,23497,12678,2011-10-28,36,1.45,52.2,0
573316,21621,12657,2011-10-28,5,8.5,42.5,0
573402,23353,12494,2011-10-30,12,0.83,9.96,0
573402,21557,12494,2011-10-30,6,2.95,17.7,0
573402,23566,12494,2011-10-30,12,1.25,15.0,0
573402,23564,12494,2011-10-30,12,1.25,15.0,0
573402,22890,12494,2011-10-30,2,9.95,19.9,0
573402,21154,12494,2011-10-30,10,1.25,12.5,0
573402,21976,12494,2011-10-30,24,0.55,13.2,0
573402,21212,12494,2011-10-30,24,0.55,13.2,0
573402,22951,12494,2011-10-30,24,0.55,13.2,0
573402,23307,12494,2011-10-30,24,0.55,13.2,0
573402,23309,12494,2011-10-30,24,0.55,13.2,0
573402,84991,12494,2011-10-30,24,0.55,13.2,0
573402,23559,12494,2011-10-30,6,2.08,12.48,0
573402,23480,12494,2011-10-30,4,3.75,15.0,0
573402,POST,12494,2011-10-30,1,18.0,18.0,0
573428,22210,12571,2011-10-31,12,0.83,9.96,0
573428,85032A,12571,2011-10-31,12,0.65,7.8,0
573428,22554,12571,2011-10-31,12,1.65,19.8,0
573428,22090,12571,2011-10-31,6,2.95,17.7,0
573428,21212,12571,2011-10-31,24,0.55,13.2,0
573428,22492,12571,2011-10-31,36,0.65,23.4,0
573428,20972,12571,2011-10-31,12,1.25,15.0,0
573428,22273,12571,2011-10-31,6,2.95,17.7,0
573428,22585,12571,2011-10-31,12,1.25,15.0,0
573428,21935,12571,2011-10-31,10,1.65,16.5,0
573428,21094,12571,2011-10-31,12,0.85,10.2,0
573428,21086,12571,2011-10-31,12,0.65,7.8,0
573428,21080,12571,2011-10-31,12,0.85,10.2,0
573428,23475,12571,2011-10-31,12,0.83,9.96,0
573428,23480,12571,2011-10-31,4,3.75,15.0,0
573428,22610,12571,2011-10-31,36,0.19,6.84,0
573428,22820,12571,2011-10-31,24,0.65,15.6,0
573428,21213,12571,2011-10-31,24,0.55,13.2,0
573428,21976,12571,2011-10-31,24,0.55,13.2,0
573428,21977,12571,2011-10-31,24,0.55,13.2,0
573442,21739,12488,2011-10-31,6,2.95,17.7,0
573442,23480,12488,2011-10-31,12,3.75,45.0,0
573442,21731,12488,2011-10-31,36,1.65,59.4,0
573442,21481,12488,2011-10-31,4,3.75,15.0,0
573442,21479,12488,2011-10-31,4,4.25,17.0,0
573442,21484,12488,2011-10-31,4,4.25,17.0,0
573442,23084,12488,2011-10-31,24,1.79,42.96,0
573867,23084,12674,2011-11-01,48,1.79,85.92,0
573867,23076,12674,2011-11-01,48,1.25,60.0,0
573867,23500,12674,2011-11-01,20,1.25,25.0,0
573867,20750,12674,2011-11-01,2,7.95,15.9,0
573867,23101,12674,2011-11-01,12,0.83,9.96,0
573867,84375,12674,2011-11-01,12,2.1,25.2,0
573867,23254,12674,2011-11-01,8,4.15,33.2,0
573867,84997D,12674,2011-11-01,8,4.15,33.2,0
573867,23256,12674,2011-11-01,8,4.15,33.2,0
573867,22449,12674,2011-11-01,6,3.35,20.1,0
573867,22332,12674,2011-11-01,8,1.65,13.2,0
573867,22333,12674,2011-11-01,8,1.65,13.2,0
573867,21987,12674,2011-11-01,12,0.65,7.8,0
573867,21086,12674,2011-11-01,12,0.65,7.8,0
573867,22331,12674,2011-11-01,8,1.65,13.2,0
573867,22610,12674,2011-11-01,36,0.19,6.84,0
573867,22029,12674,2011-11-01,12,0.42,5.04,0
573867,22712,12674,2011-11-01,12,0.42,5.04,0
573867,22727,12674,2011-11-01,4,3.75,15.0,0
573867,22726,12674,2011-11-01,4,3.75,15.0,0
573867,22728,12674,2011-11-01,8,3.75,30.0,0
573867,POST,12674,2011-11-01,2,18.0,36.0,0
573867,22326,12674,2011-11-01,12,2.95,35.4,0
573867,22492,12674,2011-11-01,36,0.65,23.4,0
573868,20973,12491,2011-11-01,24,0.65,15.6,0
573868,21249,12491,2011-11-01,6,2.95,17.7,0
573868,20719,12491,2011-11-01,10,0.85,8.5,0
573868,23388,12491,2011-11-01,8,4.15,33.2,0
573868,22326,12491,2011-11-01,6,2.95,17.7,0
573868,22899,12491,2011-11-01,6,2.1,12.6,0
573868,22630,12491,2011-11-01,12,1.95,23.4,0
573868,22661,12491,2011-11-01,10,0.85,8.5,0
573868,23108,12491,2011-11-01,4,6.25,25.0,0
573868,23289,12491,2011-11-01,8,1.25,10.0,0
573868,23291,12491,2011-11-01,8,1.25,10.0,0
573868,23390,12491,2011-11-01,4,4.15,16.6,0
573868,23292,12491,2011-11-01,8,1.25,10.0,0
573868,22367,12491,2011-11-01,8,1.95,15.6,0
573868,20724,12491,2011-11-01,10,0.85,8.5,0
573868,21156,12491,2011-11-01,8,1.95,15.6,0
573868,22139,12491,2011-11-01,3,4.95,14.85,0
573868,22175,12491,2011-11-01,6,2.95,17.7,0
573868,21055,12491,2011-11-01,3,8.95,26.85,0
573868,23290,12491,2011-11-01,8,1.25,10.0,0
573868,23389,12491,2011-11-01,4,4.15,16.6,0
573868,23367,12491,2011-11-01,16,0.65,10.4,0
573868,22320,12491,2011-11-01,3,5.95,17.85,0
573868,22325,12491,2011-11-01,3,4.95,14.85,0
573868,POST,12491,2011-11-01,2,18.0,36.0,0
573868,20973,12491,2011-11-01,72,0.65,46.8,0
C573869,23485,12523,2011-11-01,-1,25.0,-25.0,1
573891,20679,12682,2011-11-01,6,5.95,35.7,0
573891,22352,12682,2011-11-01,12,2.55,30.6,0
573891,23240,12682,2011-11-01,6,4.15,24.9,0
573891,23237,12682,2011-11-01,6,4.15,24.9,0
573891,23480,12682,2011-11-01,4,3.75,15.0,0
573891,23499,12682,2011-11-01,24,0.42,10.08,0
573891,23453,12682,2011-11-01,8,1.95,15.6,0
573891,21915,12682,2011-11-01,12,1.25,15.0,0
573891,21558,12682,2011-11-01,6,2.55,15.3,0
573891,22859,12682,2011-11-01,6,1.65,9.9,0
573891,22556,12682,2011-11-01,12,1.65,19.8,0
573891,22554,12682,2011-11-01,12,1.65,19.8,0
573891,20726,12682,2011-11-01,10,1.65,16.5,0
573891,23084,12682,2011-11-01,216,1.79,386.64,0
573891,23206,12682,2011-11-01,10,1.65,16.5,0
573891,15056BL,12682,2011-11-01,6,5.95,35.7,0
573891,85014B,12682,2011-11-01,3,5.95,17.85,0
573891,22027,12682,2011-11-01,12,0.42,5.04,0
573891,23231,12682,2011-11-01,25,0.42,10.5,0
573891,22704,12682,2011-11-01,25,0.42,10.5,0
573891,POST,12682,2011-11-01,5,18.0,90.0,0
574068,23343,12490,2011-11-02,10,2.08,20.8,0
574068,23314,12490,2011-11-02,2,12.5,25.0,0
574068,23349,12490,2011-11-02,12,1.25,15.0,0
574068,22738,12490,2011-11-02,10,1.65,16.5,0
574068,22895,12490,2011-11-02,12,3.25,39.0,0
574068,23204,12490,2011-11-02,10,0.85,8.5,0
574068,22894,12490,2011-11-02,2,9.95,19.9,0
574068,23287,12490,2011-11-02,8,0.85,6.8,0
574068,22080,12490,2011-11-02,10,1.65,16.5,0
574068,23203,12490,2011-11-02,10,2.08,20.8,0
574068,22386,12490,2011-11-02,10,2.08,20.8,0
574068,85099B,12490,2011-11-02,20,2.08,41.6,0
574068,20724,12490,2011-11-02,10,0.85,8.5,0
574068,22632,12490,2011-11-02,12,2.1,25.2,0
574068,23507,12490,2011-11-02,20,0.42,8.4,0
574068,22328,12490,2011-11-02,6,2.95,17.7,0
574068,23238,12490,2011-11-02,6,4.15,24.9,0
574068,22900,12490,2011-11-02,12,3.25,39.0,0
574068,23084,12490,2011-11-02,96,1.79,171.84,0
574068,22619,12490,2011-11-02,4,3.75,15.0,0
574068,POST,12490,2011-11-02,3,18.0,54.0,0
574068,22090,12490,2011-11-02,6,2.95,17.7,0
574093,21121,12437,2011-11-03,24,1.25,30.0,0
574093,21124,12437,2011-11-03,24,1.25,30.0,0
574093,21122,12437,2011-11-03,24,1.25,30.0,0
574093,21125,12437,2011-11-03,12,1.25,15.0,0
574093,22983,12437,2011-11-03,24,0.42,10.08,0
574093,22029,12437,2011-11-03,24,0.42,10.08,0
574093,22742,12437,2011-11-03,6,2.95,17.7,0
574093,22744,12437,2011-11-03,6,2.95,17.7,0
574093,22693,12437,2011-11-03,24,1.25,30.0,0
574093,21380,12437,2011-11-03,6,2.95,17.7,0
574093,22090,12437,2011-11-03,12,2.95,35.4,0
574093,47590A,12437,2011-11-03,3,5.45,16.35,0
574093,22668,12437,2011-11-03,5,2.95,14.75,0
574093,22085,12437,2011-11-03,6,2.95,17.7,0
574093,21207,12437,2011-11-03,12,1.65,19.8,0
574093,22930,12437,2011-11-03,6,2.55,15.3,0
574093,22937,12437,2011-11-03,6,2.55,15.3,0
574093,22964,12437,2011-11-03,6,2.1,12.6,0
574093,84378,12437,2011-11-03,12,1.45,17.4,0
574093,21212,12437,2011-11-03,24,0.55,13.2,0
574093,21975,12437,2011-11-03,24,0.55,13.2,0
574093,22417,12437,2011-11-03,48,0.55,26.4,0
574093,21213,12437,2011-11-03,24,0.55,13.2,0
574093,22955,12437,2011-11-03,6,2.1,12.6,0
574093,23308,12437,2011-11-03,24,0.55,13.2,0
574093,23293,12437,2011-11-03,8,0.83,6.64,0
574093,21358,12437,2011-11-03,12,1.25,15.0,0
574093,22435,12437,2011-11-03,12,1.25,15.0,0
574093,22440,12437,2011-11-03,20,0.42,8.4,0
574093,23077,12437,2011-11-03,20,1.25,25.0,0
574093,23076,12437,2011-11-03,24,1.25,30.0,0
574093,21843,12437,2011-11-03,5,10.95,54.75,0
574093,72760B,12437,2011-11-03,2,9.95,19.9,0
574093,21210,12437,2011-11-03,12,1.45,17.4,0
574093,22416,12437,2011-11-03,12,1.45,17.4,0
574093,21972,12437,2011-11-03,12,1.45,17.4,0
574093,21974,12437,2011-11-03,12,1.45,17.4,0
574093,22949,12437,2011-11-03,12,1.45,17.4,0
574093,22197,12437,2011-11-03,12,0.85,10.2,0
C574095,22726,12674,2011-11-03,-1,3.75,-3.75,1
C574095,22614,12674,2011-11-03,-1,0.39,-0.39,1
C574095,22326,12674,2011-11-03,-1,2.95,-2.95,1
C574095,22326,12674,2011-11-03,-1,2.95,-2.95,1
C574095,23237,12674,2011-11-03,-1,4.15,-4.15,1
C574095,23254,12674,2011-11-03,-1,4.15,-4.15,1
574104,23084,12615,2011-11-03,96,1.79,171.84,0
574104,23569,12615,2011-11-03,8,4.95,39.6,0
574104,23571,12615,2011-11-03,12,1.65,19.8,0
574104,22947,12615,2011-11-03,6,7.95,47.7,0
574104,20749,12615,2011-11-03,2,7.95,15.9,0
574104,15056BL,12615,2011-11-03,3,5.95,17.85,0
574104,22580,12615,2011-11-03,6,5.95,35.7,0
574104,23267,12615,2011-11-03,12,1.25,15.0,0
574104,23214,12615,2011-11-03,12,2.08,24.96,0
574104,23224,12615,2011-11-03,12,0.83,9.96,0
574104,23222,12615,2011-11-03,12,0.83,9.96,0
574104,23216,12615,2011-11-03,12,1.25,15.0,0
574104,22573,12615,2011-11-03,12,0.85,10.2,0
574104,22574,12615,2011-11-03,12,0.85,10.2,0
574104,22571,12615,2011-11-03,12,0.85,10.2,0
574104,23210,12615,2011-11-03,24,1.25,30.0,0
574104,23213,12615,2011-11-03,12,1.25,15.0,0
574104,23211,12615,2011-11-03,24,1.25,30.0,0
574104,84879,12615,2011-11-03,16,1.69,27.04,0
574104,22966,12615,2011-11-03,12,1.25,15.0,0
574104,22637,12615,2011-11-03,4,2.55,10.2,0
574104,23506,12615,2011-11-03,20,0.42,8.4,0
574104,23508,12615,2011-11-03,20,0.42,8.4,0
574104,21703,12615,2011-11-03,12,0.42,5.04,0
574104,POST,12615,2011-11-03,3,18.0,54.0,0
574252,23480,12437,2011-11-03,8,3.75,30.0,0
574252,22326,12437,2011-11-03,12,2.95,35.4,0
574252,22630,12437,2011-11-03,12,1.95,23.4,0
574252,22629,12437,2011-11-03,12,1.95,23.4,0
574252,20726,12437,2011-11-03,20,1.65,33.0,0
574252,22554,12437,2011-11-03,12,1.65,19.8,0
574252,23084,12437,2011-11-03,6,2.08,12.48,0
574252,23382,12437,2011-11-03,8,3.75,30.0,0
574252,22215,12437,2011-11-03,2,8.5,17.0,0
574252,POST,12437,2011-11-03,2,18.0,36.0,0
574252,M,12437,2011-11-03,1,0.0,0.0,0
C574261,23325,12683,2011-11-03,-6,1.65,-9.9,1
C574261,22352,12683,2011-11-03,-1,2.55,-2.55,1
C574261,21208,12683,2011-11-03,-5,0.39,-1.95,1
C574261,22636,12683,2011-11-03,-4,8.5,-34.0,1
C574261,23169,12683,2011-11-03,-2,4.15,-8.3,1
C574261,23236,12683,2011-11-03,-4,2.89,-11.56,1
574501,21427,12577,2011-11-04,5,2.1,10.5,0
574501,21365,12577,2011-11-04,2,0.75,1.5,0
574501,21371,12577,2011-11-04,3,0.75,2.25,0
574501,21374,12577,2011-11-04,3,1.25,3.75,0
574501,21369,12577,2011-11-04,2,1.25,2.5,0
574501,84519B,12577,2011-11-04,2,1.25,2.5,0
574501,84519A,12577,2011-11-04,2,1.25,2.5,0
574501,21402,12577,2011-11-04,3,0.12,0.36,0
574501,21403,12577,2011-11-04,3,0.12,0.36,0
574501,21394,12577,2011-11-04,6,0.39,2.34,0
574501,23332,12577,2011-11-04,4,1.65,6.6,0
574501,23274,12577,2011-11-04,5,1.65,8.25,0
574501,23273,12577,2011-11-04,5,1.65,8.25,0
574501,22065,12577,2011-11-04,4,0.39,1.56,0
574501,22306,12577,2011-11-04,6,1.06,6.36,0
574501,22791,12577,2011-11-04,12,1.25,15.0,0
574501,23103,12577,2011-11-04,5,1.65,8.25,0
574501,21070,12577,2011-11-04,6,1.25,7.5,0
574501,21012,12577,2011-11-04,4,2.1,8.4,0
574501,84596B,12577,2011-11-04,8,0.42,3.36,0
574501,84596F,12577,2011-11-04,8,0.42,3.36,0
574501,70007,12577,2011-11-04,5,1.65,8.25,0
574501,16225,12577,2011-11-04,4,1.25,5.0,0
574501,23501,12577,2011-11-04,20,1.25,25.0,0
574501,23500,12577,2011-11-04,20,1.25,25.0,0
574501,22327,12577,2011-11-04,4,2.95,11.8,0
574501,20961,12577,2011-11-04,3,1.25,3.75,0
574501,20963,12577,2011-11-04,3,1.25,3.75,0
574501,79066K,12577,2011-11-04,3,0.85,2.55,0
574501,22207,12577,2011-11-04,3,4.25,12.75,0
574501,21306,12577,2011-11-04,3,0.29,0.87,0
574501,23077,12577,2011-11-04,20,1.25,25.0,0
574501,22992,12577,2011-11-04,7,1.95,13.65,0
574501,22174,12577,2011-11-04,3,1.65,4.95,0
574501,23281,12577,2011-11-04,2,0.83,1.66,0
574501,23282,12577,2011-11-04,2,0.83,1.66,0
574501,23280,12577,2011-11-04,2,0.83,1.66,0
574501,16238,12577,2011-11-04,5,0.21,1.05,0
574501,16237,12577,2011-11-04,5,0.21,1.05,0
574501,22211,12577,2011-11-04,2,0.83,1.66,0
574501,22208,12577,2011-11-04,2,0.83,1.66,0
574501,23196,12577,2011-11-04,3,1.45,4.35,0
574501,23198,12577,2011-11-04,3,1.45,4.35,0
574501,23503,12577,2011-11-04,2,1.25,2.5,0
574501,23504,12577,2011-11-04,2,1.25,2.5,0
574501,23505,12577,2011-11-04,2,1.25,2.5,0
574501,23121,12577,2011-11-04,2,0.42,0.84,0
574501,23120,12577,2011-11-04,2,0.42,0.84,0
574501,23504,12577,2011-11-04,4,1.25,5.0,0
574501,10120,12577,2011-11-04,10,0.21,2.1,0
574501,23366,12577,2011-11-04,6,0.65,3.9,0
574501,20974,12577,2011-11-04,6,0.65,3.9,0
574501,23365,12577,2011-11-04,6,0.65,3.9,0
574501,22596,12577,2011-11-04,12,1.25,15.0,0
574501,22068,12577,2011-11-04,2,1.65,3.3,0
574501,47503A,12577,2011-11-04,12,0.42,5.04,0
574501,84950,12577,2011-11-04,12,0.65,7.8,0
574501,21034,12577,2011-11-04,2,0.95,1.9,0
574506,23583,12577,2011-11-04,1,1.65,1.65,0
574506,23489,12577,2011-11-04,2,2.89,5.78,0
574506,16225,12577,2011-11-04,2,1.25,2.5,0
574506,23085,12577,2011-11-04,3,10.4,31.2,0
574506,23202,12577,2011-11-04,1,2.08,2.08,0
574506,22384,12577,2011-11-04,1,1.65,1.65,0
574506,84673B,12577,2011-11-04,1,0.65,0.65,0
574506,23214,12577,2011-11-04,2,2.08,4.16,0
574506,M,12577,2011-11-04,1,3.95,3.95,0
574506,23283,12577,2011-11-04,1,8.25,8.25,0
574506,23192,12577,2011-11-04,1,1.65,1.65,0
574506,22197,12577,2011-11-04,2,0.85,1.7,0
574506,23284,12577,2011-11-04,1,8.25,8.25,0
574506,21372,12577,2011-11-04,1,0.75,0.75,0
574506,22910,12577,2011-11-04,1,2.95,2.95,0
574506,22144,12577,2011-11-04,1,2.1,2.1,0
574506,23085,12577,2011-11-04,3,10.4,31.2,0
574506,48173C,12577,2011-11-04,1,8.25,8.25,0
574506,22207,12577,2011-11-04,1,4.25,4.25,0
574506,22792,12577,2011-11-04,2,0.85,1.7,0
574506,23356,12577,2011-11-04,1,5.95,5.95,0
574506,22197,12577,2011-11-04,4,0.85,3.4,0
C574512,23085,12577,2011-11-04,-6,10.4,-62.4,1
574918,22227,-1,2011-11-07,52,0.65,33.8,0
574918,22602,-1,2011-11-07,20,0.85,17.0,0
574918,21818,-1,2011-11-07,20,0.39,7.8,0
574918,22338,-1,2011-11-07,10,0.19,1.9,0
574918,22219,-1,2011-11-07,32,0.85,27.2,0
574918,22335,-1,2011-11-07,22,0.65,14.3,0
574918,23201,-1,2011-11-07,2,2.08,4.16,0
574918,85136A,-1,2011-11-07,1,7.95,7.95,0
574918,21822,-1,2011-11-07,12,0.79,9.48,0
574918,22948,-1,2011-11-07,24,0.85,20.4,0
574918,21811,-1,2011-11-07,48,0.39,18.72,0
574918,84836,-1,2011-11-07,24,1.25,30.0,0
574918,22989,-1,2011-11-07,3,3.25,9.75,0
574918,22990,-1,2011-11-07,1,4.95,4.95,0
574918,22367,-1,2011-11-07,1,1.95,1.95,0
574918,47591D,-1,2011-11-07,1,1.95,1.95,0
574918,22899,-1,2011-11-07,1,2.1,2.1,0
574918,22900,-1,2011-11-07,1,3.25,3.25,0
574918,22138,-1,2011-11-07,1,4.95,4.95,0
574918,23344,-1,2011-11-07,1,2.08,2.08,0
574918,23582,-1,2011-11-07,1,2.08,2.08,0
574918,23393,-1,2011-11-07,2,3.75,7.5,0
574918,23394,-1,2011-11-07,2,3.75,7.5,0
574918,23355,-1,2011-11-07,1,4.95,4.95,0
574918,21003,-1,2011-11-07,1,6.35,6.35,0
574918,23358,-1,2011-11-07,1,3.75,3.75,0
574918,21481,-1,2011-11-07,1,3.75,3.75,0
574918,84032B,-1,2011-11-07,1,2.95,2.95,0
574918,23494,-1,2011-11-07,2,5.95,11.9,0
574918,23240,-1,2011-11-07,2,4.15,8.3,0
574918,23535,-1,2011-11-07,1,5.95,5.95,0
C574946,22960,12656,2011-11-08,-2,4.25,-8.5,1
575049,22629,12721,2011-11-08,12,1.95,23.4,0
575049,22630,12721,2011-11-08,12,1.95,23.4,0
575049,23382,12721,2011-11-08,8,3.75,30.0,0
575049,23354,12721,2011-11-08,24,0.83,19.92,0
575049,23353,12721,2011-11-08,24,0.83,19.92,0
575049,22959,12721,2011-11-08,25,0.42,10.5,0
575049,22778,12721,2011-11-08,4,3.95,15.8,0
575049,47599B,12721,2011-11-08,6,2.1,12.6,0
575049,22331,12721,2011-11-08,8,1.65,13.2,0
575049,22333,12721,2011-11-08,8,1.65,13.2,0
575049,23344,12721,2011-11-08,10,2.08,20.8,0
575049,85099B,12721,2011-11-08,10,2.08,20.8,0
575049,23569,12721,2011-11-08,4,4.95,19.8,0
575049,21499,12721,2011-11-08,25,0.42,10.5,0
575049,21500,12721,2011-11-08,25,0.42,10.5,0
575049,16169E,12721,2011-11-08,25,0.42,10.5,0
575049,23350,12721,2011-11-08,12,1.25,15.0,0
575049,23256,12721,2011-11-08,4,4.15,16.6,0
575049,23254,12721,2011-11-08,4,4.15,16.6,0
575049,23267,12721,2011-11-08,12,1.25,15.0,0
575049,22734,12721,2011-11-08,6,2.89,17.34,0
575049,22952,12721,2011-11-08,24,0.55,13.2,0
575049,22909,12721,2011-11-08,12,0.85,10.2,0
575049,23084,12721,2011-11-08,18,2.08,37.44,0
575049,23434,12721,2011-11-08,10,0.79,7.9,0
575049,22941,12721,2011-11-08,2,8.5,17.0,0
575049,23245,12721,2011-11-08,4,4.95,19.8,0
575049,21731,12721,2011-11-08,12,1.65,19.8,0
575049,22551,12721,2011-11-08,12,1.65,19.8,0
575049,22554,12721,2011-11-08,12,1.65,19.8,0
575049,23291,12721,2011-11-08,8,1.25,10.0,0
575049,23292,12721,2011-11-08,8,1.25,10.0,0
575049,23289,12721,2011-11-08,8,1.25,10.0,0
575049,23290,12721,2011-11-08,8,1.25,10.0,0
575049,POST,12721,2011-11-08,3,18.0,54.0,0
575067,23480,12583,2011-11-08,20,3.75,75.0,0
575067,23570,12583,2011-11-08,12,1.25,15.0,0
575067,23367,12583,2011-11-08,16,0.65,10.4,0
575067,22555,12583,2011-11-08,24,1.65,39.6,0
575067,22951,12583,2011-11-08,24,0.55,13.2,0
575067,22417,12583,2011-11-08,24,0.55,13.2,0
575067,21976,12583,2011-11-08,24,0.55,13.2,0
575067,20719,12583,2011-11-08,20,0.85,17.0,0
575067,20724,12583,2011-11-08,20,0.85,17.0,0
575067,22356,12583,2011-11-08,10,0.85,8.5,0
575067,22492,12583,2011-11-08,108,0.65,70.2,0
575067,22636,12583,2011-11-08,4,8.5,34.0,0
575067,22197,12583,2011-11-08,24,0.85,20.4,0
575067,22083,12583,2011-11-08,6,2.95,17.7,0
575067,22326,12583,2011-11-08,6,2.95,17.7,0
575067,22328,12583,2011-11-08,12,2.95,35.4,0
575067,21207,12583,2011-11-08,12,1.65,19.8,0
575067,22727,12583,2011-11-08,24,3.75,90.0,0
575067,22726,12583,2011-11-08,16,3.75,60.0,0
575067,22728,12583,2011-11-08,12,3.75,45.0,0
575067,22730,12583,2011-11-08,12,3.75,45.0,0
575067,23445,12583,2011-11-08,20,0.83,16.6,0
575067,23298,12583,2011-11-08,9,4.95,44.55,0
575067,POST,12583,2011-11-08,2,18.0,36.0,0
575193,23245,12681,2011-11-09,4,4.95,19.8,0
575193,23324,12681,2011-11-09,12,2.08,24.96,0
575193,23445,12681,2011-11-09,20,0.83,16.6,0
575193,21731,12681,2011-11-09,12,1.65,19.8,0
575193,22352,12681,2011-11-09,6,2.55,15.3,0
575193,23203,12681,2011-11-09,10,2.08,20.8,0
575193,23202,12681,2011-11-09,10,2.08,20.8,0
575193,23159,12681,2011-11-09,12,2.08,24.96,0
575193,22402,12681,2011-11-09,12,0.39,4.68,0
575193,22032,12681,2011-11-09,12,0.42,5.04,0
575193,21509,12681,2011-11-09,12,0.42,5.04,0
575193,23084,12681,2011-11-09,24,1.79,42.96,0
575193,22990,12681,2011-11-09,2,4.95,9.9,0
575193,47591D,12681,2011-11-09,8,1.95,15.6,0
575193,22727,12681,2011-11-09,4,3.75,15.0,0
575193,22728,12681,2011-11-09,4,3.75,15.0,0
575193,22411,12681,2011-11-09,10,2.08,20.8,0
575193,20615,12681,2011-11-09,20,0.75,15.0,0
575193,22556,12681,2011-11-09,12,1.65,19.8,0
575193,22553,12681,2011-11-09,12,1.65,19.8,0
575193,23494,12681,2011-11-09,3,5.95,17.85,0
575193,23566,12681,2011-11-09,12,1.25,15.0,0
575193,23565,12681,2011-11-09,12,1.25,15.0,0
575193,22423,12681,2011-11-09,1,12.75,12.75,0
575193,23052,12681,2011-11-09,2,8.25,16.5,0
575193,22326,12681,2011-11-09,6,2.95,17.7,0
575193,22328,12681,2011-11-09,6,2.95,17.7,0
575193,22382,12681,2011-11-09,10,1.65,16.5,0
575193,23583,12681,2011-11-09,10,1.65,16.5,0
575193,23208,12681,2011-11-09,10,1.65,16.5,0
575193,20749,12681,2011-11-09,2,7.95,15.9,0
575193,22964,12681,2011-11-09,6,2.1,12.6,0
575193,84380,12681,2011-11-09,12,1.45,17.4,0
575193,23243,12681,2011-11-09,4,4.95,19.8,0
575193,85232D,12681,2011-11-09,3,4.95,14.85,0
575193,23198,12681,2011-11-09,12,1.45,17.4,0
575193,23196,12681,2011-11-09,12,1.45,17.4,0
575193,POST,12681,2011-11-09,5,18.0,90.0,0
575326,22340,12532,2011-11-09,24,0.39,9.36,0
575326,23313,12532,2011-11-09,5,4.95,24.75,0
575326,22910,12532,2011-11-09,6,2.95,17.7,0
575326,22945,12532,2011-11-09,12,0.85,10.2,0
575326,23082,12532,2011-11-09,6,3.75,22.5,0
575326,23083,12532,2011-11-09,12,3.75,45.0,0
575326,23318,12532,2011-11-09,12,2.49,29.88,0
575326,23319,12532,2011-11-09,6,2.49,14.94,0
575326,22076,12532,2011-11-09,12,1.65,19.8,0
575326,21012,12532,2011-11-09,6,2.1,12.6,0
575326,84946,12532,2011-11-09,12,1.25,15.0,0
575326,23491,12532,2011-11-09,2,8.25,16.5,0
575326,23439,12532,2011-11-09,12,2.1,25.2,0
575326,22866,12532,2011-11-09,12,2.1,25.2,0
575326,22867,12532,2011-11-09,12,2.1,25.2,0
575326,POST,12532,2011-11-09,2,18.0,36.0,0
575519,23084,12682,2011-11-10,48,1.79,85.92,0
575519,23480,12682,2011-11-10,8,3.75,30.0,0
575519,23353,12682,2011-11-10,12,0.83,9.96,0
575519,22617,12682,2011-11-10,3,4.95,14.85,0
575519,23571,12682,2011-11-10,12,1.65,19.8,0
575519,23570,12682,2011-11-10,12,1.25,15.0,0
575519,22941,12682,2011-11-10,2,8.5,17.0,0
575519,22899,12682,2011-11-10,6,2.1,12.6,0
575519,84375,12682,2011-11-10,12,2.1,25.2,0
575519,22748,12682,2011-11-10,6,2.1,12.6,0
575519,21791,12682,2011-11-10,12,1.25,15.0,0
575519,23506,12682,2011-11-10,20,0.42,8.4,0
575519,23506,12682,2011-11-10,20,0.42,8.4,0
575519,22661,12682,2011-11-10,10,0.85,8.5,0
575519,POST,12682,2011-11-10,2,18.0,36.0,0
575581,23395,12659,2011-11-10,4,3.75,15.0,0
575581,23396,12659,2011-11-10,4,3.75,15.0,0
575581,22944,12659,2011-11-10,72,0.39,28.08,0
575581,85015,12659,2011-11-10,24,0.65,15.6,0
575581,POST,12659,2011-11-10,1,18.0,18.0,0
575584,23203,12682,2011-11-10,10,2.08,20.8,0
575584,23199,12682,2011-11-10,10,2.08,20.8,0
575584,23582,12682,2011-11-10,10,2.08,20.8,0
575584,20712,12682,2011-11-10,10,2.08,20.8,0
575584,23209,12682,2011-11-10,10,1.65,16.5,0
575584,23569,12682,2011-11-10,4,4.95,19.8,0
575584,22086,12682,2011-11-10,6,2.95,17.7,0
575584,22910,12682,2011-11-10,6,2.95,17.7,0
575584,21774,12682,2011-11-10,12,1.25,15.0,0
575584,85099B,12682,2011-11-10,10,2.08,20.8,0
575584,23200,12682,2011-11-10,10,2.08,20.8,0
575584,20750,12682,2011-11-10,2,7.95,15.9,0
575584,POST,12682,2011-11-10,1,18.0,18.0,0
575629,35970,12599,2011-11-10,12,1.69,20.28,0
575629,22086,12599,2011-11-10,6,2.95,17.7,0
575629,22909,12599,2011-11-10,12,0.85,10.2,0
575629,23354,12599,2011-11-10,12,0.83,9.96,0
575629,23353,12599,2011-11-10,12,0.83,9.96,0
575629,21987,12599,2011-11-10,12,0.65,7.8,0
575629,21988,12599,2011-11-10,12,0.85,10.2,0
575629,20975,12599,2011-11-10,24,0.65,15.6,0
575629,20973,12599,2011-11-10,24,0.65,15.6,0
575629,22540,12599,2011-11-10,24,0.42,10.08,0
575629,22544,12599,2011-11-10,24,0.42,10.08,0
575629,22539,12599,2011-11-10,24,0.42,10.08,0
575629,20676,12599,2011-11-10,8,1.25,10.0,0
575629,POST,12599,2011-11-10,1,18.0,18.0,0
575661,20718,12617,2011-11-10,20,1.25,25.0,0
575661,23209,12617,2011-11-10,1,1.65,1.65,0
575661,22607,12617,2011-11-10,1,9.95,9.95,0
575661,23490,12617,2011-11-10,6,3.75,22.5,0
575661,23349,12617,2011-11-10,5,1.25,6.25,0
575661,23350,12617,2011-11-10,5,1.25,6.25,0
575661,23501,12617,2011-11-10,1,1.25,1.25,0
575661,21703,12617,2011-11-10,3,0.42,1.26,0
575661,22079,12617,2011-11-10,10,1.65,16.5,0
575661,22080,12617,2011-11-10,10,1.65,16.5,0
575661,22081,12617,2011-11-10,5,1.65,8.25,0
575661,22078,12617,2011-11-10,5,2.1,10.5,0
575661,22776,12617,2011-11-10,1,9.95,9.95,0
575661,22732,12617,2011-11-10,3,1.25,3.75,0
575661,22734,12617,2011-11-10,10,2.89,28.9,0
575661,22077,12617,2011-11-10,10,1.95,19.5,0
575661,90099,12617,2011-11-10,1,2.55,2.55,0
575661,23371,12617,2011-11-10,1,1.25,1.25,0
575661,23322,12617,2011-11-10,4,2.95,11.8,0
575661,22737,12617,2011-11-10,4,1.65,6.6,0
575661,23512,12617,2011-11-10,5,2.08,10.4,0
575661,23515,12617,2011-11-10,5,2.08,10.4,0
575661,23511,12617,2011-11-10,10,2.08,20.8,0
575661,23514,12617,2011-11-10,10,2.08,20.8,0
575661,23513,12617,2011-11-10,10,2.08,20.8,0
575661,21098,12617,2011-11-10,2,1.25,2.5,0
575661,23321,12617,2011-11-10,3,1.65,4.95,0
575661,22469,12617,2011-11-10,2,1.65,3.3,0
575661,23329,12617,2011-11-10,4,1.65,6.6,0
575661,23332,12617,2011-11-10,6,1.65,9.9,0
575661,22578,12617,2011-11-10,6,0.29,1.74,0
575661,22577,12617,2011-11-10,6,0.29,1.74,0
575661,23333,12617,2011-11-10,1,1.25,1.25,0
575661,22573,12617,2011-11-10,1,0.85,0.85,0
575661,22571,12617,2011-11-10,3,0.85,2.55,0
575661,22573,12617,2011-11-10,6,0.85,5.1,0
575661,23333,12617,2011-11-10,5,1.25,6.25,0
575661,22574,12617,2011-11-10,6,0.85,5.1,0
575661,22579,12617,2011-11-10,6,0.29,1.74,0
575661,22571,12617,2011-11-10,3,0.85,2.55,0
575661,22572,12617,2011-11-10,6,0.85,5.1,0
575661,21034,12617,2011-11-10,1,0.95,0.95,0
575671,23084,12670,2011-11-10,48,1.79,85.92,0
575671,23480,12670,2011-11-10,12,3.75,45.0,0
575671,23350,12670,2011-11-10,12,1.25,15.0,0
575671,23351,12670,2011-11-10,12,1.25,15.0,0
575671,23349,12670,2011-11-10,12,1.25,15.0,0
575671,23353,12670,2011-11-10,48,0.83,39.84,0
575671,22952,12670,2011-11-10,24,0.55,13.2,0
575671,21976,12670,2011-11-10,24,0.55,13.2,0
575671,20749,12670,2011-11-10,8,7.95,63.6,0
575671,20750,12670,2011-11-10,8,7.95,63.6,0
575671,22326,12670,2011-11-10,24,2.95,70.8,0
575671,22554,12670,2011-11-10,12,1.65,19.8,0
575671,22551,12670,2011-11-10,12,1.65,19.8,0
575671,22556,12670,2011-11-10,12,1.65,19.8,0
575671,21770,12670,2011-11-10,2,4.95,9.9,0
575671,22976,12670,2011-11-10,12,1.25,15.0,0
575671,22964,12670,2011-11-10,12,2.1,25.2,0
575671,22966,12670,2011-11-10,12,1.25,15.0,0
575671,22992,12670,2011-11-10,24,1.95,46.8,0
575671,POST,12670,2011-11-10,3,18.0,54.0,0
575692,21452,12508,2011-11-10,3,2.95,8.85,0
575692,21484,12508,2011-11-10,3,4.25,12.75,0
575692,21485,12508,2011-11-10,2,4.95,9.9,0
575692,23597,12508,2011-11-10,1,2.95,2.95,0
575692,20974,12508,2011-11-10,5,0.65,3.25,0
575692,20973,12508,2011-11-10,5,0.65,3.25,0
575692,23369,12508,2011-11-10,5,1.25,6.25,0
575692,20975,12508,2011-11-10,5,0.65,3.25,0
575692,22339,12508,2011-11-10,10,0.19,1.9,0
575692,21819,12508,2011-11-10,2,0.39,0.78,0
575692,85199S,12508,2011-11-10,10,0.42,4.2,0
575692,23103,12508,2011-11-10,5,1.65,8.25,0
575692,21891,12508,2011-11-10,3,1.45,4.35,0
575692,22620,12508,2011-11-10,3,1.45,4.35,0
575692,21818,12508,2011-11-10,1,0.39,0.39,0
575692,21494,12508,2011-11-10,5,1.25,6.25,0
575692,23082,12508,2011-11-10,3,3.75,11.25,0
575692,22086,12508,2011-11-10,1,2.95,2.95,0
575692,23452,12508,2011-11-10,6,1.95,11.7,0
575692,23265,12508,2011-11-10,1,1.25,1.25,0
575692,85130C,12508,2011-11-10,3,0.79,2.37,0
575692,22577,12508,2011-11-10,3,0.29,0.87,0
575692,22601,12508,2011-11-10,10,0.85,8.5,0
575692,22595,12508,2011-11-10,10,0.85,8.5,0
575692,22219,12508,2011-11-10,10,0.85,8.5,0
575692,23211,12508,2011-11-10,1,1.25,1.25,0
575692,23210,12508,2011-11-10,2,1.25,2.5,0
575692,22578,12508,2011-11-10,2,0.29,0.58,0
575692,22577,12508,2011-11-10,5,0.29,1.45,0
575692,23211,12508,2011-11-10,2,1.25,2.5,0
575692,23210,12508,2011-11-10,1,1.25,1.25,0
575692,22255,12508,2011-11-10,4,0.85,3.4,0
575692,21439,12508,2011-11-10,5,1.25,6.25,0
575692,22619,12508,2011-11-10,3,3.75,11.25,0
575692,22115,12508,2011-11-10,3,0.79,2.37,0
575692,22970,12508,2011-11-10,3,2.55,7.65,0
575692,22971,12508,2011-11-10,3,2.55,7.65,0
575692,22144,12508,2011-11-10,3,2.1,6.3,0
575692,22149,12508,2011-11-10,3,2.1,6.3,0
575692,22744,12508,2011-11-10,1,2.95,2.95,0
575692,22150,12508,2011-11-10,3,1.95,5.85,0
575692,23334,12508,2011-11-10,9,0.63,5.67,0
575692,23266,12508,2011-11-10,1,1.25,1.25,0
575692,21818,12508,2011-11-10,1,0.39,0.39,0
575692,22578,12508,2011-11-10,8,0.29,2.32,0
575692,22139,12508,2011-11-10,4,4.95,19.8,0
575692,23321,12508,2011-11-10,5,1.65,8.25,0
575692,22696,12508,2011-11-10,3,1.95,5.85,0
575692,22695,12508,2011-11-10,3,1.45,4.35,0
575692,46000S,12508,2011-11-10,5,1.45,7.25,0
575692,23396,12508,2011-11-10,3,3.75,11.25,0
575692,21926,12508,2011-11-10,2,1.25,2.5,0
575747,22646,12589,2011-11-11,12,1.45,17.4,0
575747,22645,12589,2011-11-11,12,1.45,17.4,0
575747,21124,12589,2011-11-11,24,1.25,30.0,0
575747,21122,12589,2011-11-11,24,1.25,30.0,0
575747,21121,12589,2011-11-11,24,1.25,30.0,0
575747,22367,12589,2011-11-11,8,1.95,15.6,0
575747,47591D,12589,2011-11-11,8,1.95,15.6,0
575747,22080,12589,2011-11-11,10,1.65,16.5,0
575747,22964,12589,2011-11-11,6,2.1,12.6,0
575747,84380,12589,2011-11-11,12,1.45,17.4,0
575747,22965,12589,2011-11-11,6,2.1,12.6,0
575747,84378,12589,2011-11-11,12,1.45,17.4,0
575747,22423,12589,2011-11-11,4,12.75,51.0,0
575747,23245,12589,2011-11-11,4,4.95,19.8,0
575747,23294,12589,2011-11-11,8,0.83,6.64,0
575747,23296,12589,2011-11-11,8,1.25,10.0,0
575747,23295,12589,2011-11-11,8,0.83,6.64,0
575747,22838,12589,2011-11-11,2,14.95,29.9,0
575747,22627,12589,2011-11-11,2,8.5,17.0,0
575747,22625,12589,2011-11-11,2,8.5,17.0,0
575747,22624,12589,2011-11-11,2,8.5,17.0,0
575747,22591,12589,2011-11-11,6,3.25,19.5,0
575747,22739,12589,2011-11-11,10,1.65,16.5,0
575747,22086,12589,2011-11-11,6,2.95,17.7,0
575747,POST,12589,2011-11-11,3,18.0,54.0,0
575759,22577,-1,2011-11-11,94,0.29,27.26,0
575759,22578,-1,2011-11-11,10,0.29,2.9,0
575759,23481,-1,2011-11-11,10,1.25,12.5,0
575759,21833,-1,2011-11-11,1,1.69,1.69,0
575759,85227,-1,2011-11-11,1,0.85,0.85,0
575759,84559A,-1,2011-11-11,2,0.85,1.7,0
575759,21881,-1,2011-11-11,1,0.65,0.65,0
575759,84569A,-1,2011-11-11,1,1.25,1.25,0
575759,22551,-1,2011-11-11,1,1.65,1.65,0
575759,84558A,-1,2011-11-11,2,2.95,5.9,0
575759,22972,-1,2011-11-11,1,1.65,1.65,0
575759,21107,-1,2011-11-11,2,2.95,5.9,0
575759,22138,-1,2011-11-11,1,4.95,4.95,0
575759,22617,-1,2011-11-11,1,4.95,4.95,0
575759,84836,-1,2011-11-11,24,1.25,30.0,0
575759,21811,-1,2011-11-11,48,0.39,18.72,0
575759,21822,-1,2011-11-11,12,0.79,9.48,0
575759,21034,-1,2011-11-11,1,0.95,0.95,0
575845,23158,12598,2011-11-11,12,2.08,24.96,0
575845,23204,12598,2011-11-11,50,0.85,42.5,0
575845,20724,12598,2011-11-11,30,0.85,25.5,0
575845,22661,12598,2011-11-11,20,0.85,17.0,0
575845,22551,12598,2011-11-11,24,1.65,39.6,0
575845,22554,12598,2011-11-11,12,1.65,19.8,0
575845,22556,12598,2011-11-11,12,1.65,19.8,0
575845,23084,12598,2011-11-11,12,2.08,24.96,0
575845,23371,12598,2011-11-11,16,1.25,20.0,0
575845,23372,12598,2011-11-11,16,1.25,20.0,0
575845,22609,12598,2011-11-11,36,0.19,6.84,0
575845,22610,12598,2011-11-11,36,0.19,6.84,0
575845,22181,12598,2011-11-11,60,0.85,51.0,0
575845,POST,12598,2011-11-11,1,18.0,18.0,0
575880,23382,12726,2011-11-11,4,3.75,15.0,0
575880,22964,12726,2011-11-11,6,2.1,12.6,0
575880,22082,12726,2011-11-11,10,1.65,16.5,0
575880,22531,12726,2011-11-11,72,0.42,30.24,0
575880,22908,12726,2011-11-11,24,0.85,20.4,0
575880,21207,12726,2011-11-11,12,1.65,19.8,0
575880,21086,12726,2011-11-11,48,0.65,31.2,0
575880,21094,12726,2011-11-11,36,0.85,30.6,0
575880,21080,12726,2011-11-11,24,0.85,20.4,0
575880,22529,12726,2011-11-11,24,0.42,10.08,0
575880,22535,12726,2011-11-11,24,0.42,10.08,0
575880,21988,12726,2011-11-11,12,0.85,10.2,0
575880,22437,12726,2011-11-11,20,0.85,17.0,0
575880,22620,12726,2011-11-11,36,1.45,52.2,0
575880,22435,12726,2011-11-11,12,1.25,15.0,0
575880,22492,12726,2011-11-11,72,0.65,46.8,0
575880,21987,12726,2011-11-11,12,0.65,7.8,0
575880,22544,12726,2011-11-11,48,0.42,20.16,0
575880,22440,12726,2011-11-11,20,0.42,8.4,0
575880,22550,12726,2011-11-11,4,3.75,15.0,0
575880,21912,12726,2011-11-11,4,3.75,15.0,0
575880,22255,12726,2011-11-11,36,0.85,30.6,0
575880,21122,12726,2011-11-11,24,1.25,30.0,0
575880,21121,12726,2011-11-11,24,1.25,30.0,0
575880,21123,12726,2011-11-11,24,1.25,30.0,0
575880,21124,12726,2011-11-11,24,1.25,30.0,0
575880,22333,12726,2011-11-11,8,1.65,13.2,0
575880,21989,12726,2011-11-11,24,0.85,20.4,0
575880,22613,12726,2011-11-11,24,0.85,20.4,0
575880,22080,12726,2011-11-11,10,1.65,16.5,0
575880,22549,12726,2011-11-11,12,1.45,17.4,0
575880,21791,12726,2011-11-11,12,1.25,15.0,0
575880,21888,12726,2011-11-11,4,3.75,15.0,0
575880,23229,12726,2011-11-11,6,3.75,22.5,0
575880,21913,12726,2011-11-11,4,3.75,15.0,0
575880,POST,12726,2011-11-11,3,18.0,54.0,0
575884,85048,12685,2011-11-11,8,7.95,63.6,0
575884,23058,12685,2011-11-11,12,0.79,9.48,0
575884,22575,12685,2011-11-11,8,1.95,15.6,0
575884,22594,12685,2011-11-11,12,0.85,10.2,0
575884,23221,12685,2011-11-11,12,0.83,9.96,0
575884,23351,12685,2011-11-11,12,1.25,15.0,0
575884,85230B,12685,2011-11-11,24,0.29,6.96,0
575884,35970,12685,2011-11-11,12,1.69,20.28,0
575884,23084,12685,2011-11-11,6,2.08,12.48,0
575884,23480,12685,2011-11-11,4,3.75,15.0,0
575884,23203,12685,2011-11-11,10,2.08,20.8,0
575884,23209,12685,2011-11-11,10,1.65,16.5,0
575884,21135,12685,2011-11-11,8,1.69,13.52,0
575884,22593,12685,2011-11-11,12,0.85,10.2,0
575884,22601,12685,2011-11-11,12,0.85,10.2,0
575884,22940,12685,2011-11-11,4,4.25,17.0,0
575884,23275,12685,2011-11-11,12,1.25,15.0,0
575884,22727,12685,2011-11-11,8,3.75,30.0,0
575884,22726,12685,2011-11-11,4,3.75,15.0,0
575884,22728,12685,2011-11-11,4,3.75,15.0,0
575884,23109,12685,2011-11-11,6,2.89,17.34,0
575884,POST,12685,2011-11-11,3,18.0,54.0,0
575916,21731,12691,2011-11-11,96,1.65,158.4,0
575916,POST,12691,2011-11-11,1,18.0,18.0,0
576064,21326,12508,2011-11-13,3,0.65,1.95,0
576064,82482,12508,2011-11-13,3,2.95,8.85,0
576064,20724,12508,2011-11-13,5,0.85,4.25,0
576064,22619,12508,2011-11-13,2,3.75,7.5,0
576064,22219,12508,2011-11-13,5,0.85,4.25,0
576064,23367,12508,2011-11-13,5,0.65,3.25,0
576064,22544,12508,2011-11-13,5,0.42,2.1,0
576064,22139,12508,2011-11-13,4,4.95,19.8,0
576064,22255,12508,2011-11-13,5,0.85,4.25,0
576064,21439,12508,2011-11-13,4,1.25,5.0,0
576064,22507,12508,2011-11-13,2,4.95,9.9,0
576064,20719,12508,2011-11-13,5,0.85,4.25,0
576064,22588,12508,2011-11-13,7,2.89,20.23,0
576064,21429,12508,2011-11-13,6,1.95,11.7,0
576064,46000S,12508,2011-11-13,4,1.45,5.8,0
576064,23395,12508,2011-11-13,2,3.75,7.5,0
576064,21926,12508,2011-11-13,2,1.25,2.5,0
576087,21731,12689,2011-11-14,24,1.65,39.6,0
576087,22027,12689,2011-11-14,24,0.42,10.08,0
576087,22037,12689,2011-11-14,12,0.42,5.04,0
576087,23292,12689,2011-11-14,8,1.25,10.0,0
576087,22634,12689,2011-11-14,4,9.95,39.8,0
576087,22551,12689,2011-11-14,12,1.65,19.8,0
576087,23290,12689,2011-11-14,8,1.25,10.0,0
576087,22382,12689,2011-11-14,10,1.65,16.5,0
576087,22385,12689,2011-11-14,10,2.08,20.8,0
576087,22635,12689,2011-11-14,4,9.95,39.8,0
576087,20726,12689,2011-11-14,10,1.65,16.5,0
576087,20725,12689,2011-11-14,10,1.65,16.5,0
576087,23206,12689,2011-11-14,10,1.65,16.5,0
576087,22898,12689,2011-11-14,8,1.95,15.6,0
576087,22367,12689,2011-11-14,8,1.95,15.6,0
576087,21156,12689,2011-11-14,8,1.95,15.6,0
576087,79191C,12689,2011-11-14,12,0.85,10.2,0
576087,79191B,12689,2011-11-14,12,0.85,10.2,0
576087,20682,12689,2011-11-14,6,3.25,19.5,0
576087,20724,12689,2011-11-14,10,0.85,8.5,0
576087,20719,12689,2011-11-14,10,0.85,8.5,0
576087,23388,12689,2011-11-14,4,4.15,16.6,0
576087,23389,12689,2011-11-14,4,4.15,16.6,0
576087,23390,12689,2011-11-14,4,4.15,16.6,0
576087,22381,12689,2011-11-14,5,2.1,10.5,0
576087,22380,12689,2011-11-14,5,2.1,10.5,0
576087,22379,12689,2011-11-14,5,2.1,10.5,0
576087,20712,12689,2011-11-14,10,2.08,20.8,0
576087,23202,12689,2011-11-14,10,2.08,20.8,0
576087,85099B,12689,2011-11-14,10,2.08,20.8,0
576087,22661,12689,2011-11-14,10,0.85,8.5,0
576087,22554,12689,2011-11-14,12,1.65,19.8,0
576087,23480,12689,2011-11-14,8,3.75,30.0,0
576087,23084,12689,2011-11-14,24,1.79,42.96,0
576087,23108,12689,2011-11-14,4,6.25,25.0,0
576087,21481,12689,2011-11-14,4,3.75,15.0,0
576087,22727,12689,2011-11-14,4,3.75,15.0,0
576087,POST,12689,2011-11-14,4,18.0,72.0,0
576222,23506,12490,2011-11-14,20,0.42,8.4,0
576222,21987,12490,2011-11-14,24,0.65,15.6,0
576222,21989,12490,2011-11-14,24,0.85,20.4,0
576222,21988,12490,2011-11-14,24,0.85,20.4,0
576222,22466,12490,2011-11-14,12,1.95,23.4,0
576222,22331,12490,2011-11-14,16,1.65,26.4,0
576222,21914,12490,2011-11-14,12,1.25,15.0,0
576222,21912,12490,2011-11-14,8,3.75,30.0,0
576222,23569,12490,2011-11-14,8,4.95,39.6,0
576222,23293,12490,2011-11-14,16,0.83,13.28,0
576222,23296,12490,2011-11-14,16,1.25,20.0,0
576222,23084,12490,2011-11-14,24,1.79,42.96,0
576222,22492,12490,2011-11-14,36,0.65,23.4,0
576222,22534,12490,2011-11-14,24,0.42,10.08,0
576222,22437,12490,2011-11-14,20,0.85,17.0,0
576222,22332,12490,2011-11-14,8,1.65,13.2,0
576222,21544,12490,2011-11-14,12,0.85,10.2,0
576222,22333,12490,2011-11-14,16,1.65,26.4,0
576222,POST,12490,2011-11-14,2,18.0,36.0,0
576245,23389,12553,2011-11-14,4,4.15,16.6,0
576245,23206,12553,2011-11-14,20,1.65,33.0,0
576245,20725,12553,2011-11-14,10,1.65,16.5,0
576245,22379,12553,2011-11-14,10,2.1,21.0,0
576245,21931,12553,2011-11-14,10,2.08,20.8,0
576245,22568,12553,2011-11-14,8,3.75,30.0,0
576245,22746,12553,2011-11-14,12,2.1,25.2,0
576245,22748,12553,2011-11-14,12,2.1,25.2,0
576245,22745,12553,2011-11-14,12,2.1,25.2,0
576245,23084,12553,2011-11-14,18,2.08,37.44,0
576245,21731,12553,2011-11-14,12,1.65,19.8,0
576245,22554,12553,2011-11-14,12,1.65,19.8,0
576245,23566,12553,2011-11-14,12,1.25,15.0,0
576245,23564,12553,2011-11-14,12,1.25,15.0,0
576245,15056BL,12553,2011-11-14,3,5.95,17.85,0
576245,85014B,12553,2011-11-14,3,5.95,17.85,0
576245,35970,12553,2011-11-14,12,1.69,20.28,0
576245,22571,12553,2011-11-14,12,0.85,10.2,0
576245,22941,12553,2011-11-14,2,8.5,17.0,0
576245,22621,12553,2011-11-14,12,1.65,19.8,0
576245,23569,12553,2011-11-14,4,4.95,19.8,0
576245,20712,12553,2011-11-14,10,2.08,20.8,0
576245,POST,12553,2011-11-14,3,18.0,54.0,0
576373,23319,12640,2011-11-15,12,2.49,29.88,0
576373,48138,12640,2011-11-15,6,8.25,49.5,0
576373,22193,12640,2011-11-15,4,8.5,34.0,0
576373,23543,12640,2011-11-15,2,8.25,16.5,0
576373,23554,12640,2011-11-15,3,12.5,37.5,0
576373,23555,12640,2011-11-15,3,12.5,37.5,0
576373,23556,12640,2011-11-15,3,12.5,37.5,0
576373,23534,12640,2011-11-15,3,5.95,17.85,0
576373,POST,12640,2011-11-15,4,18.0,72.0,0
576399,21918,12684,2011-11-15,24,0.42,10.08,0
576399,21917,12684,2011-11-15,24,0.42,10.08,0
576399,20719,12684,2011-11-15,10,0.85,8.5,0
576399,22356,12684,2011-11-15,10,0.85,8.5,0
576399,21156,12684,2011-11-15,8,1.95,15.6,0
576399,22367,12684,2011-11-15,8,1.95,15.6,0
576399,20728,12684,2011-11-15,10,1.65,16.5,0
576399,20726,12684,2011-11-15,10,1.65,16.5,0
576399,22382,12684,2011-11-15,10,1.65,16.5,0
576399,22417,12684,2011-11-15,24,0.55,13.2,0
576399,21977,12684,2011-11-15,24,0.55,13.2,0
576399,84991,12684,2011-11-15,24,0.55,13.2,0
576399,84992,12684,2011-11-15,24,0.55,13.2,0
576399,22557,12684,2011-11-15,12,1.65,19.8,0
576399,22551,12684,2011-11-15,12,1.65,19.8,0
576399,22992,12684,2011-11-15,12,1.95,23.4,0
576399,20979,12684,2011-11-15,16,1.25,20.0,0
576399,23192,12684,2011-11-15,12,1.65,19.8,0
576399,22530,12684,2011-11-15,24,0.42,10.08,0
576399,22534,12684,2011-11-15,24,0.42,10.08,0
576399,22139,12684,2011-11-15,3,4.95,14.85,0
576399,22540,12684,2011-11-15,24,0.42,10.08,0
576399,21704,12684,2011-11-15,12,0.85,10.2,0
576399,23367,12684,2011-11-15,16,0.65,10.4,0
576399,23354,12684,2011-11-15,12,0.83,9.96,0
576399,22752,12684,2011-11-15,2,8.5,17.0,0
576399,22732,12684,2011-11-15,18,1.25,22.5,0
576399,22733,12684,2011-11-15,18,1.25,22.5,0
576399,23319,12684,2011-11-15,12,2.49,29.88,0
576399,POST,12684,2011-11-15,2,18.0,36.0,0
576669,POST,12640,2011-11-16,1,18.0,18.0,0
576669,23319,12640,2011-11-16,24,2.49,59.76,0
576672,23084,12731,2011-11-16,72,1.79,128.88,0
576672,22699,12731,2011-11-16,24,2.55,61.2,0
576672,22745,12731,2011-11-16,12,2.1,25.2,0
576672,22747,12731,2011-11-16,12,2.1,25.2,0
576672,22748,12731,2011-11-16,12,2.1,25.2,0
576672,21889,12731,2011-11-16,12,1.25,15.0,0
576672,23010,12731,2011-11-16,12,14.95,179.4,0
576672,23007,12731,2011-11-16,6,14.95,89.7,0
576672,21481,12731,2011-11-16,36,3.39,122.04,0
576672,21524,12731,2011-11-16,10,7.08,70.8,0
576672,20685,12731,2011-11-16,10,7.08,70.8,0
576672,48111,12731,2011-11-16,10,7.08,70.8,0
576672,22492,12731,2011-11-16,36,0.65,23.4,0
576672,84879,12731,2011-11-16,160,1.45,232.0,0
576672,20725,12731,2011-11-16,20,1.65,33.0,0
576672,22382,12731,2011-11-16,30,1.65,49.5,0
576672,22629,12731,2011-11-16,36,1.95,70.2,0
576672,22662,12731,2011-11-16,20,1.65,33.0,0
576672,21212,12731,2011-11-16,24,0.55,13.2,0
576672,22988,12731,2011-11-16,24,1.25,30.0,0
576672,20682,12731,2011-11-16,24,3.25,78.0,0
576672,10125,12731,2011-11-16,60,0.85,51.0,0
576894,22752,12681,2011-11-17,6,8.5,51.0,0
576894,22749,12681,2011-11-17,4,3.75,15.0,0
576894,22751,12681,2011-11-17,4,3.75,15.0,0
576894,22273,12681,2011-11-17,6,2.95,17.7,0
576894,22320,12681,2011-11-17,3,5.95,17.85,0
576894,22745,12681,2011-11-17,6,2.1,12.6,0
576894,22747,12681,2011-11-17,6,2.1,12.6,0
576894,22746,12681,2011-11-17,6,2.1,12.6,0
576894,22748,12681,2011-11-17,6,2.1,12.6,0
576894,22142,12681,2011-11-17,12,1.45,17.4,0
576894,22940,12681,2011-11-17,4,4.25,17.0,0
576894,22325,12681,2011-11-17,3,4.95,14.85,0
576894,22083,12681,2011-11-17,6,2.95,17.7,0
576894,23266,12681,2011-11-17,12,1.25,15.0,0
576894,22579,12681,2011-11-17,24,0.29,6.96,0
576894,POST,12681,2011-11-17,2,18.0,36.0,0
C576908,22551,12670,2011-11-17,-1,1.65,-1.65,1
C576908,22556,12670,2011-11-17,-5,1.65,-8.25,1
576927,23231,12567,2011-11-17,25,0.42,10.5,0
576927,22580,12567,2011-11-17,3,5.95,17.85,0
576927,22946,12567,2011-11-17,4,16.95,67.8,0
576927,23318,12567,2011-11-17,6,2.49,14.94,0
576927,23320,12567,2011-11-17,12,2.89,34.68,0
576927,22121,12567,2011-11-17,3,5.95,17.85,0
576927,23267,12567,2011-11-17,12,1.25,15.0,0
576927,22940,12567,2011-11-17,8,4.25,34.0,0
576927,22141,12567,2011-11-17,6,2.1,12.6,0
576927,22144,12567,2011-11-17,6,2.1,12.6,0
576927,21813,12567,2011-11-17,6,4.95,29.7,0
576927,21812,12567,2011-11-17,6,4.95,29.7,0
576927,21821,12567,2011-11-17,6,3.75,22.5,0
576927,23313,12567,2011-11-17,5,4.95,24.75,0
576927,35953,12567,2011-11-17,48,0.39,18.72,0
576927,35970,12567,2011-11-17,12,1.69,20.28,0
576927,21208,12567,2011-11-17,12,0.39,4.68,0
576927,21194,12567,2011-11-17,12,0.65,7.8,0
576927,21463,12567,2011-11-17,2,5.95,11.9,0
576927,23176,12567,2011-11-17,8,2.25,18.0,0
576927,23177,12567,2011-11-17,8,2.25,18.0,0
576927,22271,12567,2011-11-17,6,2.95,17.7,0
576927,22750,12567,2011-11-17,4,3.75,15.0,0
576927,22751,12567,2011-11-17,4,3.75,15.0,0
576927,23128,12567,2011-11-17,4,4.95,19.8,0
576927,20725,12567,2011-11-17,10,1.65,16.5,0
576927,20726,12567,2011-11-17,10,1.65,16.5,0
576927,21558,12567,2011-11-17,6,2.55,15.3,0
576927,22326,12567,2011-11-17,6,2.95,17.7,0
576927,20727,12567,2011-11-17,10,1.65,16.5,0
576927,22327,12567,2011-11-17,6,2.95,17.7,0
576927,22328,12567,2011-11-17,6,2.95,17.7,0
576927,22629,12567,2011-11-17,12,1.95,23.4,0
576927,22628,12567,2011-11-17,4,4.95,19.8,0
576927,22352,12567,2011-11-17,6,2.55,15.3,0
576927,22630,12567,2011-11-17,12,1.95,23.4,0
576927,22659,12567,2011-11-17,12,1.95,23.4,0
576927,23206,12567,2011-11-17,10,1.65,16.5,0
576927,23115,12567,2011-11-17,3,4.95,14.85,0
576927,23367,12567,2011-11-17,16,0.65,10.4,0
576927,23368,12567,2011-11-17,16,0.65,10.4,0
576927,23369,12567,2011-11-17,16,1.25,20.0,0
576927,22781,12567,2011-11-17,4,7.65,30.6,0
576927,84879,12567,2011-11-17,16,1.69,27.04,0
576927,23542,12567,2011-11-17,2,8.25,16.5,0
576927,21249,12567,2011-11-17,6,2.95,17.7,0
576927,23068,12567,2011-11-17,8,2.49,19.92,0
576927,23433,12567,2011-11-17,12,0.83,9.96,0
576927,23432,12567,2011-11-17,12,0.83,9.96,0
576927,22728,12567,2011-11-17,4,3.75,15.0,0
576927,22727,12567,2011-11-17,4,3.75,15.0,0
576927,22726,12567,2011-11-17,4,3.75,15.0,0
576927,22467,12567,2011-11-17,6,2.55,15.3,0
576927,21202,12567,2011-11-17,12,1.65,19.8,0
576927,23289,12567,2011-11-17,8,1.25,10.0,0
576927,23290,12567,2011-11-17,8,1.25,10.0,0
576927,23292,12567,2011-11-17,8,1.25,10.0,0
576927,23291,12567,2011-11-17,8,1.25,10.0,0
576927,23254,12567,2011-11-17,4,4.15,16.6,0
576927,84997D,12567,2011-11-17,4,4.15,16.6,0
576927,23256,12567,2011-11-17,4,4.15,16.6,0
576927,20712,12567,2011-11-17,10,2.08,20.8,0
576927,22380,12567,2011-11-17,5,2.1,10.5,0
576927,22379,12567,2011-11-17,5,2.1,10.5,0
576927,22385,12567,2011-11-17,10,2.08,20.8,0
576927,23199,12567,2011-11-17,10,2.08,20.8,0
576927,23200,12567,2011-11-17,20,2.08,41.6,0
576927,23203,12567,2011-11-17,10,2.08,20.8,0
576927,23343,12567,2011-11-17,10,2.08,20.8,0
576927,23388,12567,2011-11-17,4,4.15,16.6,0
576927,23391,12567,2011-11-17,4,4.15,16.6,0
576927,23389,12567,2011-11-17,4,4.15,16.6,0
576927,22902,12567,2011-11-17,12,2.1,25.2,0
576927,23004,12567,2011-11-17,24,0.42,10.08,0
576927,23005,12567,2011-11-17,24,0.42,10.08,0
576927,23280,12567,2011-11-17,12,0.83,9.96,0
576927,20750,12567,2011-11-17,4,7.95,31.8,0
576927,22704,12567,2011-11-17,25,0.42,10.5,0
576927,22045,12567,2011-11-17,25,0.42,10.5,0
576927,22705,12567,2011-11-17,25,0.42,10.5,0
576927,POST,12567,2011-11-17,6,18.0,108.0,0
576941,23480,12562,2011-11-17,4,3.75,15.0,0
576941,23582,12562,2011-11-17,20,2.08,41.6,0
576941,22946,12562,2011-11-17,6,16.95,101.7,0
576941,22947,12562,2011-11-17,6,7.95,47.7,0
576941,23319,12562,2011-11-17,6,2.49,14.94,0
576941,23318,12562,2011-11-17,6,2.49,14.94,0
576941,23213,12562,2011-11-17,12,1.25,15.0,0
576941,23211,12562,2011-11-17,24,1.25,30.0,0
576941,23199,12562,2011-11-17,10,2.08,20.8,0
576941,23203,12562,2011-11-17,10,2.08,20.8,0
576941,23240,12562,2011-11-17,6,4.15,24.9,0
576941,20725,12562,2011-11-17,10,1.65,16.5,0
576941,23681,12562,2011-11-17,10,1.65,16.5,0
576941,23206,12562,2011-11-17,10,1.65,16.5,0
576941,23583,12562,2011-11-17,10,1.65,16.5,0
576941,22389,12562,2011-11-17,6,2.55,15.3,0
576941,22390,12562,2011-11-17,6,2.55,15.3,0
576941,23084,12562,2011-11-17,48,1.79,85.92,0
576941,POST,12562,2011-11-17,5,18.0,90.0,0
577121,21819,12681,2011-11-17,36,0.39,14.04,0
577121,23101,12681,2011-11-17,24,0.83,19.92,0
577121,35970,12681,2011-11-17,12,1.69,20.28,0
577121,20668,12681,2011-11-17,72,0.12,8.64,0
577121,23084,12681,2011-11-17,96,1.79,171.84,0
577121,22627,12681,2011-11-17,2,8.5,17.0,0
577121,23196,12681,2011-11-17,12,1.45,17.4,0
577121,22326,12681,2011-11-17,6,2.95,17.7,0
577121,21121,12681,2011-11-17,24,1.25,30.0,0
577121,20724,12681,2011-11-17,10,0.85,8.5,0
577121,23534,12681,2011-11-17,3,5.95,17.85,0
577121,22027,12681,2011-11-17,12,0.42,5.04,0
577121,22976,12681,2011-11-17,12,1.25,15.0,0
577121,22966,12681,2011-11-17,12,1.25,15.0,0
577121,21238,12681,2011-11-17,8,0.85,6.8,0
577121,23342,12681,2011-11-17,4,8.5,34.0,0
577121,22352,12681,2011-11-17,6,2.55,15.3,0
577121,21559,12681,2011-11-17,6,2.55,15.3,0
577121,21212,12681,2011-11-17,24,0.55,13.2,0
577121,22312,12681,2011-11-17,6,2.95,17.7,0
577121,21871,12681,2011-11-17,12,1.65,19.8,0
577121,22555,12681,2011-11-17,12,1.65,19.8,0
577121,22556,12681,2011-11-17,24,1.65,39.6,0
577121,20682,12681,2011-11-17,6,3.25,19.5,0
577121,22197,12681,2011-11-17,12,0.85,10.2,0
577121,22992,12681,2011-11-17,24,1.95,46.8,0
577121,22423,12681,2011-11-17,3,12.75,38.25,0
577121,21080,12681,2011-11-17,12,0.85,10.2,0
577121,22302,12681,2011-11-17,6,2.55,15.3,0
577121,22365,12681,2011-11-17,2,8.25,16.5,0
577121,21224,12681,2011-11-17,10,1.25,12.5,0
577121,POST,12681,2011-11-17,4,18.0,72.0,0
577152,21121,14277,2011-11-18,24,1.25,30.0,0
577152,22899,14277,2011-11-18,6,2.1,12.6,0
577152,21559,14277,2011-11-18,6,2.55,15.3,0
577152,84997D,14277,2011-11-18,8,4.15,33.2,0
577152,84997B,14277,2011-11-18,8,4.15,33.2,0
577152,84997C,14277,2011-11-18,8,4.15,33.2,0
577152,84997A,14277,2011-11-18,8,4.15,33.2,0
577152,23192,14277,2011-11-18,12,1.65,19.8,0
577152,22741,14277,2011-11-18,48,0.85,40.8,0
577152,22754,14277,2011-11-18,12,0.85,10.2,0
577152,22753,14277,2011-11-18,12,0.85,10.2,0
577152,22325,14277,2011-11-18,6,4.95,29.7,0
577152,21080,14277,2011-11-18,12,0.85,10.2,0
577152,21977,14277,2011-11-18,24,0.55,13.2,0
577152,21212,14277,2011-11-18,24,0.55,13.2,0
577152,22908,14277,2011-11-18,12,0.85,10.2,0
577152,22898,14277,2011-11-18,8,1.95,15.6,0
577152,POST,14277,2011-11-18,2,18.0,36.0,0
577152,20725,14277,2011-11-18,10,1.65,16.5,0
577152,22662,14277,2011-11-18,10,1.65,16.5,0
577152,22352,14277,2011-11-18,6,2.55,15.3,0
577152,22949,14277,2011-11-18,12,1.45,17.4,0
577152,21210,14277,2011-11-18,12,1.45,17.4,0
577152,23206,14277,2011-11-18,10,1.65,16.5,0
577295,21976,12682,2011-11-18,24,0.55,13.2,0
577295,23203,12682,2011-11-18,10,2.08,20.8,0
577295,21731,12682,2011-11-18,24,1.65,39.6,0
577295,23298,12682,2011-11-18,3,4.95,14.85,0
577295,47566,12682,2011-11-18,4,4.95,19.8,0
577295,15056BL,12682,2011-11-18,6,5.95,35.7,0
577295,20679,12682,2011-11-18,3,5.95,17.85,0
577295,23480,12682,2011-11-18,8,3.75,30.0,0
577295,23084,12682,2011-11-18,72,1.79,128.88,0
577295,POST,12682,2011-11-18,3,18.0,54.0,0
577344,22236,12437,2011-11-18,3,12.75,38.25,0
577344,21080,12437,2011-11-18,12,0.85,10.2,0
577344,22130,12437,2011-11-18,12,0.85,10.2,0
577344,22333,12437,2011-11-18,8,1.65,13.2,0
577344,23229,12437,2011-11-18,6,3.75,22.5,0
577344,22435,12437,2011-11-18,24,1.25,30.0,0
577344,21987,12437,2011-11-18,12,0.65,7.8,0
577344,21989,12437,2011-11-18,12,0.85,10.2,0
577344,22423,12437,2011-11-18,3,12.75,38.25,0
577344,POST,12437,2011-11-18,1,18.0,18.0,0
577502,22635,12598,2011-11-20,4,9.95,39.8,0
577502,22617,12598,2011-11-20,3,4.95,14.85,0
577502,23371,12598,2011-11-20,16,1.25,20.0,0
577502,23256,12598,2011-11-20,4,4.15,16.6,0
577502,23389,12598,2011-11-20,4,4.15,16.6,0
577502,22636,12598,2011-11-20,4,8.5,34.0,0
577502,23108,12598,2011-11-20,10,6.25,62.5,0
577502,23390,12598,2011-11-20,4,4.15,16.6,0
577502,23372,12598,2011-11-20,16,1.25,20.0,0
577502,23254,12598,2011-11-20,4,4.15,16.6,0
577502,22138,12598,2011-11-20,6,4.95,29.7,0
577502,20750,12598,2011-11-20,6,7.95,47.7,0
577502,20983,12598,2011-11-20,12,0.85,10.2,0
577502,23084,12598,2011-11-20,18,2.08,37.44,0
577502,21731,12598,2011-11-20,12,1.65,19.8,0
577502,23480,12598,2011-11-20,4,3.75,15.0,0
577502,21704,12598,2011-11-20,12,0.85,10.2,0
577502,21791,12598,2011-11-20,12,1.25,15.0,0
577502,21914,12598,2011-11-20,12,1.25,15.0,0
577502,22620,12598,2011-11-20,12,1.45,17.4,0
577502,23569,12598,2011-11-20,4,4.95,19.8,0
577502,23571,12598,2011-11-20,12,1.65,19.8,0
577502,23570,12598,2011-11-20,12,1.25,15.0,0
577502,20981,12598,2011-11-20,12,0.85,10.2,0
577502,23388,12598,2011-11-20,4,4.15,16.6,0
577502,22634,12598,2011-11-20,2,9.95,19.9,0
577512,23163,12523,2011-11-20,8,2.49,19.92,0
577512,21844,12523,2011-11-20,6,2.95,17.7,0
577512,23463,12523,2011-11-20,2,9.95,19.9,0
577512,23175,12523,2011-11-20,6,3.25,19.5,0
577512,23174,12523,2011-11-20,6,4.15,24.9,0
577512,22423,12523,2011-11-20,2,12.75,25.5,0
577512,22699,12523,2011-11-20,6,2.95,17.7,0
577512,23173,12523,2011-11-20,2,9.95,19.9,0
577512,23020,12523,2011-11-20,1,12.5,12.5,0
577512,22294,12523,2011-11-20,24,1.25,30.0,0
577512,21531,12523,2011-11-20,6,2.55,15.3,0
577512,23245,12523,2011-11-20,4,4.95,19.8,0
577512,23164,12523,2011-11-20,4,4.95,19.8,0
577687,21212,12583,2011-11-21,24,0.55,13.2,0
577687,23367,12583,2011-11-21,16,0.65,10.4,0
577687,23368,12583,2011-11-21,16,0.65,10.4,0
577687,22333,12583,2011-11-21,16,1.65,26.4,0
577687,22991,12583,2011-11-21,12,1.95,23.4,0
577687,21094,12583,2011-11-21,12,0.85,10.2,0
577687,21086,12583,2011-11-21,12,0.65,7.8,0
577687,21080,12583,2011-11-21,12,0.85,10.2,0
577687,21988,12583,2011-11-21,12,0.85,10.2,0
577687,21989,12583,2011-11-21,12,0.85,10.2,0
577687,21987,12583,2011-11-21,12,0.65,7.8,0
577687,21680,12583,2011-11-21,24,0.85,20.4,0
577687,22332,12583,2011-11-21,16,1.65,26.4,0
577687,23598,12583,2011-11-21,24,2.95,70.8,0
577687,POST,12583,2011-11-21,3,18.0,54.0,0
577687,23084,12583,2011-11-21,48,1.79,85.92,0
577856,23084,12490,2011-11-22,72,1.79,128.88,0
577856,20724,12490,2011-11-22,10,0.85,8.5,0
577856,20725,12490,2011-11-22,10,1.65,16.5,0
577856,21086,12490,2011-11-22,12,0.65,7.8,0
577856,22333,12490,2011-11-22,8,1.65,13.2,0
577856,20712,12490,2011-11-22,10,2.08,20.8,0
577856,20726,12490,2011-11-22,10,1.65,16.5,0
577856,20719,12490,2011-11-22,10,0.85,8.5,0
577856,22326,12490,2011-11-22,6,2.95,17.7,0
577856,22331,12490,2011-11-22,8,1.65,13.2,0
577856,23445,12490,2011-11-22,20,0.83,16.6,0
577856,22313,12490,2011-11-22,6,2.95,17.7,0
577856,POST,12490,2011-11-22,4,18.0,72.0,0
578033,22232,12656,2011-11-22,16,0.59,9.44,0
578033,22326,12656,2011-11-22,6,2.95,17.7,0
578033,22328,12656,2011-11-22,6,2.95,17.7,0
578033,22628,12656,2011-11-22,4,4.95,19.8,0
578033,22139,12656,2011-11-22,3,4.95,14.85,0
578033,23084,12656,2011-11-22,12,2.08,24.96,0
578033,23480,12656,2011-11-22,8,3.75,30.0,0
578033,22941,12656,2011-11-22,4,8.5,34.0,0
578033,22942,12656,2011-11-22,4,8.5,34.0,0
578033,23108,12656,2011-11-22,4,6.25,25.0,0
578033,23316,12656,2011-11-22,2,9.95,19.9,0
578033,23317,12656,2011-11-22,2,9.95,19.9,0
578033,23341,12656,2011-11-22,2,8.5,17.0,0
578033,22193,12656,2011-11-22,2,8.5,17.0,0
578033,22192,12656,2011-11-22,2,8.5,17.0,0
578033,22726,12656,2011-11-22,4,3.75,15.0,0
578033,22727,12656,2011-11-22,4,3.75,15.0,0
578033,23203,12656,2011-11-22,10,2.08,20.8,0
578033,85099B,12656,2011-11-22,10,2.08,20.8,0
578033,23199,12656,2011-11-22,10,2.08,20.8,0
578033,20712,12656,2011-11-22,10,2.08,20.8,0
578033,23344,12656,2011-11-22,10,2.08,20.8,0
578033,21680,12656,2011-11-22,12,0.85,10.2,0
578033,21383,12656,2011-11-22,12,0.65,7.8,0
578033,21430,12656,2011-11-22,4,3.75,15.0,0
578033,21426,12656,2011-11-22,6,2.1,12.6,0
578033,20750,12656,2011-11-22,2,7.95,15.9,0
578033,POST,12656,2011-11-22,4,18.0,72.0,0
578277,23084,12723,2011-11-23,8,2.08,16.64,0
578277,22751,12723,2011-11-23,1,3.75,3.75,0
578277,22940,12723,2011-11-23,1,4.25,4.25,0
578277,22750,12723,2011-11-23,2,3.75,7.5,0
578277,23494,12723,2011-11-23,3,5.95,17.85,0
578277,21467,12723,2011-11-23,1,3.75,3.75,0
578277,21471,12723,2011-11-23,1,3.75,3.75,0
578277,21470,12723,2011-11-23,1,3.75,3.75,0
578277,22971,12723,2011-11-23,12,2.55,30.6,0
578277,22970,12723,2011-11-23,24,2.55,61.2,0
578277,23371,12723,2011-11-23,16,1.25,20.0,0
578277,23372,12723,2011-11-23,16,1.25,20.0,0
578277,22809,12723,2011-11-23,2,2.95,5.9,0
578277,22466,12723,2011-11-23,2,1.95,3.9,0
578277,21731,12723,2011-11-23,3,1.65,4.95,0
578277,23376,12723,2011-11-23,11,0.39,4.29,0
578277,22909,12723,2011-11-23,5,0.85,4.25,0
578277,22616,12723,2011-11-23,36,0.39,14.04,0
578277,23256,12723,2011-11-23,2,4.15,8.3,0
578277,23254,12723,2011-11-23,2,4.15,8.3,0
578277,23255,12723,2011-11-23,2,4.15,8.3,0
578277,23503,12723,2011-11-23,20,1.25,25.0,0
578277,23502,12723,2011-11-23,15,1.25,18.75,0
578277,22348,12723,2011-11-23,6,0.85,5.1,0
578277,23501,12723,2011-11-23,20,1.25,25.0,0
578287,22624,12723,2011-11-23,1,8.5,8.5,0
578287,23084,12723,2011-11-23,2,2.08,4.16,0
578287,21731,12723,2011-11-23,4,1.65,6.6,0
578348,84596F,12494,2011-11-24,16,0.42,6.72,0
578348,84596B,12494,2011-11-24,16,0.42,6.72,0
578348,22398,12494,2011-11-24,12,0.39,4.68,0
578348,23084,12494,2011-11-24,6,2.08,12.48,0
578348,22890,12494,2011-11-24,4,9.95,39.8,0
578348,23565,12494,2011-11-24,12,1.25,15.0,0
578348,21557,12494,2011-11-24,6,2.95,17.7,0
578348,22403,12494,2011-11-24,12,0.39,4.68,0
578348,21981,12494,2011-11-24,24,0.39,9.36,0
578348,23377,12494,2011-11-24,24,0.39,9.36,0
578348,POST,12494,2011-11-24,2,18.0,36.0,0
C578377,22922,14277,2011-11-24,-120,0.72,-86.4,1
C578377,22923,14277,2011-11-24,-120,0.72,-86.4,1
C578377,22924,14277,2011-11-24,-120,0.72,-86.4,1
578541,84924A,14277,2011-11-24,2,3.75,7.5,0
578541,21165,14277,2011-11-24,9,1.69,15.21,0
578541,22832,14277,2011-11-24,10,9.95,99.5,0
578541,82583,14277,2011-11-24,4,2.1,8.4,0
578541,21175,14277,2011-11-24,4,2.55,10.2,0
578541,22928,14277,2011-11-24,4,5.95,23.8,0
578541,21429,14277,2011-11-24,4,1.95,7.8,0
578541,23236,14277,2011-11-24,2,2.89,5.78,0
578541,23240,14277,2011-11-24,2,4.15,8.3,0
578541,21428,14277,2011-11-24,3,4.25,12.75,0
578541,21430,14277,2011-11-24,3,3.75,11.25,0
578541,21257,14277,2011-11-24,2,7.95,15.9,0
578541,21259,14277,2011-11-24,1,5.95,5.95,0
578541,23483,14277,2011-11-24,12,1.25,15.0,0
578541,22805,14277,2011-11-24,12,1.25,15.0,0
578541,22775,14277,2011-11-24,12,1.25,15.0,0
578541,22774,14277,2011-11-24,12,1.25,15.0,0
578541,22605,14277,2011-11-24,2,14.95,29.9,0
578541,23472,14277,2011-11-24,2,14.95,29.9,0
578541,21908,14277,2011-11-24,12,2.1,25.2,0
578541,82582,14277,2011-11-24,12,2.1,25.2,0
578541,84879,14277,2011-11-24,32,1.69,54.08,0
578541,22810,14277,2011-11-24,12,2.95,35.4,0
578541,22809,14277,2011-11-24,12,2.95,35.4,0
578541,84792,14277,2011-11-24,6,4.65,27.9,0
578541,21671,14277,2011-11-24,6,1.45,8.7,0
578541,21672,14277,2011-11-24,6,1.45,8.7,0
578541,21669,14277,2011-11-24,18,1.45,26.1,0
578541,23035,14277,2011-11-24,18,1.45,26.1,0
578541,23026,14277,2011-11-24,6,2.08,12.48,0
578541,23027,14277,2011-11-24,6,2.08,12.48,0
578541,23033,14277,2011-11-24,6,1.45,8.7,0
578541,23025,14277,2011-11-24,6,2.08,12.48,0
578541,23015,14277,2011-11-24,2,8.25,16.5,0
578541,21466,14277,2011-11-24,4,3.75,15.0,0
578541,22445,14277,2011-11-24,4,2.95,11.8,0
578541,22118,14277,2011-11-24,1,4.95,4.95,0
578541,22199,14277,2011-11-24,2,4.25,8.5,0
578541,22207,14277,2011-11-24,3,4.25,12.75,0
578541,23338,14277,2011-11-24,2,2.08,4.16,0
578541,22203,14277,2011-11-24,3,3.75,11.25,0
578541,35443,14277,2011-11-24,3,0.85,2.55,0
578541,23292,14277,2011-11-24,4,1.25,5.0,0
578541,23291,14277,2011-11-24,4,1.25,5.0,0
578541,20676,14277,2011-11-24,12,1.25,15.0,0
578541,23289,14277,2011-11-24,4,1.25,5.0,0
578541,23290,14277,2011-11-24,4,1.25,5.0,0
578541,17174,14277,2011-11-24,5,0.42,2.1,0
578541,23570,14277,2011-11-24,6,1.25,7.5,0
578541,20914,14277,2011-11-24,8,2.95,23.6,0
578541,22625,14277,2011-11-24,2,8.5,17.0,0
578541,22624,14277,2011-11-24,2,8.5,17.0,0
578541,22627,14277,2011-11-24,2,8.5,17.0,0
578541,21351,14277,2011-11-24,2,6.75,13.5,0
578541,23129,14277,2011-11-24,3,4.15,12.45,0
578541,23469,14277,2011-11-24,2,4.15,8.3,0
578541,23090,14277,2011-11-24,12,0.83,9.96,0
578541,84347,14277,2011-11-24,14,2.55,35.7,0
578541,22852,14277,2011-11-24,6,4.25,25.5,0
578541,22853,14277,2011-11-24,6,3.25,19.5,0
578541,35810B,14277,2011-11-24,4,0.83,3.32,0
578541,37413,14277,2011-11-24,6,0.39,2.34,0
578541,21872,14277,2011-11-24,6,1.25,7.5,0
578541,21871,14277,2011-11-24,6,1.65,9.9,0
578541,22301,14277,2011-11-24,6,2.55,15.3,0
578541,22300,14277,2011-11-24,6,2.55,15.3,0
578541,21535,14277,2011-11-24,4,2.55,10.2,0
578541,21531,14277,2011-11-24,5,2.55,12.75,0
578541,22558,14277,2011-11-24,4,1.65,6.6,0
578541,22567,14277,2011-11-24,5,1.45,7.25,0
578541,22071,14277,2011-11-24,6,3.75,22.5,0
578541,22844,14277,2011-11-24,2,8.5,17.0,0
578541,22845,14277,2011-11-24,2,6.35,12.7,0
578541,22840,14277,2011-11-24,2,7.95,15.9,0
578541,22841,14277,2011-11-24,2,7.95,15.9,0
578541,22847,14277,2011-11-24,2,16.95,33.9,0
578541,22895,14277,2011-11-24,4,3.25,13.0,0
578541,22311,14277,2011-11-24,4,2.95,11.8,0
578541,23501,14277,2011-11-24,20,1.25,25.0,0
578541,23116,14277,2011-11-24,2,4.95,9.9,0
578541,23115,14277,2011-11-24,2,4.95,9.9,0
578541,23117,14277,2011-11-24,2,4.95,9.9,0
578541,23116,14277,2011-11-24,2,4.95,9.9,0
578541,23115,14277,2011-11-24,2,4.95,9.9,0
578541,20978,14277,2011-11-24,7,1.25,8.75,0
578541,22991,14277,2011-11-24,6,1.95,11.7,0
578541,22992,14277,2011-11-24,7,1.95,13.65,0
578541,22782,14277,2011-11-24,2,24.95,49.9,0
578541,23319,14277,2011-11-24,12,2.49,29.88,0
578541,84029G,14277,2011-11-24,4,4.25,17.0,0
578541,21485,14277,2011-11-24,3,4.95,14.85,0
578541,84030E,14277,2011-11-24,2,4.25,8.5,0
578541,85123A,14277,2011-11-24,8,2.95,23.6,0
578541,21733,14277,2011-11-24,8,2.95,23.6,0
578541,22620,14277,2011-11-24,6,1.45,8.7,0
578541,84029E,14277,2011-11-24,4,4.25,17.0,0
578541,84029G,14277,2011-11-24,2,4.25,8.5,0
578541,21679,14277,2011-11-24,24,0.85,20.4,0
578541,21675,14277,2011-11-24,24,0.85,20.4,0
578541,21677,14277,2011-11-24,24,0.85,20.4,0
578541,21889,14277,2011-11-24,12,1.25,15.0,0
578541,21918,14277,2011-11-24,12,0.42,5.04,0
578541,23504,14277,2011-11-24,6,1.25,7.5,0
578541,21917,14277,2011-11-24,12,0.42,5.04,0
578541,21931,14277,2011-11-24,3,2.08,6.24,0
578541,23203,14277,2011-11-24,5,2.08,10.4,0
578541,23582,14277,2011-11-24,4,2.08,8.32,0
578541,85099B,14277,2011-11-24,6,2.08,12.48,0
578541,22663,14277,2011-11-24,3,2.08,6.24,0
578541,22498,14277,2011-11-24,3,5.95,17.85,0
578541,22499,14277,2011-11-24,2,5.95,11.9,0
578541,23147,14277,2011-11-24,12,1.45,17.4,0
578541,23146,14277,2011-11-24,4,3.29,13.16,0
578541,16225,14277,2011-11-24,24,1.25,30.0,0
578541,21914,14277,2011-11-24,24,1.25,30.0,0
578541,22178,14277,2011-11-24,30,1.95,58.5,0
578541,23084,14277,2011-11-24,6,2.08,12.48,0
578541,23079,14277,2011-11-24,8,8.95,71.6,0
578541,21623,14277,2011-11-24,1,9.95,9.95,0
578541,22507,14277,2011-11-24,2,4.95,9.9,0
578541,22505,14277,2011-11-24,4,4.95,19.8,0
578541,22193,14277,2011-11-24,2,8.5,17.0,0
578541,23316,14277,2011-11-24,1,9.95,9.95,0
578541,22191,14277,2011-11-24,2,8.5,17.0,0
578541,23181,14277,2011-11-24,2,8.25,16.5,0
578541,23465,14277,2011-11-24,4,8.25,33.0,0
578698,22593,12620,2011-11-25,12,0.85,10.2,0
578698,22595,12620,2011-11-25,12,0.85,10.2,0
578698,22603,12620,2011-11-25,12,0.85,10.2,0
578698,84836,12620,2011-11-25,12,1.25,15.0,0
578698,23660,12620,2011-11-25,12,1.65,19.8,0
578698,23206,12620,2011-11-25,10,1.65,16.5,0
578698,22301,12620,2011-11-25,6,2.55,15.3,0
578698,20725,12620,2011-11-25,10,1.65,16.5,0
578698,22383,12620,2011-11-25,10,1.65,16.5,0
578698,21485,12620,2011-11-25,3,4.95,14.85,0
578698,22585,12620,2011-11-25,12,1.25,15.0,0
578698,22814,12620,2011-11-25,12,0.42,5.04,0
578698,22037,12620,2011-11-25,12,0.42,5.04,0
578698,22712,12620,2011-11-25,12,0.42,5.04,0
578698,22029,12620,2011-11-25,12,0.42,5.04,0
578698,22028,12620,2011-11-25,24,0.42,10.08,0
578698,22032,12620,2011-11-25,12,0.42,5.04,0
578698,23697,12620,2011-11-25,12,0.42,5.04,0
578698,84077,12620,2011-11-25,48,0.29,13.92,0
578698,84997A,12620,2011-11-25,4,4.15,16.6,0
578698,23084,12620,2011-11-25,6,2.08,12.48,0
578698,22043,12620,2011-11-25,24,0.19,4.56,0
578698,22577,12620,2011-11-25,48,0.29,13.92,0
578698,22578,12620,2011-11-25,24,0.29,6.96,0
578698,22228,12620,2011-11-25,12,0.39,4.68,0
578698,90030B,12620,2011-11-25,6,1.0,6.0,0
578698,90030C,12620,2011-11-25,6,1.0,6.0,0
578698,90031,12620,2011-11-25,6,1.0,6.0,0
578698,23311,12620,2011-11-25,6,2.55,15.3,0
578698,23318,12620,2011-11-25,6,2.49,14.94,0
578698,22818,12620,2011-11-25,12,0.42,5.04,0
578698,22816,12620,2011-11-25,12,0.42,5.04,0
578698,22734,12620,2011-11-25,6,2.89,17.34,0
578698,23319,12620,2011-11-25,6,2.49,14.94,0
578698,POST,12620,2011-11-25,2,18.0,36.0,0
578736,23084,12681,2011-11-25,120,1.79,214.8,0
578736,21137,12681,2011-11-25,24,3.39,81.36,0
578736,23493,12681,2011-11-25,10,1.95,19.5,0
578736,23570,12681,2011-11-25,12,1.25,15.0,0
578736,23196,12681,2011-11-25,12,1.45,17.4,0
578736,22467,12681,2011-11-25,36,2.1,75.6,0
578736,20724,12681,2011-11-25,20,0.85,17.0,0
578736,23445,12681,2011-11-25,20,0.83,16.6,0
578736,22037,12681,2011-11-25,12,0.42,5.04,0
578736,21698,12681,2011-11-25,12,0.39,4.68,0
578736,23158,12681,2011-11-25,12,2.08,24.96,0
578736,23156,12681,2011-11-25,12,2.08,24.96,0
578736,20750,12681,2011-11-25,2,7.95,15.9,0
578736,21770,12681,2011-11-25,6,4.95,29.7,0
578736,POST,12681,2011-11-25,8,18.0,144.0,0
C578743,POST,12681,2011-11-25,-3,18.0,-54.0,1
578835,23084,12682,2011-11-25,48,1.79,85.92,0
578835,21731,12682,2011-11-25,12,1.65,19.8,0
578835,22749,12682,2011-11-25,4,3.75,15.0,0
578835,22750,12682,2011-11-25,4,3.75,15.0,0
578835,POST,12682,2011-11-25,1,18.0,18.0,0
C579127,22326,12674,2011-11-28,-1,2.95,-2.95,1
579153,22555,12660,2011-11-28,12,1.65,19.8,0
579153,22556,12660,2011-11-28,12,1.65,19.8,0
579153,22554,12660,2011-11-28,12,1.65,19.8,0
579153,22175,12660,2011-11-28,6,2.95,17.7,0
579153,84931B,12660,2011-11-28,6,2.55,15.3,0
579153,22320,12660,2011-11-28,3,5.95,17.85,0
579153,22492,12660,2011-11-28,36,0.65,23.4,0
579153,22744,12660,2011-11-28,6,2.95,17.7,0
579153,22453,12660,2011-11-28,6,2.95,17.7,0
579153,22654,12660,2011-11-28,3,5.95,17.85,0
579153,22966,12660,2011-11-28,12,1.25,15.0,0
579153,84375,12660,2011-11-28,12,2.1,25.2,0
579153,POST,12660,2011-11-28,1,18.0,18.0,0
579190,22900,12657,2011-11-28,6,3.25,19.5,0
579190,22357,12657,2011-11-28,4,4.25,17.0,0
579190,22423,12657,2011-11-28,10,12.75,127.5,0
579190,22959,12657,2011-11-28,250,0.42,105.0,0
579190,22818,12657,2011-11-28,72,0.42,30.24,0
579190,23318,12657,2011-11-28,20,2.49,49.8,0
579190,22809,12657,2011-11-28,12,2.95,35.4,0
579190,POST,12657,2011-11-28,4,18.0,72.0,0
579190,23320,12657,2011-11-28,12,2.89,34.68,0
C579192,POST,12657,2011-11-28,-4,18.0,-72.0,1
C579192,23320,12657,2011-11-28,-12,2.89,-34.68,1
C579192,23318,12657,2011-11-28,-20,2.49,-49.8,1
C579192,22959,12657,2011-11-28,-250,0.42,-105.0,1
C579192,22900,12657,2011-11-28,-6,3.25,-19.5,1
C579192,22818,12657,2011-11-28,-72,0.42,-30.24,1
C579192,22809,12657,2011-11-28,-12,2.95,-35.4,1
C579192,22423,12657,2011-11-28,-10,12.75,-127.5,1
C579192,22357,12657,2011-11-28,-4,4.25,-17.0,1
579193,POST,12657,2011-11-28,4,18.0,72.0,0
579193,23320,12657,2011-11-28,12,2.89,34.68,0
579193,23318,12657,2011-11-28,20,2.49,49.8,0
579193,22959,12657,2011-11-28,250,0.42,105.0,0
579193,22900,12657,2011-11-28,6,3.25,19.5,0
579193,22818,12657,2011-11-28,72,0.42,30.24,0
579193,22809,12657,2011-11-28,12,2.95,35.4,0
579193,22423,12657,2011-11-28,10,12.75,127.5,0
579193,22357,12657,2011-11-28,4,4.25,17.0,0
579345,22534,12727,2011-11-29,24,0.42,10.08,0
579345,22530,12727,2011-11-29,24,0.42,10.08,0
579345,22139,12727,2011-11-29,6,4.95,29.7,0
579345,22617,12727,2011-11-29,3,4.95,14.85,0
579345,22138,12727,2011-11-29,3,4.95,14.85,0
579345,23080,12727,2011-11-29,4,8.25,33.0,0
579345,23081,12727,2011-11-29,12,8.25,99.0,0
579345,23445,12727,2011-11-29,20,0.83,16.6,0
579345,23559,12727,2011-11-29,6,2.08,12.48,0
579345,23084,12727,2011-11-29,24,1.79,42.96,0
579345,22466,12727,2011-11-29,12,1.95,23.4,0
579345,22553,12727,2011-11-29,12,1.65,19.8,0
579345,22557,12727,2011-11-29,12,1.65,19.8,0
579345,22492,12727,2011-11-29,36,0.65,23.4,0
579345,21559,12727,2011-11-29,6,2.55,15.3,0
579345,22659,12727,2011-11-29,12,1.95,23.4,0
579345,POST,12727,2011-11-29,4,18.0,72.0,0
579345,20749,12727,2011-11-29,6,7.95,47.7,0
579345,16218,12727,2011-11-29,80,0.06,4.8,0
579345,22730,12727,2011-11-29,8,3.75,30.0,0
579345,22728,12727,2011-11-29,8,3.75,30.0,0
579345,22727,12727,2011-11-29,8,3.75,30.0,0
579345,22556,12727,2011-11-29,12,1.65,19.8,0
579492,23084,12670,2011-11-29,48,1.79,85.92,0
579492,21731,12670,2011-11-29,36,1.65,59.4,0
579492,22556,12670,2011-11-29,24,1.65,39.6,0
579492,22555,12670,2011-11-29,24,1.65,39.6,0
579492,23351,12670,2011-11-29,24,1.25,30.0,0
579492,23349,12670,2011-11-29,12,1.25,15.0,0
579492,23480,12670,2011-11-29,24,3.75,90.0,0
579492,22966,12670,2011-11-29,12,1.25,15.0,0
579492,22303,12670,2011-11-29,24,2.55,61.2,0
579492,22302,12670,2011-11-29,24,2.55,61.2,0
579492,23115,12670,2011-11-29,12,4.95,59.4,0
579492,23352,12670,2011-11-29,12,1.25,15.0,0
579492,22328,12670,2011-11-29,24,2.95,70.8,0
579492,POST,12670,2011-11-29,3,18.0,54.0,0
579529,22139,12488,2011-11-30,3,4.95,14.85,0
579529,23084,12488,2011-11-30,24,1.79,42.96,0
579529,POST,12488,2011-11-30,3,18.0,54.0,0
579529,22175,12488,2011-11-30,12,2.95,35.4,0
579529,84931A,12488,2011-11-30,6,2.55,15.3,0
579529,84931B,12488,2011-11-30,6,2.55,15.3,0
579529,22748,12488,2011-11-30,6,2.1,12.6,0
579529,20749,12488,2011-11-30,2,7.95,15.9,0
579529,20750,12488,2011-11-30,2,7.95,15.9,0
579529,22743,12488,2011-11-30,6,2.95,17.7,0
579529,84375,12488,2011-11-30,12,2.1,25.2,0
579529,22899,12488,2011-11-30,6,2.1,12.6,0
579529,21156,12488,2011-11-30,8,1.95,15.6,0
579529,47591D,12488,2011-11-30,8,1.95,15.6,0
579529,21936,12488,2011-11-30,5,2.95,14.75,0
579529,20979,12488,2011-11-30,16,1.25,20.0,0
579529,10135,12488,2011-11-30,10,1.25,12.5,0
579529,23370,12488,2011-11-30,16,1.25,20.0,0
579529,23365,12488,2011-11-30,24,0.65,15.6,0
579529,23372,12488,2011-11-30,16,1.25,20.0,0
579529,23371,12488,2011-11-30,16,1.25,20.0,0
579529,22753,12488,2011-11-30,12,0.85,10.2,0
579529,22754,12488,2011-11-30,12,0.85,10.2,0
579529,22991,12488,2011-11-30,12,1.95,23.4,0
579529,22992,12488,2011-11-30,12,1.95,23.4,0
579529,22644,12488,2011-11-30,12,1.45,17.4,0
579529,22138,12488,2011-11-30,3,4.95,14.85,0
C579532,POST,12494,2011-11-30,-1,18.0,-18.0,1
C579532,22890,12494,2011-11-30,-4,9.95,-39.8,1
C579562,23084,12553,2011-11-30,-1,2.08,-2.08,1
C579562,21731,12553,2011-11-30,-1,1.65,-1.65,1
579634,23576,12598,2011-11-30,8,1.95,15.6,0
579634,23575,12598,2011-11-30,8,1.95,15.6,0
579634,23578,12598,2011-11-30,8,1.95,15.6,0
579634,22423,12598,2011-11-30,1,12.75,12.75,0
579634,23493,12598,2011-11-30,10,1.95,19.5,0
579634,23196,12598,2011-11-30,12,1.45,17.4,0
579634,23308,12598,2011-11-30,24,0.55,13.2,0
579634,84535B,12598,2011-11-30,16,0.65,10.4,0
579634,84991,12598,2011-11-30,24,0.55,13.2,0
579634,21212,12598,2011-11-30,24,0.55,13.2,0
579634,21210,12598,2011-11-30,12,1.45,17.4,0
579708,23681,12682,2011-11-30,40,1.65,66.0,0
579708,23084,12682,2011-11-30,48,1.79,85.92,0
579708,23695,12682,2011-11-30,12,0.42,5.04,0
579708,23343,12682,2011-11-30,10,2.08,20.8,0
579708,23344,12682,2011-11-30,10,2.08,20.8,0
579708,22739,12682,2011-11-30,10,1.65,16.5,0
579708,23353,12682,2011-11-30,12,0.83,9.96,0
579708,15056N,12682,2011-11-30,6,5.95,35.7,0
579708,21731,12682,2011-11-30,12,1.65,19.8,0
579708,22961,12682,2011-11-30,12,1.45,17.4,0
579708,20725,12682,2011-11-30,10,1.65,16.5,0
579708,23209,12682,2011-11-30,10,1.65,16.5,0
579708,23480,12682,2011-11-30,4,3.75,15.0,0
579708,23208,12682,2011-11-30,10,1.65,16.5,0
579708,23240,12682,2011-11-30,6,4.15,24.9,0
579708,23237,12682,2011-11-30,6,4.15,24.9,0
579708,22086,12682,2011-11-30,6,2.95,17.7,0
579708,22027,12682,2011-11-30,12,0.42,5.04,0
579708,POST,12682,2011-11-30,4,18.0,72.0,0
579792,22436,12714,2011-11-30,20,0.65,13.0,0
579792,22437,12714,2011-11-30,20,0.85,17.0,0
579792,23382,12714,2011-11-30,8,3.75,30.0,0
579792,23478,12714,2011-11-30,12,1.25,15.0,0
579792,23475,12714,2011-11-30,12,0.83,9.96,0
579792,23473,12714,2011-11-30,12,0.83,9.96,0
579792,23476,12714,2011-11-30,12,1.25,15.0,0
579792,23474,12714,2011-11-30,12,0.83,9.96,0
579792,23477,12714,2011-11-30,12,1.25,15.0,0
579792,23084,12714,2011-11-30,24,1.79,42.96,0
579792,23681,12714,2011-11-30,20,1.65,33.0,0
579792,23583,12714,2011-11-30,20,1.65,33.0,0
579792,22816,12714,2011-11-30,12,0.42,5.04,0
579792,22818,12714,2011-11-30,12,0.42,5.04,0
579792,22578,12714,2011-11-30,24,0.29,6.96,0
579792,22576,12714,2011-11-30,12,0.85,10.2,0
579792,22574,12714,2011-11-30,12,0.85,10.2,0
579792,22571,12714,2011-11-30,12,0.85,10.2,0
579792,23210,12714,2011-11-30,24,1.25,30.0,0
579792,23211,12714,2011-11-30,24,1.25,30.0,0
579792,23311,12714,2011-11-30,6,2.55,15.3,0
579792,22602,12714,2011-11-30,12,0.85,10.2,0
579792,22603,12714,2011-11-30,12,0.85,10.2,0
579792,22601,12714,2011-11-30,24,0.85,20.4,0
579792,22593,12714,2011-11-30,12,0.85,10.2,0
579792,22595,12714,2011-11-30,12,0.85,10.2,0
579792,22594,12714,2011-11-30,12,0.85,10.2,0
579792,23264,12714,2011-11-30,12,1.25,15.0,0
579792,85199S,12714,2011-11-30,24,0.42,10.08,0
579792,22396,12714,2011-11-30,12,0.39,4.68,0
579792,22398,12714,2011-11-30,12,0.39,4.68,0
579792,22403,12714,2011-11-30,12,0.39,4.68,0
579792,22400,12714,2011-11-30,12,0.39,4.68,0
579792,22402,12714,2011-11-30,12,0.39,4.68,0
579792,22758,12714,2011-11-30,12,1.25,15.0,0
579792,22755,12714,2011-11-30,12,0.85,10.2,0
579792,22753,12714,2011-11-30,12,0.85,10.2,0
579792,22756,12714,2011-11-30,12,1.25,15.0,0
579792,22757,12714,2011-11-30,12,1.25,15.0,0
579792,22754,12714,2011-11-30,12,0.85,10.2,0
579792,22752,12714,2011-11-30,8,8.5,68.0,0
579792,15056BL,12714,2011-11-30,3,5.95,17.85,0
579792,20679,12714,2011-11-30,3,5.95,17.85,0
579792,21481,12714,2011-11-30,8,3.75,30.0,0
579792,22113,12714,2011-11-30,8,4.25,34.0,0
579792,84030E,12714,2011-11-30,4,4.25,17.0,0
579792,22899,12714,2011-11-30,6,2.1,12.6,0
579792,22326,12714,2011-11-30,12,2.95,35.4,0
579792,22328,12714,2011-11-30,6,2.95,17.7,0
579792,23209,12714,2011-11-30,10,1.65,16.5,0
579792,22662,12714,2011-11-30,10,1.65,16.5,0
579792,22558,12714,2011-11-30,12,1.65,19.8,0
579792,22348,12714,2011-11-30,12,0.85,10.2,0
579792,20676,12714,2011-11-30,8,1.25,10.0,0
579792,20677,12714,2011-11-30,8,1.25,10.0,0
579792,20675,12714,2011-11-30,8,1.25,10.0,0
579792,22634,12714,2011-11-30,4,9.95,39.8,0
579792,22635,12714,2011-11-30,6,9.95,59.7,0
579792,23256,12714,2011-11-30,8,4.15,33.2,0
579792,23254,12714,2011-11-30,8,4.15,33.2,0
579792,84997D,12714,2011-11-30,8,4.15,33.2,0
579792,23255,12714,2011-11-30,8,4.15,33.2,0
579792,22138,12714,2011-11-30,6,4.95,29.7,0
579792,22617,12714,2011-11-30,6,4.95,29.7,0
579792,21914,12714,2011-11-30,12,1.25,15.0,0
579792,23507,12714,2011-11-30,20,0.42,8.4,0
579792,23510,12714,2011-11-30,20,0.42,8.4,0
579792,POST,12714,2011-11-30,5,18.0,90.0,0
579870,21731,12437,2011-11-30,12,1.65,19.8,0
579870,23084,12437,2011-11-30,24,1.79,42.96,0
579870,21577,12437,2011-11-30,6,2.25,13.5,0
579870,22969,12437,2011-11-30,12,1.45,17.4,0
579870,21523,12437,2011-11-30,2,8.25,16.5,0
579870,23283,12437,2011-11-30,2,8.25,16.5,0
579870,22960,12437,2011-11-30,6,4.25,25.5,0
579870,22423,12437,2011-11-30,1,12.75,12.75,0
579870,22634,12437,2011-11-30,2,9.95,19.9,0
579870,22636,12437,2011-11-30,2,8.5,17.0,0
579870,84279P,12437,2011-11-30,4,3.75,15.0,0
579870,22551,12437,2011-11-30,12,1.65,19.8,0
579870,22554,12437,2011-11-30,12,1.65,19.8,0
579870,POST,12437,2011-11-30,2,18.0,36.0,0
580120,23084,12553,2011-12-01,48,1.79,85.92,0
580120,21731,12553,2011-12-01,24,1.65,39.6,0
580120,22355,12553,2011-12-01,10,0.85,8.5,0
580120,23390,12553,2011-12-01,8,4.15,33.2,0
580120,22385,12553,2011-12-01,10,2.08,20.8,0
580120,85099B,12553,2011-12-01,20,2.08,41.6,0
580120,22435,12553,2011-12-01,12,1.25,15.0,0
580120,22419,12553,2011-12-01,12,0.42,5.04,0
580120,51014L,12553,2011-12-01,24,0.39,9.36,0
580120,POST,12553,2011-12-01,1,18.0,18.0,0
580126,23318,12562,2011-12-01,12,2.49,29.88,0
580126,23319,12562,2011-12-01,12,2.49,29.88,0
580126,22821,12562,2011-12-01,12,0.65,7.8,0
580126,23354,12562,2011-12-01,24,0.83,19.92,0
580126,23437,12562,2011-12-01,12,1.25,15.0,0
580126,23545,12562,2011-12-01,25,0.42,10.5,0
580126,23349,12562,2011-12-01,12,1.25,15.0,0
580126,23084,12562,2011-12-01,96,1.79,171.84,0
580126,23076,12562,2011-12-01,24,1.25,30.0,0
580126,22752,12562,2011-12-01,10,8.5,85.0,0
580126,23494,12562,2011-12-01,3,5.95,17.85,0
580126,23493,12562,2011-12-01,10,1.95,19.5,0
580126,22728,12562,2011-12-01,4,3.75,15.0,0
580126,22727,12562,2011-12-01,4,3.75,15.0,0
580126,22726,12562,2011-12-01,4,3.75,15.0,0
580126,20726,12562,2011-12-01,10,1.65,16.5,0
580126,22662,12562,2011-12-01,10,1.65,16.5,0
580126,22974,12562,2011-12-01,12,1.65,19.8,0
580126,22972,12562,2011-12-01,12,1.65,19.8,0
580126,22970,12562,2011-12-01,6,2.55,15.3,0
580126,22301,12562,2011-12-01,6,2.55,15.3,0
580126,POST,12562,2011-12-01,3,18.0,54.0,0
580144,22557,12684,2011-12-02,24,1.65,39.6,0
580144,22553,12684,2011-12-02,24,1.65,39.6,0
580144,22728,12684,2011-12-02,12,3.75,45.0,0
580144,22620,12684,2011-12-02,12,1.45,17.4,0
580144,22556,12684,2011-12-02,12,1.65,19.8,0
580144,POST,12684,2011-12-02,1,18.0,18.0,0
580160,23480,12700,2011-12-02,4,3.75,15.0,0
580160,23571,12700,2011-12-02,12,1.65,19.8,0
580160,23582,12700,2011-12-02,10,2.08,20.8,0
580160,21544,12700,2011-12-02,12,0.85,10.2,0
580160,23084,12700,2011-12-02,48,1.79,85.92,0
580160,21731,12700,2011-12-02,12,1.65,19.8,0
580160,22379,12700,2011-12-02,5,2.1,10.5,0
580160,85099F,12700,2011-12-02,10,2.08,20.8,0
580160,23343,12700,2011-12-02,10,2.08,20.8,0
580160,23344,12700,2011-12-02,10,2.08,20.8,0
580160,22551,12700,2011-12-02,12,1.65,19.8,0
580160,22554,12700,2011-12-02,24,1.65,39.6,0
580160,22556,12700,2011-12-02,24,1.65,39.6,0
580160,22557,12700,2011-12-02,24,1.65,39.6,0
580160,22555,12700,2011-12-02,24,1.65,39.6,0
580160,22553,12700,2011-12-02,24,1.65,39.6,0
580160,22726,12700,2011-12-02,8,3.75,30.0,0
580160,22725,12700,2011-12-02,8,3.75,30.0,0
580160,22728,12700,2011-12-02,8,3.75,30.0,0
580160,22727,12700,2011-12-02,8,3.75,30.0,0
580160,22730,12700,2011-12-02,8,3.75,30.0,0
580160,22635,12700,2011-12-02,2,9.95,19.9,0
580160,23508,12700,2011-12-02,20,0.42,8.4,0
580160,23345,12700,2011-12-02,24,1.25,30.0,0
580160,22636,12700,2011-12-02,2,8.5,17.0,0
580160,22301,12700,2011-12-02,6,2.55,15.3,0
580160,22302,12700,2011-12-02,6,2.55,15.3,0
580160,22303,12700,2011-12-02,6,2.55,15.3,0
580160,22306,12700,2011-12-02,12,1.06,12.72,0
580160,23191,12700,2011-12-02,24,1.65,39.6,0
580160,23192,12700,2011-12-02,24,1.65,39.6,0
580160,20724,12700,2011-12-02,10,0.85,8.5,0
580160,22661,12700,2011-12-02,10,0.85,8.5,0
580160,22355,12700,2011-12-02,10,0.85,8.5,0
580160,20723,12700,2011-12-02,10,0.85,8.5,0
580160,21156,12700,2011-12-02,8,1.95,15.6,0
580160,22898,12700,2011-12-02,8,1.95,15.6,0
580160,22299,12700,2011-12-02,48,1.25,60.0,0
580160,22646,12700,2011-12-02,12,1.45,17.4,0
580160,22398,12700,2011-12-02,12,0.39,4.68,0
580160,22399,12700,2011-12-02,12,1.25,15.0,0
580160,22396,12700,2011-12-02,12,0.39,4.68,0
580160,22400,12700,2011-12-02,12,0.39,4.68,0
580160,22402,12700,2011-12-02,12,0.39,4.68,0
580160,23198,12700,2011-12-02,12,1.45,17.4,0
580160,22352,12700,2011-12-02,6,2.55,15.3,0
580160,21558,12700,2011-12-02,6,2.55,15.3,0
580160,21559,12700,2011-12-02,6,2.55,15.3,0
580160,21561,12700,2011-12-02,6,2.55,15.3,0
580160,23290,12700,2011-12-02,8,1.25,10.0,0
580160,22561,12700,2011-12-02,12,1.65,19.8,0
580160,21914,12700,2011-12-02,12,1.25,15.0,0
580160,23235,12700,2011-12-02,6,2.89,17.34,0
580160,23244,12700,2011-12-02,6,1.95,11.7,0
580160,23298,12700,2011-12-02,3,4.95,14.85,0
580160,47566,12700,2011-12-02,4,4.95,19.8,0
580160,POST,12700,2011-12-02,7,18.0,126.0,0
C580161,POST,12700,2011-12-02,-2,18.0,-36.0,1
C580263,M,12536,2011-12-02,-4,9.95,-39.8,1
C580263,M,12536,2011-12-02,-16,0.29,-4.64,1
C580263,70007,12536,2011-12-02,-12,1.65,-19.8,1
C580263,85175,12536,2011-12-02,-16,0.42,-6.72,1
C580263,84821,12536,2011-12-02,-12,0.85,-10.2,1
C580263,84819,12536,2011-12-02,-3,4.25,-12.75,1
C580263,84817,12536,2011-12-02,-12,2.1,-25.2,1
C580263,72586,12536,2011-12-02,-36,0.42,-15.12,1
C580263,22232,12536,2011-12-02,-16,0.59,-9.44,1
C580263,21934,12536,2011-12-02,-10,1.65,-16.5,1
C580263,21872,12536,2011-12-02,-12,1.06,-12.72,1
580285,23284,12695,2011-12-02,6,8.25,49.5,0
580285,84913B,12695,2011-12-02,4,4.65,18.6,0
580285,22357,12695,2011-12-02,4,4.25,17.0,0
580509,22376,12719,2011-12-04,4,4.25,17.0,0
580509,23556,12719,2011-12-04,3,12.5,37.5,0
580509,90201B,12719,2011-12-04,6,2.95,17.7,0
580509,22951,12719,2011-12-04,24,0.55,13.2,0
580509,47578A,12719,2011-12-04,10,0.85,8.5,0
580509,23367,12719,2011-12-04,16,0.65,10.4,0
580509,23366,12719,2011-12-04,16,0.65,10.4,0
580509,84580,12719,2011-12-04,4,3.75,15.0,0
580509,22138,12719,2011-12-04,3,4.95,14.85,0
580509,23504,12719,2011-12-04,12,1.25,15.0,0
580509,21790,12719,2011-12-04,12,0.85,10.2,0
580509,21892,12719,2011-12-04,12,1.25,15.0,0
580509,21914,12719,2011-12-04,12,1.25,15.0,0
580509,22549,12719,2011-12-04,12,1.45,17.4,0
580509,21791,12719,2011-12-04,12,1.25,15.0,0
580509,23077,12719,2011-12-04,20,1.25,25.0,0
580509,23368,12719,2011-12-04,24,0.65,15.6,0
580509,21623,12719,2011-12-04,2,9.95,19.9,0
580509,22111,12719,2011-12-04,3,4.95,14.85,0
580509,23356,12719,2011-12-04,3,5.95,17.85,0
580509,POST,12719,2011-12-04,2,18.0,36.0,0
580534,23084,12724,2011-12-04,18,2.08,37.44,0
580534,23199,12724,2011-12-04,10,2.08,20.8,0
580534,23480,12724,2011-12-04,8,3.75,30.0,0
580534,23569,12724,2011-12-04,8,4.95,39.6,0
580534,20712,12724,2011-12-04,10,2.08,20.8,0
580534,85099C,12724,2011-12-04,10,2.08,20.8,0
580534,22385,12724,2011-12-04,10,2.08,20.8,0
580534,POST,12724,2011-12-04,1,18.0,18.0,0
580536,21731,12490,2011-12-04,12,1.65,19.8,0
580536,21881,12490,2011-12-04,12,0.65,7.8,0
580536,20719,12490,2011-12-04,10,0.85,8.5,0
580536,22619,12490,2011-12-04,4,3.75,15.0,0
580536,23199,12490,2011-12-04,20,2.08,41.6,0
580536,23344,12490,2011-12-04,10,2.08,20.8,0
580536,23203,12490,2011-12-04,10,2.08,20.8,0
580536,23202,12490,2011-12-04,10,2.08,20.8,0
580536,22139,12490,2011-12-04,6,4.95,29.7,0
580536,23204,12490,2011-12-04,10,0.85,8.5,0
580536,20724,12490,2011-12-04,10,0.85,8.5,0
580536,22356,12490,2011-12-04,10,0.85,8.5,0
580536,22379,12490,2011-12-04,5,2.1,10.5,0
580536,22381,12490,2011-12-04,5,2.1,10.5,0
580536,16169E,12490,2011-12-04,25,0.42,10.5,0
580536,22704,12490,2011-12-04,25,0.42,10.5,0
580536,22966,12490,2011-12-04,12,1.25,15.0,0
580536,22898,12490,2011-12-04,8,1.95,15.6,0
580536,22302,12490,2011-12-04,6,2.55,15.3,0
580536,23115,12490,2011-12-04,6,4.95,29.7,0
580536,20682,12490,2011-12-04,6,3.25,19.5,0
580536,21156,12490,2011-12-04,8,1.95,15.6,0
580536,21880,12490,2011-12-04,12,0.65,7.8,0
580536,22090,12490,2011-12-04,6,2.95,17.7,0
580536,22628,12490,2011-12-04,4,4.95,19.8,0
580536,POST,12490,2011-12-04,3,18.0,54.0,0
580705,22816,12683,2011-12-05,12,0.42,5.04,0
580705,22303,12683,2011-12-05,24,2.55,61.2,0
580705,22972,12683,2011-12-05,12,1.65,19.8,0
580705,22895,12683,2011-12-05,12,3.25,39.0,0
580705,22973,12683,2011-12-05,12,1.65,19.8,0
580705,84997B,12683,2011-12-05,4,4.15,16.6,0
580705,84997D,12683,2011-12-05,4,4.15,16.6,0
580705,84997C,12683,2011-12-05,4,4.15,16.6,0
580705,22328,12683,2011-12-05,6,2.95,17.7,0
580705,23245,12683,2011-12-05,4,4.95,19.8,0
580705,22090,12683,2011-12-05,6,2.95,17.7,0
580705,21154,12683,2011-12-05,10,1.25,12.5,0
580705,21035,12683,2011-12-05,6,3.25,19.5,0
580705,22625,12683,2011-12-05,2,8.5,17.0,0
580705,22624,12683,2011-12-05,2,8.5,17.0,0
580705,22627,12683,2011-12-05,2,8.5,17.0,0
580705,22626,12683,2011-12-05,2,8.5,17.0,0
580705,21086,12683,2011-12-05,12,0.65,7.8,0
580705,21987,12683,2011-12-05,12,0.65,7.8,0
580705,21988,12683,2011-12-05,12,0.85,10.2,0
580705,21094,12683,2011-12-05,12,0.85,10.2,0
580705,21989,12683,2011-12-05,12,0.85,10.2,0
580705,21080,12683,2011-12-05,24,0.85,20.4,0
580705,22435,12683,2011-12-05,100,1.06,106.0,0
580705,23156,12683,2011-12-05,24,2.08,49.92,0
580705,22437,12683,2011-12-05,40,0.85,34.0,0
580705,23295,12683,2011-12-05,8,0.83,6.64,0
580705,23293,12683,2011-12-05,8,0.83,6.64,0
580705,23236,12683,2011-12-05,6,2.89,17.34,0
580705,23231,12683,2011-12-05,25,0.42,10.5,0
580705,23351,12683,2011-12-05,12,1.25,15.0,0
580705,23349,12683,2011-12-05,12,1.25,15.0,0
580705,POST,12683,2011-12-05,5,1.0,5.0,0
580705,23250,12683,2011-12-05,24,1.25,30.0,0
580706,POST,12683,2011-12-05,5,17.0,85.0,0
580736,23580,12716,2011-12-06,8,1.95,15.6,0
580736,23570,12716,2011-12-06,12,1.25,15.0,0
580736,21706,12716,2011-12-06,4,4.95,19.8,0
580736,21707,12716,2011-12-06,4,4.95,19.8,0
580736,22431,12716,2011-12-06,6,1.95,11.7,0
580736,47566,12716,2011-12-06,4,4.95,19.8,0
580736,22367,12716,2011-12-06,8,1.95,15.6,0
580736,22326,12716,2011-12-06,6,2.95,17.7,0
580736,22328,12716,2011-12-06,6,2.95,17.7,0
580736,79191C,12716,2011-12-06,12,0.85,10.2,0
580736,23245,12716,2011-12-06,4,4.95,19.8,0
580736,23115,12716,2011-12-06,3,4.95,14.85,0
580736,20676,12716,2011-12-06,8,1.25,10.0,0
580736,85114C,12716,2011-12-06,6,1.65,9.9,0
580736,22636,12716,2011-12-06,2,8.5,17.0,0
580736,22303,12716,2011-12-06,6,2.55,15.3,0
580736,22302,12716,2011-12-06,6,2.55,15.3,0
580736,22301,12716,2011-12-06,6,2.55,15.3,0
580736,22437,12716,2011-12-06,20,0.85,17.0,0
580736,22923,12716,2011-12-06,12,0.85,10.2,0
580736,22924,12716,2011-12-06,12,0.85,10.2,0
580736,22610,12716,2011-12-06,36,0.19,6.84,0
580736,23505,12716,2011-12-06,12,1.25,15.0,0
580736,POST,12716,2011-12-06,2,18.0,36.0,0
580753,20750,12682,2011-12-06,4,7.95,31.8,0
580753,21931,12682,2011-12-06,10,2.08,20.8,0
580753,85099B,12682,2011-12-06,10,2.08,20.8,0
580753,22423,12682,2011-12-06,1,12.75,12.75,0
580753,21242,12682,2011-12-06,8,1.69,13.52,0
580753,21243,12682,2011-12-06,8,1.69,13.52,0
580753,21239,12682,2011-12-06,8,0.85,6.8,0
580753,21240,12682,2011-12-06,8,0.85,6.8,0
580753,23040,12682,2011-12-06,3,5.75,17.25,0
580753,22596,12682,2011-12-06,24,0.39,9.36,0
580753,22456,12682,2011-12-06,3,4.95,14.85,0
580753,48185,12682,2011-12-06,2,8.25,16.5,0
580753,21770,12682,2011-12-06,2,4.95,9.9,0
580753,21977,12682,2011-12-06,24,0.55,13.2,0
580753,21212,12682,2011-12-06,24,0.55,13.2,0
580753,84375,12682,2011-12-06,12,2.1,25.2,0
580753,23163,12682,2011-12-06,8,2.49,19.92,0
580753,84378,12682,2011-12-06,12,1.45,17.4,0
580753,23020,12682,2011-12-06,1,12.5,12.5,0
580753,22966,12682,2011-12-06,12,1.25,15.0,0
580753,23084,12682,2011-12-06,24,1.79,42.96,0
580753,22556,12682,2011-12-06,12,1.65,19.8,0
580753,22551,12682,2011-12-06,24,1.65,39.6,0
580753,22555,12682,2011-12-06,12,1.65,19.8,0
580753,47566,12682,2011-12-06,8,4.95,39.6,0
580753,23192,12682,2011-12-06,12,1.65,19.8,0
580753,22139,12682,2011-12-06,6,4.95,29.7,0
580753,22138,12682,2011-12-06,6,4.95,29.7,0
580753,22467,12682,2011-12-06,12,2.55,30.6,0
580753,POST,12682,2011-12-06,3,18.0,54.0,0
580756,72800E,12723,2011-12-06,12,0.79,9.48,0
580756,23254,12723,2011-12-06,4,4.15,16.6,0
580756,23255,12723,2011-12-06,4,4.15,16.6,0
580756,23256,12723,2011-12-06,4,4.15,16.6,0
580756,POST,12723,2011-12-06,1,18.0,18.0,0
580986,22757,12650,2011-12-06,12,0.39,4.68,0
580986,22754,12650,2011-12-06,24,0.21,5.04,0
580986,22758,12650,2011-12-06,12,0.39,4.68,0
580986,22755,12650,2011-12-06,24,0.21,5.04,0
580986,22756,12650,2011-12-06,12,0.39,4.68,0
580986,22753,12650,2011-12-06,24,0.21,5.04,0
580986,22752,12650,2011-12-06,24,3.95,94.8,0
580986,22390,12650,2011-12-06,12,0.39,4.68,0
580986,21425,12650,2011-12-06,6,2.95,17.7,0
580986,21427,12650,2011-12-06,6,2.1,12.6,0
580986,22355,12650,2011-12-06,10,0.85,8.5,0
580986,21935,12650,2011-12-06,10,1.65,16.5,0
580986,22713,12650,2011-12-06,12,0.42,5.04,0
580986,22037,12650,2011-12-06,12,0.42,5.04,0
580986,22024,12650,2011-12-06,12,0.42,5.04,0
580986,22027,12650,2011-12-06,12,0.42,5.04,0
580986,22029,12650,2011-12-06,12,0.42,5.04,0
580986,23579,12650,2011-12-06,8,1.95,15.6,0
580986,22327,12650,2011-12-06,6,2.95,17.7,0
580986,POST,12650,2011-12-06,4,18.0,72.0,0
581001,23562,12583,2011-12-07,6,2.89,17.34,0
581001,22540,12583,2011-12-07,48,0.19,9.12,0
581001,22544,12583,2011-12-07,48,0.19,9.12,0
581001,23480,12583,2011-12-07,32,3.75,120.0,0
581001,23084,12583,2011-12-07,24,1.79,42.96,0
581001,23298,12583,2011-12-07,12,4.95,59.4,0
581001,22909,12583,2011-12-07,12,0.85,10.2,0
581001,22613,12583,2011-12-07,12,0.85,10.2,0
581001,22617,12583,2011-12-07,3,4.95,14.85,0
581001,23515,12583,2011-12-07,6,2.08,12.48,0
581001,22367,12583,2011-12-07,8,1.95,15.6,0
581001,POST,12583,2011-12-07,3,18.0,54.0,0
581001,21156,12583,2011-12-07,8,1.95,15.6,0
581001,22352,12583,2011-12-07,12,2.55,30.6,0
581001,21559,12583,2011-12-07,12,2.55,30.6,0
581001,22326,12583,2011-12-07,12,2.95,35.4,0
581001,23388,12583,2011-12-07,12,4.15,49.8,0
581001,22728,12583,2011-12-07,18,3.75,67.5,0
581001,22726,12583,2011-12-07,24,3.75,90.0,0
581171,23570,12615,2011-12-07,12,1.25,15.0,0
581171,22966,12615,2011-12-07,24,1.25,30.0,0
581171,20750,12615,2011-12-07,6,7.95,47.7,0
581171,85014B,12615,2011-12-07,3,5.95,17.85,0
581171,20682,12615,2011-12-07,12,3.25,39.0,0
581171,23118,12615,2011-12-07,4,7.5,30.0,0
581171,21481,12615,2011-12-07,4,3.75,15.0,0
581171,22027,12615,2011-12-07,12,0.42,5.04,0
581171,21509,12615,2011-12-07,12,0.42,5.04,0
581171,22028,12615,2011-12-07,12,0.42,5.04,0
581171,22029,12615,2011-12-07,12,0.42,5.04,0
581171,21258,12615,2011-12-07,2,12.75,25.5,0
581171,84077,12615,2011-12-07,48,0.29,13.92,0
581171,23154,12615,2011-12-07,12,2.08,24.96,0
581171,21889,12615,2011-12-07,12,1.25,15.0,0
581171,21891,12615,2011-12-07,12,1.45,17.4,0
581171,22620,12615,2011-12-07,12,1.45,17.4,0
581171,21914,12615,2011-12-07,12,1.25,15.0,0
581171,POST,12615,2011-12-07,2,18.0,36.0,0
581171,23084,12615,2011-12-07,24,1.79,42.96,0
581279,22215,12437,2011-12-08,12,2.95,35.4,0
581279,22423,12437,2011-12-08,6,12.75,76.5,0
581279,POST,12437,2011-12-08,3,18.0,54.0,0
C581316,23020,12523,2011-12-08,-1,12.5,-12.5,1
C581316,21531,12523,2011-12-08,-1,2.55,-2.55,1
C581316,23174,12523,2011-12-08,-1,4.15,-4.15,1
581587,22631,12680,2011-12-09,12,1.95,23.4,0
581587,22556,12680,2011-12-09,12,1.65,19.8,0
581587,22555,12680,2011-12-09,12,1.65,19.8,0
581587,22728,12680,2011-12-09,4,3.75,15.0,0
581587,22727,12680,2011-12-09,4,3.75,15.0,0
581587,22726,12680,2011-12-09,4,3.75,15.0,0
581587,22730,12680,2011-12-09,4,3.75,15.0,0
581587,22367,12680,2011-12-09,8,1.95,15.6,0
581587,22629,12680,2011-12-09,12,1.95,23.4,0
581587,23256,12680,2011-12-09,4,4.15,16.6,0
581587,22613,12680,2011-12-09,12,0.85,10.2,0
581587,22899,12680,2011-12-09,6,2.1,12.6,0
581587,23254,12680,2011-12-09,4,4.15,16.6,0
581587,23255,12680,2011-12-09,4,4.15,16.6,0
581587,22138,12680,2011-12-09,3,4.95,14.85,0
